[
	{
		"answer_explanation": "Option C is correct because it correctly declares a 2D array of doubles with 5 rows and 3 columns. The syntax `double[][] matrix = new double[5][3];` initializes the array with default values.",
		"answers": ["c7f8e9a0"],
		"choices": [
			{
				"key": "a1b2c3d4",
				"value": "`double[][] matrix = new double[3][5];`"
			},
			{
				"key": "e5f6g7h8",
				"value": "`double[5][3] matrix = new double[][];`"
			},
			{
				"key": "c7f8e9a0",
				"value": "`double[][] matrix = new double[5][3];`"
			},
			{
				"key": "i9j0k1l2",
				"value": "`double matrix = new double[5][3];`"
			}
		],
		"group_id": "",
		"illustration": "Code",
		"key_concept": "Declaring 2D arrays",
		"kind": "Standalone",
		"order": 0,
		"question": "Which of the following correctly declares a 2D array of doubles with 5 rows and 3 columns?",
		"question_difficulty": "Easy",
		"question_type": "SingleChoice",
		"tags": ["declaring-2d-arrays", "java", "arrays"],
		"target": "Exam"
	},
	{
		"answer_explanation": "Option D is correct because it initializes a 2D char array with characters 'A' to 'F' arranged in two rows.",
		"answers": ["m3n4o5p6"],
		"choices": [
			{
				"key": "j3k4l5m6",
				"value": "`char[][] letters = new char[2][3];`"
			},
			{
				"key": "n7o8p9q0",
				"value": "`char[][] letters = {{'A', 'B', 'C'}, {'D', 'E'}};`"
			},
			{
				"key": "p1q2r3s4",
				"value": "`char[] letters = {'A', 'B', 'C', 'D', 'E', 'F'};`"
			},
			{
				"key": "m3n4o5p6",
				"value": "`char[][] letters = {{'A', 'B', 'C'}, {'D', 'E', 'F'}};`"
			}
		],
		"group_id": "",
		"illustration": "Code",
		"key_concept": "Initializing 2D arrays",
		"kind": "Standalone",
		"order": 0,
		"question": "Which code snippet initializes a 2D char array with the characters 'A' to 'F'?",
		"question_difficulty": "Easy",
		"question_type": "SingleChoice",
		"tags": ["initializing-2d-arrays", "java", "2d-arrays"],
		"target": "Exam"
	},
	{
		"answer_explanation": "Option B is correct because `board[2][0]` accesses the element in the third row and first column, which is 'X'.",
		"answers": ["r9s0t1u2"],
		"choices": [
			{
				"key": "t5u6v7w8",
				"value": "'O'"
			},
			{
				"key": "r9s0t1u2",
				"value": "'X'"
			},
			{
				"key": "v5w6x7y8",
				"value": "' '"
			},
			{
				"key": "z9a0b1c2",
				"value": "An ArrayIndexOutOfBoundsException is thrown."
			}
		],
		"group_id": "",
		"illustration": "Code",
		"key_concept": "Accessing elements",
		"kind": "Standalone",
		"order": 0,
		"question": "Given the following 2D array representing a tic-tac-toe board:\n\n```java\nchar[][] board = {\n    {'X', 'O', 'X'},\n    {'O', 'X', 'O'},\n    {'X', ' ', ' '}\n};\n```\nWhat is the value of `board[2][0]`?",
		"question_difficulty": "Easy",
		"question_type": "SingleChoice",
		"tags": ["accessing-elements", "java", "2d-arrays"],
		"target": "Exam"
	},
	{
		"answer_explanation": "Option A is correct because it correctly swaps the elements `grid[0][0]` and `grid[1][1]`.",
		"answers": ["h5i6j7k8"],
		"choices": [
			{
				"key": "h5i6j7k8",
				"value": "```java\nint temp = grid[0][0];\ngrid[0][0] = grid[1][1];\ngrid[1][1] = temp;\n```"
			},
			{
				"key": "d1e2f3g4",
				"value": "```java\nint temp = grid[0];\ngrid[0] = grid[1];\ngrid[1] = temp;\n```"
			},
			{
				"key": "l9m0n1o2",
				"value": "```java\ngrid[0][0] = grid[1][1];\n```"
			},
			{
				"key": "p3q4r5s6",
				"value": "```java\nint temp = grid[0][1];\ngrid[0][1] = grid[1][0];\ngrid[1][0] = temp;\n```"
			}
		],
		"group_id": "",
		"illustration": "Code",
		"key_concept": "Modifying elements",
		"kind": "Standalone",
		"order": 0,
		"question": "How can you swap the elements at positions `[0][0]` and `[1][1]` in a 2D array `int[][] grid`?",
		"question_difficulty": "Medium",
		"question_type": "SingleChoice",
		"tags": ["modifying-elements", "java", "arrays"],
		"target": "Exam"
	},
	{
		"answer_explanation": "Option D is correct because the nested loops iterate over each column first, then each row, effectively traversing in column-major order.",
		"answers": ["t7u8v9w0"],
		"choices": [
			{
				"key": "a5b6c7d8",
				"value": "```java\nfor (int i = 0; i < data.length; i++) {\n    for (int j = 0; j < data[0].length; j++) {\n        System.out.print(data[i][j]);\n    }\n}\n```"
			},
			{
				"key": "e9f0g1h2",
				"value": "```java\nfor (int i = data.length - 1; i >= 0; i--) {\n    for (int j = data[0].length - 1; j >= 0; j--) {\n        System.out.print(data[i][j]);\n    }\n}\n```"
			},
			{
				"key": "i3j4k5l6",
				"value": "```java\nfor (int[] row : data) {\n    for (int val : row) {\n        System.out.print(val);\n    }\n}\n```"
			},
			{
				"key": "t7u8v9w0",
				"value": "```java\nfor (int j = 0; j < data[0].length; j++) {\n    for (int i = 0; i < data.length; i++) {\n        System.out.print(data[i][j]);\n    }\n}\n```"
			}
		],
		"group_id": "",
		"illustration": "Code",
		"key_concept": "Iterating through 2D arrays",
		"kind": "Standalone",
		"order": 0,
		"question": "Which code snippet correctly traverses a 2D array `int[][] data` in column-major order?",
		"question_difficulty": "Medium",
		"question_type": "SingleChoice",
		"tags": ["iterating-2d-arrays", "column-major", "java"],
		"target": "Exam"
	},
	{
		"answer_explanation": "Option B is correct because a 2D array is ideal for representing a chessboard, which has rows and columns.",
		"answers": ["x1y2z3a4"],
		"choices": [
			{
				"key": "b5c6d7e8",
				"value": "Implementing a singly linked list"
			},
			{
				"key": "x1y2z3a4",
				"value": "Creating a chessboard game"
			},
			{
				"key": "f9g0h1i2",
				"value": "Managing a stack of books"
			},
			{
				"key": "j3k4l5m6",
				"value": "Storing a list of unique usernames"
			}
		],
		"group_id": "",
		"illustration": "NotSet",
		"key_concept": "Common use cases",
		"kind": "Standalone",
		"order": 0,
		"question": "Which of the following is a common use case for a 2D array?",
		"question_difficulty": "Easy",
		"question_type": "SingleChoice",
		"tags": ["common-use-cases", "2d-arrays", "java"],
		"target": "Exam"
	},
	{
		"answer_explanation": "Option C is correct because it represents an image where each pixel's RGB values can be stored in a 2D array.",
		"answers": ["d3e4f5g6"],
		"choices": [
			{
				"key": "v5w6x7y8",
				"value": "Storing a sequence of timestamps"
			},
			{
				"key": "d3e4f5g6",
				"value": "Representing an image's pixel data"
			},
			{
				"key": "z9a0b1c2",
				"value": "Implementing a binary search tree"
			},
			{
				"key": "r1s2t3u4",
				"value": "Managing user login sessions"
			}
		],
		"group_id": "",
		"illustration": "NotSet",
		"key_concept": "Example applications",
		"kind": "Standalone",
		"order": 0,
		"question": "Which scenario is best suited for using a 2D array?",
		"question_difficulty": "Easy",
		"question_type": "SingleChoice",
		"tags": ["example-applications", "2d-arrays", "java"],
		"target": "Exam"
	},
	{
		"answer_explanation": "Option A is correct because it correctly calculates the average by summing all elements and dividing by the total number of elements.",
		"answers": ["h7i8j9k0"],
		"choices": [
			{
				"key": "h7i8j9k0",
				"value": "```java\ndouble sum = 0;\nint count = 0;\nfor (double[] row : data) {\n    for (double num : row) {\n        sum += num;\n        count++;\n    }\n}\ndouble average = sum / count;\n```"
			},
			{
				"key": "l1m2n3o4",
				"value": "```java\ndouble average = data.length / data[0].length;\n```"
			},
			{
				"key": "p5q6r7s8",
				"value": "```java\ndouble average = data[data.length / 2][data[0].length / 2];\n```"
			},
			{
				"key": "t9u0v1w2",
				"value": "```java\ndouble sum = 0;\nfor (int i = 0; i < data.length; i++) {\n    sum += data[i][i];\n}\ndouble average = sum / data.length;\n```"
			}
		],
		"group_id": "",
		"illustration": "Code",
		"key_concept": "Applying 2D arrays to solve problems",
		"kind": "Standalone",
		"order": 0,
		"question": "How can you calculate the average of all elements in a 2D array `double[][] data`?",
		"question_difficulty": "Hard",
		"question_type": "SingleChoice",
		"tags": ["calculating-average", "java", "2d-arrays"],
		"target": "Exam"
	},
	{
		"answer_explanation": "Option D is correct because the code fills the 2D array with consecutive numbers starting from 1.",
		"answers": ["b3c4d5e6"],
		"choices": [
			{
				"key": "f7g8h9i0",
				"value": "```java\nfor (int i = 0; i < arr.length; i++) {\n    for (int j = 0; j < arr[0].length; j++) {\n        arr[i][j] = i;\n    }\n}\n```"
			},
			{
				"key": "j1k2l3m4",
				"value": "```java\nfor (int[] row : arr) {\n    Arrays.fill(row, 1);\n}\n```"
			},
			{
				"key": "n5o6p7q8",
				"value": "```java\nint num = 1;\nfor (int[] row : arr) {\n    for (int val : row) {\n        val = num++;\n    }\n}\n```"
			},
			{
				"key": "b3c4d5e6",
				"value": "```java\nint num = 1;\nfor (int i = 0; i < arr.length; i++) {\n    for (int j = 0; j < arr[0].length; j++) {\n        arr[i][j] = num++;\n    }\n}\n```"
			}
		],
		"group_id": "",
		"illustration": "Code",
		"key_concept": "Modifying elements",
		"kind": "Standalone",
		"order": 0,
		"question": "Which code snippet fills a 2D array `int[][] arr` with consecutive numbers starting from 1?",
		"question_difficulty": "Medium",
		"question_type": "SingleChoice",
		"tags": ["modifying-elements", "java", "loops"],
		"target": "Exam"
	},
	{
		"answer_explanation": "Option B is correct because it prints the elements where the row and column indices sum to an even number.",
		"answers": ["e5f6g7h8"],
		"choices": [
			{
				"key": "a1b2c3d4",
				"value": "All elements in the first row"
			},
			{
				"key": "e5f6g7h8",
				"value": "Elements where row + column indices are even"
			},
			{
				"key": "i9j0k1l2",
				"value": "Diagonal elements only"
			},
			{
				"key": "m3n4o5p6",
				"value": "Elements in the last column"
			}
		],
		"group_id": "",
		"illustration": "Code",
		"key_concept": "Iterating through 2D arrays",
		"kind": "Standalone",
		"order": 0,
		"question": "What does the following code print from a 2D array `int[][] numbers`?\n\n```java\nfor (int i = 0; i < numbers.length; i++) {\n    for (int j = 0; j < numbers[0].length; j++) {\n        if ((i + j) % 2 == 0) {\n            System.out.print(numbers[i][j] + \" \");\n        }\n    }\n}\n```",
		"question_difficulty": "Hard",
		"question_type": "SingleChoice",
		"tags": ["iterating-2d-arrays", "java", "conditional"],
		"target": "Exam"
	},
	{
		"answer_explanation": "Option D is correct because it declares a jagged 2D array where each row can have a different length.",
		"answers": ["c7f8e9a0"],
		"choices": [
			{
				"key": "p1q2r3s4",
				"value": "`int[][] jagged = new int[][4];`"
			},
			{
				"key": "t5u6v7w8",
				"value": "`int[][] jagged = new int[4][];`"
			},
			{
				"key": "i9j0k1l2",
				"value": "`int[][] jagged = new int[4][4];`"
			},
			{
				"key": "c7f8e9a0",
				"value": "`int[][] jagged = new int[4][];`"
			}
		],
		"group_id": "",
		"illustration": "Code",
		"key_concept": "Declaring jagged arrays",
		"kind": "Standalone",
		"order": 0,
		"question": "How do you declare a jagged 2D array in Java where each row has a different number of columns?",
		"question_difficulty": "Hard",
		"question_type": "SingleChoice",
		"tags": ["jagged-arrays", "declaring-arrays", "java"],
		"target": "Exam"
	},
	{
		"answer_explanation": "Option A is correct because it correctly checks if all elements are positive by iterating through each element.",
		"answers": ["n5o6p7q8"],
		"choices": [
			{
				"key": "n5o6p7q8",
				"value": "```java\nboolean allPositive = true;\nfor (int[] row : matrix) {\n    for (int num : row) {\n        if (num <= 0) {\n            allPositive = false;\n            break;\n        }\n    }\n    if (!allPositive) break;\n}\n```"
			},
			{
				"key": "f9g0h1i2",
				"value": "```java\nboolean allPositive = matrix.length > 0;\n```"
			},
			{
				"key": "j3k4l5m6",
				"value": "```java\nboolean allPositive = matrix[0][0] > 0;\n```"
			},
			{
				"key": "b5c6d7e8",
				"value": "```java\nboolean allPositive = true;\nfor (int i = 0; i < matrix.length; i++) {\n    if (matrix[i][i] <= 0) {\n        allPositive = false;\n        break;\n    }\n}\n```"
			}
		],
		"group_id": "",
		"illustration": "Code",
		"key_concept": "Applying 2D arrays to solve problems",
		"kind": "Standalone",
		"order": 0,
		"question": "Which code snippet checks if all elements in a 2D array `int[][] matrix` are positive numbers?",
		"question_difficulty": "Medium",
		"question_type": "SingleChoice",
		"tags": ["checking-elements", "java", "2d-arrays"],
		"target": "Exam"
	},
	{
		"answer_explanation": "Option C is correct because an enhanced for loop simplifies traversal of 2D arrays.",
		"answers": ["v3w4x5y6"],
		"choices": [
			{
				"key": "l9m0n1o2",
				"value": "Enhanced for loops cannot be used with 2D arrays."
			},
			{
				"key": "p3q4r5s6",
				"value": "They make the code run faster."
			},
			{
				"key": "v3w4x5y6",
				"value": "They simplify the syntax for traversing elements."
			},
			{
				"key": "t7u8v9w0",
				"value": "They allow modification of the array's size during iteration."
			}
		],
		"group_id": "",
		"illustration": "NotSet",
		"key_concept": "Iterating through 2D arrays",
		"kind": "Standalone",
		"order": 0,
		"question": "What is an advantage of using enhanced for loops when traversing a 2D array in Java?",
		"question_difficulty": "Easy",
		"question_type": "SingleChoice",
		"tags": ["enhanced-for-loop", "java", "2d-arrays"],
		"target": "Exam"
	},
	{
		"answer_explanation": "Option B is correct because the code correctly initializes each row with a different length, creating a jagged array.",
		"answers": ["z7a8b9c0"],
		"choices": [
			{
				"key": "z7a8b9c0",
				"value": "```java\nint[][] jagged = new int[3][];\njagged[0] = new int[2];\njagged[1] = new int[4];\njagged[2] = new int[3];\n```"
			},
			{
				"key": "d1e2f3g4",
				"value": "```java\nint[][] jagged = new int[][];\n```"
			},
			{
				"key": "h5i6j7k8",
				"value": "```java\nint[][] jagged = new int[3][3];\n```"
			},
			{
				"key": "l9m0n1o2",
				"value": "```java\nint[][] jagged = {{1,2},{3,4,5},{6}};\n```"
			}
		],
		"group_id": "",
		"illustration": "Code",
		"key_concept": "Initializing jagged arrays",
		"kind": "Standalone",
		"order": 0,
		"question": "Which code snippet correctly initializes a jagged 2D array in Java?",
		"question_difficulty": "Hard",
		"question_type": "SingleChoice",
		"tags": ["jagged-arrays", "initializing", "java"],
		"target": "Exam"
	},
	{
		"answer_explanation": "Option D is correct because it reverses each row in the 2D array.",
		"answers": ["r1s2t3u4"],
		"choices": [
			{
				"key": "r1s2t3u4",
				"value": "```java\nfor (int[] row : data) {\n    for (int i = 0; i < row.length / 2; i++) {\n        int temp = row[i];\n        row[i] = row[row.length - i - 1];\n        row[row.length - i - 1] = temp;\n    }\n}\n```"
			},
			{
				"key": "v5w6x7y8",
				"value": "```java\nArrays.reverse(data);\n```"
			},
			{
				"key": "z9a0b1c2",
				"value": "```java\nfor (int i = 0; i < data.length / 2; i++) {\n    int[] temp = data[i];\n    data[i] = data[data.length - i - 1];\n    data[data.length - i - 1] = temp;\n}\n```"
			},
			{
				"key": "d3e4f5g6",
				"value": "```java\nfor (int[] row : data) {\n    Arrays.sort(row);\n}\n```"
			}
		],
		"group_id": "",
		"illustration": "Code",
		"key_concept": "Modifying elements",
		"kind": "Standalone",
		"order": 0,
		"question": "How can you reverse each row in a 2D array `int[][] data`?",
		"question_difficulty": "Hard",
		"question_type": "SingleChoice",
		"tags": ["modifying-elements", "java", "arrays"],
		"target": "Exam"
	},
	{
		"answer_explanation": "Option A is correct because it sums the elements of the first column by fixing `j` at 0.",
		"answers": ["h7i8j9k0"],
		"choices": [
			{
				"key": "h7i8j9k0",
				"value": "```java\nint sum = 0;\nfor (int i = 0; i < arr.length; i++) {\n    sum += arr[i][0];\n}\n```"
			},
			{
				"key": "l1m2n3o4",
				"value": "```java\nint sum = 0;\nfor (int j = 0; j < arr[0].length; j++) {\n    sum += arr[0][j];\n}\n```"
			},
			{
				"key": "p5q6r7s8",
				"value": "```java\nint sum = arr[0][0];\n```"
			},
			{
				"key": "t9u0v1w2",
				"value": "```java\nint sum = arr.length * arr[0][0];\n```"
			}
		],
		"group_id": "",
		"illustration": "Code",
		"key_concept": "Accessing elements",
		"kind": "Standalone",
		"order": 0,
		"question": "How can you calculate the sum of all elements in the first column of a 2D array `int[][] arr`?",
		"question_difficulty": "Medium",
		"question_type": "SingleChoice",
		"tags": ["summing-elements", "java", "2d-arrays"],
		"target": "Exam"
	}
]
