[
	{
		"answer_explanation": "Option D is correct because method1 reverses the rows of the matrix, while method2 reverses the columns. Therefore, matrix1 is a reflection of matrix2 across a horizontal line.",
		"answers": ["e4d3c2b1"],
		"choices": [
			{
				"key": "a1b2c3d4",
				"value": "matrix1 is identical to matrix2."
			},
			{
				"key": "f5g6h7i8",
				"value": "The rows of matrix1 are the columns of matrix2."
			},
			{
				"key": "j9k8l7m6",
				"value": "matrix1 is a vertical reflection of matrix2."
			},
			{
				"key": "e4d3c2b1",
				"value": "matrix1 is a horizontal reflection of matrix2."
			},
			{
				"key": "n5o4p3q2",
				"value": "The rows of matrix1 are in reverse order of matrix2."
			}
		],
		"group_id": "",
		"illustration": "Code",
		"key_concept": "Matrix manipulation",
		"kind": "Standalone",
		"order": 0,
		"question": "Consider two methods, `method1` and `method2`, that manipulate a 2D array `int[][] mat`:\n\n```java\npublic static int[][] method1(int[][] mat) {\n    int numRows = mat.length;\n    int numCols = mat[0].length;\n    int[][] newMat = new int[numRows][numCols];\n    for (int row = 0; row < numRows; row++) {\n        for (int col = 0; col < numCols; col++) {\n            newMat[numRows - row - 1][col] = mat[row][col];\n        }\n    }\n    return newMat;\n}\n\npublic static int[][] method2(int[][] mat) {\n    int numRows = mat.length;\n    int numCols = mat[0].length;\n    int[][] newMat = new int[numRows][numCols];\n    for (int row = 0; row < numRows; row++) {\n        for (int col = 0; col < numCols; col++) {\n            newMat[row][numCols - col - 1] = mat[row][col];\n        }\n    }\n    return newMat;\n}\n```\n\nIf `matrix1` is the result of `method1(mat)` and `matrix2` is the result of `method2(mat)`, which statement is true?",
		"question_difficulty": "Hard",
		"question_type": "SingleChoice",
		"tags": ["matrix-manipulation", "2d-arrays", "java"],
		"target": "Exam"
	},
	{
		"answer_explanation": "Option C is correct because the method sums all elements in the lower triangle of a square matrix, where the column index is less than or equal to the row index.",
		"answers": ["u7v8w9x0"],
		"choices": [
			{
				"key": "o1p2q3r4",
				"value": "It calculates the sum of all elements."
			},
			{
				"key": "s5t6u7v8",
				"value": "It sums the diagonal elements only."
			},
			{
				"key": "u7v8w9x0",
				"value": "It sums all elements where column ≤ row."
			},
			{
				"key": "y9z0a1b2",
				"value": "It sums all elements where column ≥ row."
			},
			{
				"key": "c3d4e5f6",
				"value": "It calculates the product of all elements."
			}
		],
		"group_id": "",
		"illustration": "Code",
		"key_concept": "Iterating specific parts of 2D arrays",
		"kind": "Standalone",
		"order": 0,
		"question": "What does the following method compute for a square matrix `int[][] mat`?\n\n```java\npublic static int compute(int[][] mat) {\n    int sum = 0;\n    for (int row = 0; row < mat.length; row++) {\n        for (int col = 0; col <= row; col++) {\n            sum += mat[row][col];\n        }\n    }\n    return sum;\n}\n```",
		"question_difficulty": "Medium",
		"question_type": "SingleChoice",
		"tags": ["iterating-2d-arrays", "java", "nested-loops"],
		"target": "Exam"
	},
	{
		"answer_explanation": "Option B is correct because the method checks if the matrix is symmetric with respect to the main diagonal.",
		"answers": ["k1l2m3n4"],
		"choices": [
			{
				"key": "g5h6i7j8",
				"value": "Determines if all elements are zero."
			},
			{
				"key": "k1l2m3n4",
				"value": "Checks if the matrix is symmetric."
			},
			{
				"key": "o9p0q1r2",
				"value": "Calculates the sum of diagonal elements."
			},
			{
				"key": "s3t4u5v6",
				"value": "Checks if the matrix is square."
			},
			{
				"key": "w7x8y9z0",
				"value": "Finds the transpose of the matrix."
			}
		],
		"group_id": "",
		"illustration": "Code",
		"key_concept": "Matrix symmetry",
		"kind": "Standalone",
		"order": 0,
		"question": "What does the following method determine about a 2D array `int[][] mat`?\n\n```java\npublic static boolean isSymmetric(int[][] mat) {\n    for (int i = 0; i < mat.length; i++) {\n        for (int j = 0; j < mat[0].length; j++) {\n            if (mat[i][j] != mat[j][i]) {\n                return false;\n            }\n        }\n    }\n    return true;\n}\n```",
		"question_difficulty": "Hard",
		"question_type": "SingleChoice",
		"tags": ["matrix-symmetry", "2d-arrays", "java"],
		"target": "Exam"
	},
	{
		"answer_explanation": "Option E is correct because the method rotates the matrix 90 degrees clockwise.",
		"answers": ["d9e8f7g6"],
		"choices": [
			{
				"key": "a1b2c3d4",
				"value": "Transposes the matrix."
			},
			{
				"key": "h5i6j7k8",
				"value": "Reflects the matrix horizontally."
			},
			{
				"key": "l9m0n1o2",
				"value": "Reflects the matrix vertically."
			},
			{
				"key": "p3q4r5s6",
				"value": "Rotates the matrix 180 degrees."
			},
			{
				"key": "d9e8f7g6",
				"value": "Rotates the matrix 90 degrees clockwise."
			}
		],
		"group_id": "",
		"illustration": "Code",
		"key_concept": "Matrix rotation",
		"kind": "Standalone",
		"order": 0,
		"question": "What does the following method accomplish on a square matrix `int[][] mat`?\n\n```java\npublic static int[][] rotate(int[][] mat) {\n    int n = mat.length;\n    int[][] newMat = new int[n][n];\n    for (int i = 0; i < n; i++) {\n        for (int j = 0; j < n; j++) {\n            newMat[j][n - i - 1] = mat[i][j];\n        }\n    }\n    return newMat;\n}\n```",
		"question_difficulty": "Hard",
		"question_type": "SingleChoice",
		"tags": ["matrix-rotation", "2d-arrays", "java"],
		"target": "Exam"
	},
	{
		"answer_explanation": "Option A is correct because the method counts the number of zero elements in the matrix.",
		"answers": ["t8u7v6w5"],
		"choices": [
			{
				"key": "t8u7v6w5",
				"value": "Counts the number of zero elements."
			},
			{
				"key": "x4y3z2a1",
				"value": "Finds the maximum element."
			},
			{
				"key": "b9c8d7e6",
				"value": "Calculates the sum of all elements."
			},
			{
				"key": "f5g4h3i2",
				"value": "Checks if all elements are positive."
			},
			{
				"key": "j1k2l3m4",
				"value": "Counts the number of negative elements."
			}
		],
		"group_id": "",
		"illustration": "Code",
		"key_concept": "Counting specific elements",
		"kind": "Standalone",
		"order": 0,
		"question": "What does the following method compute for a 2D array `int[][] mat`?\n\n```java\npublic static int countZeros(int[][] mat) {\n    int count = 0;\n    for (int[] row : mat) {\n        for (int num : row) {\n            if (num == 0) {\n                count++;\n            }\n        }\n    }\n    return count;\n}\n```",
		"question_difficulty": "Medium",
		"question_type": "SingleChoice",
		"tags": ["counting-elements", "2d-arrays", "java"],
		"target": "Exam"
	},
	{
		"answer_explanation": "Option C is correct because it sums the elements of the secondary diagonal where the sum of row and column indices equals the size minus one.",
		"answers": ["n2m3l4k5"],
		"choices": [
			{
				"key": "o6p7q8r9",
				"value": "Sum of the main diagonal elements."
			},
			{
				"key": "s1t2u3v4",
				"value": "Sum of all elements."
			},
			{
				"key": "n2m3l4k5",
				"value": "Sum of the secondary diagonal elements."
			},
			{
				"key": "w5x6y7z8",
				"value": "Product of diagonal elements."
			},
			{
				"key": "a9b8c7d6",
				"value": "Difference between diagonals."
			}
		],
		"group_id": "",
		"illustration": "Code",
		"key_concept": "Accessing diagonal elements",
		"kind": "Standalone",
		"order": 0,
		"question": "What does the following method compute for a square matrix `int[][] mat`?\n\n```java\npublic static int sumSecondaryDiagonal(int[][] mat) {\n    int sum = 0;\n    int n = mat.length;\n    for (int i = 0; i < n; i++) {\n        sum += mat[i][n - i - 1];\n    }\n    return sum;\n}\n```",
		"question_difficulty": "Medium",
		"question_type": "SingleChoice",
		"tags": ["diagonal-elements", "2d-arrays", "java"],
		"target": "Exam"
	},
	{
		"answer_explanation": "Option B is correct because the method checks for the presence of a target value in the matrix.",
		"answers": ["g1h2i3j4"],
		"choices": [
			{
				"key": "e5f6g7h8",
				"value": "Calculates the sum of elements."
			},
			{
				"key": "g1h2i3j4",
				"value": "Searches for a target value."
			},
			{
				"key": "k5l6m7n8",
				"value": "Sorts the matrix elements."
			},
			{
				"key": "o9p0q1r2",
				"value": "Finds the maximum value."
			},
			{
				"key": "s3t4u5v6",
				"value": "Replaces all negative values with zero."
			}
		],
		"group_id": "",
		"illustration": "Code",
		"key_concept": "Searching in 2D arrays",
		"kind": "Standalone",
		"order": 0,
		"question": "What is the purpose of the following method applied to `int[][] mat` and `int target`?\n\n```java\npublic static boolean contains(int[][] mat, int target) {\n    for (int[] row : mat) {\n        for (int num : row) {\n            if (num == target) {\n                return true;\n            }\n        }\n    }\n    return false;\n}\n```",
		"question_difficulty": "Easy",
		"question_type": "SingleChoice",
		"tags": ["searching-2d-arrays", "java", "arrays"],
		"target": "Exam"
	},
	{
		"answer_explanation": "Option D is correct because the method transposes the matrix by swapping rows and columns.",
		"answers": ["y6x5w4v3"],
		"choices": [
			{
				"key": "a1s2d3f4",
				"value": "Rotates the matrix 90 degrees."
			},
			{
				"key": "g7h8j9k0",
				"value": "Reverses each row."
			},
			{
				"key": "l1k2j3h4",
				"value": "Reverses each column."
			},
			{
				"key": "y6x5w4v3",
				"value": "Transposes the matrix."
			},
			{
				"key": "n9m8b7v6",
				"value": "Doubles each element."
			}
		],
		"group_id": "",
		"illustration": "Code",
		"key_concept": "Matrix transposition",
		"kind": "Standalone",
		"order": 0,
		"question": "What does the following method do to a 2D array `int[][] mat`?\n\n```java\npublic static int[][] transpose(int[][] mat) {\n    int numRows = mat.length;\n    int numCols = mat[0].length;\n    int[][] newMat = new int[numCols][numRows];\n    for (int i = 0; i < numRows; i++) {\n        for (int j = 0; j < numCols; j++) {\n            newMat[j][i] = mat[i][j];\n        }\n    }\n    return newMat;\n}\n```",
		"question_difficulty": "Medium",
		"question_type": "SingleChoice",
		"tags": ["matrix-transpose", "2d-arrays", "java"],
		"target": "Exam"
	},
	{
		"answer_explanation": "Option A is correct because the code fills the matrix with random integers between 1 and 100.",
		"answers": ["q2w3e4r5"],
		"choices": [
			{
				"key": "q2w3e4r5",
				"value": "Fills the matrix with random integers from 1 to 100."
			},
			{
				"key": "t6y7u8i9",
				"value": "Sets all elements to zero."
			},
			{
				"key": "o0p9i8u7",
				"value": "Creates an identity matrix."
			},
			{
				"key": "y6t5r4e3",
				"value": "Fills the matrix with sequential numbers starting at 1."
			},
			{
				"key": "w2q1a2s3",
				"value": "Leaves the matrix uninitialized."
			}
		],
		"group_id": "",
		"illustration": "Code",
		"key_concept": "Initializing 2D arrays",
		"kind": "Standalone",
		"order": 0,
		"question": "What does the following code accomplish for a 2D array `int[][] mat`?\n\n```java\nRandom rand = new Random();\nfor (int i = 0; i < mat.length; i++) {\n    for (int j = 0; j < mat[0].length; j++) {\n        mat[i][j] = rand.nextInt(100) + 1;\n    }\n}\n```",
		"question_difficulty": "Easy",
		"question_type": "SingleChoice",
		"tags": ["initializing-arrays", "java", "random-numbers"],
		"target": "Exam"
	},
	{
		"answer_explanation": "Option B is correct because the method counts the number of even numbers in the matrix.",
		"answers": ["k6j5h4g3"],
		"choices": [
			{
				"key": "m7n8b9v0",
				"value": "Counts the number of odd numbers."
			},
			{
				"key": "k6j5h4g3",
				"value": "Counts the number of even numbers."
			},
			{
				"key": "f2d3s4a5",
				"value": "Calculates the sum of even numbers."
			},
			{
				"key": "p9o8i7u6",
				"value": "Finds the largest even number."
			},
			{
				"key": "y5t4r3e2",
				"value": "Checks if all numbers are even."
			}
		],
		"group_id": "",
		"illustration": "Code",
		"key_concept": "Counting specific elements",
		"kind": "Standalone",
		"order": 0,
		"question": "What does the following method compute for `int[][] mat`?\n\n```java\npublic static int countEven(int[][] mat) {\n    int count = 0;\n    for (int[] row : mat) {\n        for (int num : row) {\n            if (num % 2 == 0) {\n                count++;\n            }\n        }\n    }\n    return count;\n}\n```",
		"question_difficulty": "Easy",
		"question_type": "SingleChoice",
		"tags": ["counting-elements", "java", "2d-arrays"],
		"target": "Exam"
	},
	{
		"answer_explanation": "Option D is correct because the method flattens the 2D array into a 1D array.",
		"answers": ["e8f7g6h5"],
		"choices": [
			{
				"key": "a2s3d4f5",
				"value": "Expands the array to 3D."
			},
			{
				"key": "i9o8p7q6",
				"value": "Transposes the matrix."
			},
			{
				"key": "l5k4j3h2",
				"value": "Reverses the elements in each row."
			},
			{
				"key": "e8f7g6h5",
				"value": "Converts the 2D array into a 1D array."
			},
			{
				"key": "t1y2u3i4",
				"value": "Finds the sum of all elements."
			}
		],
		"group_id": "",
		"illustration": "Code",
		"key_concept": "Flattening arrays",
		"kind": "Standalone",
		"order": 0,
		"question": "What does the following method accomplish with `int[][] mat`?\n\n```java\npublic static int[] flatten(int[][] mat) {\n    int total = mat.length * mat[0].length;\n    int[] flat = new int[total];\n    int index = 0;\n    for (int[] row : mat) {\n        for (int num : row) {\n            flat[index++] = num;\n        }\n    }\n    return flat;\n}\n```",
		"question_difficulty": "Medium",
		"question_type": "SingleChoice",
		"tags": ["flattening-arrays", "java", "arrays"],
		"target": "Exam"
	},
	{
		"answer_explanation": "Option C is correct because it finds the maximum element in the 2D array.",
		"answers": ["s6d5f4g3"],
		"choices": [
			{
				"key": "q1w2e3r4",
				"value": "Calculates the average of all elements."
			},
			{
				"key": "t5y6u7i8",
				"value": "Finds the minimum element."
			},
			{
				"key": "s6d5f4g3",
				"value": "Finds the maximum element."
			},
			{
				"key": "h9j8k7l6",
				"value": "Counts the number of elements."
			},
			{
				"key": "z3x2c1v0",
				"value": "Checks if elements are sorted."
			}
		],
		"group_id": "",
		"illustration": "Code",
		"key_concept": "Finding extreme values",
		"kind": "Standalone",
		"order": 0,
		"question": "What does the following method determine for `int[][] mat`?\n\n```java\npublic static int findMax(int[][] mat) {\n    int max = Integer.MIN_VALUE;\n    for (int[] row : mat) {\n        for (int num : row) {\n            if (num > max) {\n                max = num;\n            }\n        }\n    }\n    return max;\n}\n```",
		"question_difficulty": "Easy",
		"question_type": "SingleChoice",
		"tags": ["finding-max", "java", "2d-arrays"],
		"target": "Exam"
	},
	{
		"answer_explanation": "Option A is correct because the code creates a jagged array where each row has an increasing length.",
		"answers": ["n1b2v3c4"],
		"choices": [
			{
				"key": "n1b2v3c4",
				"value": "Creates a triangular jagged array."
			},
			{
				"key": "x5z6a7s8",
				"value": "Initializes a rectangular array."
			},
			{
				"key": "d9f8g7h6",
				"value": "Creates a square matrix."
			},
			{
				"key": "j3k4l5m6",
				"value": "Generates an identity matrix."
			},
			{
				"key": "p0o9i8u7",
				"value": "Creates an empty array."
			}
		],
		"group_id": "",
		"illustration": "Code",
		"key_concept": "Initializing jagged arrays",
		"kind": "Standalone",
		"order": 0,
		"question": "What does the following code accomplish?\n\n```java\nint[][] jagged = new int[5][];\nfor (int i = 0; i < jagged.length; i++) {\n    jagged[i] = new int[i + 1];\n}\n```",
		"question_difficulty": "Medium",
		"question_type": "SingleChoice",
		"tags": ["jagged-arrays", "initializing", "java"],
		"target": "Exam"
	},
	{
		"answer_explanation": "Option D is correct because it sums elements where the row index is less than the column index.",
		"answers": ["e4r5t6y7"],
		"choices": [
			{
				"key": "q1w2e3r4",
				"value": "Sum of the main diagonal elements."
			},
			{
				"key": "t5y6u7i8",
				"value": "Sum of all elements."
			},
			{
				"key": "a9s8d7f6",
				"value": "Sum of elements in the lower triangle."
			},
			{
				"key": "e4r5t6y7",
				"value": "Sum of elements where row < column."
			},
			{
				"key": "g5h6j7k8",
				"value": "Sum of elements in even rows."
			}
		],
		"group_id": "",
		"illustration": "Code",
		"key_concept": "Iterating specific parts of 2D arrays",
		"kind": "Standalone",
		"order": 0,
		"question": "What does the following method compute for a square matrix `int[][] mat`?\n\n```java\npublic static int computeSum(int[][] mat) {\n    int sum = 0;\n    for (int i = 0; i < mat.length; i++) {\n        for (int j = i + 1; j < mat[0].length; j++) {\n            sum += mat[i][j];\n        }\n    }\n    return sum;\n}\n```",
		"question_difficulty": "Hard",
		"question_type": "SingleChoice",
		"tags": ["iterating-2d-arrays", "java", "upper-triangle"],
		"target": "Exam"
	},
	{
		"answer_explanation": "Option B is correct because the method finds the row with the maximum sum.",
		"answers": ["u8i7o6p5"],
		"choices": [
			{
				"key": "q2w3e4r5",
				"value": "Finds the column with the maximum sum."
			},
			{
				"key": "u8i7o6p5",
				"value": "Finds the row with the maximum sum."
			},
			{
				"key": "a1s2d3f4",
				"value": "Calculates the total sum of the matrix."
			},
			{
				"key": "g5h6j7k8",
				"value": "Finds the element with the maximum value."
			},
			{
				"key": "l9k8j7h6",
				"value": "Checks if all rows have the same sum."
			}
		],
		"group_id": "",
		"illustration": "Code",
		"key_concept": "Analyzing rows in 2D arrays",
		"kind": "Standalone",
		"order": 0,
		"question": "What is the purpose of the following method applied to `int[][] mat`?\n\n```java\npublic static int maxRowSum(int[][] mat) {\n    int maxSum = Integer.MIN_VALUE;\n    for (int[] row : mat) {\n        int sum = 0;\n        for (int num : row) {\n            sum += num;\n        }\n        if (sum > maxSum) {\n            maxSum = sum;\n        }\n    }\n    return maxSum;\n}\n```",
		"question_difficulty": "Medium",
		"question_type": "SingleChoice",
		"tags": ["row-analysis", "java", "2d-arrays"],
		"target": "Exam"
	}
]
