[
	{
		"answer_explanation": "Adjusting the loop condition to `i < list.size() / 2` ensures that each element is swapped only once, effectively reversing the list without returning elements to their original positions. Swapping the statements inside the loop does not fix the issue and may cause incorrect swapping. Replacing `list.set(list.size() - i - 1, temp);` with `list.set(list.size() - i - 1, list.get(i));` leads to data loss because the original value at `list.get(i)` is overwritten before it's assigned elsewhere. Therefore, only the first modification corrects the method.",
		"answers": ["a1b2c3d4"],
		"choices": [
			{ "key": "a1b2c3d4", "value": "I only" },
			{ "key": "e5f6g7h8", "value": "II only" },
			{ "key": "i9j0k1l2", "value": "III only" },
			{ "key": "m3n4o5p6", "value": "I and II only" },
			{ "key": "q7r8s9t0", "value": "I, II, and III" }
		],
		"group_id": "",
		"illustration": "Code",
		"key_concept": "Correcting algorithms, in-place reversal, loop conditions",
		"kind": "Standalone",
		"order": 0,
		"question": "Consider the following method intended to reverse an `ArrayList<Integer>` in place:\n\n```java\npublic void reverse(ArrayList<Integer> list) {\n    for (int i = 0; i < list.size(); i++) {\n        int temp = list.get(i);\n        list.set(i, list.get(list.size() - i - 1));\n        list.set(list.size() - i - 1, temp);\n    }\n}\n```\n\nThe method does not work as intended. Which of the following changes to the code would correct the method?\n\nI. Change the loop condition to `i < list.size() / 2`\nII. Swap the statements inside the loop\nIII. Replace `list.set(list.size() - i - 1, temp);` with `list.set(list.size() - i - 1, list.get(i));`\n\nSelect all that apply.",
		"question_difficulty": "Hard",
		"question_type": "MultipleChoice",
		"tags": ["java", "arraylist", "loop-condition", "algorithm-correction"],
		"target": "Exam"
	},
	{
		"answer_explanation": "Using a `StringBuilder` instead of a `String` for concatenation improves performance, especially in loops. Changing the loop to iterate from the end (`for (int i = list.size() - 1; i >= 0; i--)`) avoids index shifting issues caused by removal of elements. Replacing `list.remove(i)` with `list.remove(0)` ensures that each removal starts from the beginning, preventing skipping of elements due to shifting indices. Therefore, the first and second modifications fix the issues.",
		"answers": ["x7y8z9w0", "d1e2f3g4"],
		"choices": [
			{ "key": "a9b8c7d6", "value": "I only" },
			{ "key": "x7y8z9w0", "value": "II only" },
			{ "key": "d1e2f3g4", "value": "I and II only" },
			{ "key": "h5i6j7k8", "value": "III only" },
			{ "key": "l9m0n1o2", "value": "I, II, and III" }
		],
		"group_id": "",
		"illustration": "Code",
		"key_concept": "Optimizing loops, efficient removal from ArrayList",
		"kind": "Standalone",
		"order": 0,
		"question": "A programmer wants to remove all elements from an `ArrayList<String>` and concatenate them into a single string. Consider the following code:\n\n```java\nString result = \"\";\nfor (int i = 0; i < list.size(); i++) {\n    result += list.remove(i);\n}\n```\n\nThe code does not work as intended. Which modifications would fix the issues?\n\nI. Use a `StringBuilder` instead of `String` for `result`\nII. Change the loop to iterate from the end: `for (int i = list.size() - 1; i >= 0; i--)`\nIII. Replace `list.remove(i)` with `list.remove(0)`\n\nSelect all that apply.",
		"question_difficulty": "Hard",
		"question_type": "MultipleChoice",
		"tags": ["java", "arraylist", "string-concatenation", "loop-optimization"],
		"target": "Exam"
	},
	{
		"answer_explanation": "The issue arises because `other.title` could be `null`, leading to a `NullPointerException`. Adding a null check like `if (other.title == null) return 1;` prevents this exception. Additionally, using `this.title.compareTo(other.title)` makes it explicit which object's title is being compared, improving code readability and potentially avoiding errors. Therefore, the first and third changes can resolve the issue.",
		"answers": ["p3q4r5s6", "t7u8v9w0"],
		"choices": [
			{ "key": "m1n2o3p4", "value": "I only" },
			{ "key": "p3q4r5s6", "value": "III only" },
			{ "key": "t7u8v9w0", "value": "I and III only" },
			{ "key": "a5b6c7d8", "value": "II and III only" },
			{ "key": "e9f0g1h2", "value": "I, II, and III" }
		],
		"group_id": "",
		"illustration": "Code",
		"key_concept": "Implementing Comparable, avoiding NullPointerException",
		"kind": "Standalone",
		"order": 0,
		"question": "Consider a `Book` class that implements `Comparable<Book>` intending to sort books by their titles:\n\n```java\npublic class Book implements Comparable<Book> {\n    private String title;\n    // constructor and other methods\n    public int compareTo(Book other) {\n        return title.compareTo(other.title);\n    }\n}\n```\n\nHowever, sorting a list of books sometimes throws a `NullPointerException`. Which changes can resolve the issue?\n\nI. Change `title.compareTo(other.title)` to `this.title.compareTo(other.title)`\nII. Reverse the comparison: `other.title.compareTo(this.title)`\nIII. Add a null check: `if (other.title == null) return 1;`\n\nSelect all that apply.",
		"question_difficulty": "Hard",
		"question_type": "MultipleChoice",
		"tags": ["java", "comparable", "nullpointerexception", "sorting"],
		"target": "Exam"
	},
	{
		"answer_explanation": "Creating a new list and adding each element from the original list (`list2 = new ArrayList<>(); for (Integer i : list1) { list2.add(i); }`) ensures an independent copy. Using `list2 = (ArrayList<Integer>) list1.clone();` also creates a shallow copy of the list. Assigning `list2 = list1` does not create a copy but instead points both references to the same list, so changes to one affect the other. Therefore, only the first two methods achieve an independent copy.",
		"answers": ["h3i4j5k6", "l7m8n9o0"],
		"choices": [
			{ "key": "d1e2f3g4", "value": "I only" },
			{ "key": "h3i4j5k6", "value": "II only" },
			{ "key": "l7m8n9o0", "value": "I and II only" },
			{ "key": "p1q2r3s4", "value": "III only" },
			{ "key": "t5u6v7w8", "value": "I, II, and III" }
		],
		"group_id": "",
		"illustration": "NotSet",
		"key_concept": "Copying ArrayLists, references vs. copies",
		"kind": "Standalone",
		"order": 0,
		"question": "A programmer wants to create an independent copy of an `ArrayList<Integer> list1` into `list2`. Which methods will achieve this?\n\nI. `list2 = (ArrayList<Integer>) list1.clone();`\nII. `list2 = new ArrayList<>(); for (Integer i : list1) { list2.add(i); }`\nIII. `list2 = list1;`\n\nSelect all that apply.",
		"question_difficulty": "Hard",
		"question_type": "MultipleChoice",
		"tags": ["java", "arraylist", "copying", "references"],
		"target": "Exam"
	},
	{
		"answer_explanation": "Changing the condition to `j <= i` includes the diagonal elements in the output, as it allows the loop to access the elements where `j` equals `i`. Initializing `j` to 0 instead of `i` ensures that all elements from the start of the row up to the current `i` are included, covering the lower triangle of the matrix. Swapping `i` and `j` in `matrix[i][j]` would access elements in a different pattern, not necessarily including the desired elements. Therefore, the first and third modifications include the diagonal elements.",
		"answers": ["q9r0s1t2", "u3v4w5x6"],
		"choices": [
			{ "key": "m5n6o7p8", "value": "II only" },
			{ "key": "q9r0s1t2", "value": "I and III only" },
			{ "key": "u3v4w5x6", "value": "I only" },
			{ "key": "y7z8a9b0", "value": "III only" },
			{ "key": "c1d2e3f4", "value": "I, II, and III" }
		],
		"group_id": "",
		"illustration": "Code",
		"key_concept": "Nested loops, matrix traversal",
		"kind": "Standalone",
		"order": 0,
		"question": "Consider the following code intended to print the lower triangle of a 2D array:\n\n```java\nfor (int i = 0; i < matrix.length; i++) {\n    for (int j = 0; j < matrix[i].length; j++) {\n        if (j < i) {\n            System.out.print(matrix[i][j] + \" \");\n        }\n    }\n    System.out.println();\n}\n```\n\nThe code does not include the diagonal elements. Which modifications would include them?\n\nI. Change the condition to `j <= i`\nII. Swap `i` and `j` in `matrix[i][j]`\nIII. Initialize `j` to 0 instead of `i`\n\nSelect all that apply.",
		"question_difficulty": "Hard",
		"question_type": "MultipleChoice",
		"tags": ["java", "nested-loops", "2d-arrays", "matrix"],
		"target": "Exam"
	},
	{
		"answer_explanation": "Using `list.add(1, element);` increases the list size by inserting an element at a specific index and shifting subsequent elements. Similarly, `list.remove(3);` decreases the list size by removing the element at index 3. The `list.set(2, element);` operation replaces the element at index 2 but does not change the list size. Therefore, the second and third operations can change the size of the `ArrayList`.",
		"answers": ["i1j2k3l4", "m5n6o7p8"],
		"choices": [
			{ "key": "e1f2g3h4", "value": "I only" },
			{ "key": "i1j2k3l4", "value": "II and III only" },
			{ "key": "m5n6o7p8", "value": "III only" },
			{ "key": "q9r0s1t2", "value": "II only" },
			{ "key": "s3t4u5v6", "value": "I and II only" }
		],
		"group_id": "",
		"illustration": "NotSet",
		"key_concept": "Modifying ArrayList size",
		"kind": "Standalone",
		"order": 0,
		"question": "Which of the following operations can change the size of an `ArrayList`?\n\nI. `list.set(2, element);`\nII. `list.add(1, element);`\nIII. `list.remove(3);`\n\nSelect all that apply.",
		"question_difficulty": "Hard",
		"question_type": "MultipleChoice",
		"tags": ["java", "arraylist", "modifying-size"],
		"target": "Exam"
	},
	{
		"answer_explanation": "Using `Collections.sort(names);` sorts the list in natural (alphabetical) order. Providing a custom comparator like `Collections.sort(names, Comparator.reverseOrder());` sorts the list in reverse alphabetical order. The method `names.sort();` does not exist in this context; instead, `names.sort(Comparator)` is used. Therefore, the first two methods can achieve the desired sorting.",
		"answers": ["g5h6j7k8", "l9z0x1c2"],
		"choices": [
			{ "key": "a1s2d3f4", "value": "III only" },
			{ "key": "g5h6j7k8", "value": "I and II only" },
			{ "key": "l9z0x1c2", "value": "II only" },
			{ "key": "v3b4n5m6", "value": "I only" },
			{ "key": "b7c8d9e0", "value": "I, II, and III" }
		],
		"group_id": "",
		"illustration": "NotSet",
		"key_concept": "Sorting ArrayLists",
		"kind": "Standalone",
		"order": 0,
		"question": "A programmer wants to sort an `ArrayList<String> names` alphabetically. Which methods can achieve this?\n\nI. `Collections.sort(names);`\nII. `Collections.sort(names, Comparator.reverseOrder());`\nIII. `names.sort();`\n\nSelect all that apply.",
		"question_difficulty": "Hard",
		"question_type": "MultipleChoice",
		"tags": ["java", "arraylist", "sorting", "collections"],
		"target": "Exam"
	},
	{
		"answer_explanation": "Using `list2 = new ArrayList<>(Arrays.asList(list1.toArray(new String[0])));` creates a new list containing all elements from `list1`. Similarly, `list2 = new ArrayList<>(list1);` creates a new `ArrayList` that is a copy of `list1`. The method `list2 = list1; list2.clear(); list2.addAll(list1);` first assigns the reference of `list1` to `list2`, then clears both (since they point to the same list), resulting in an empty list. Therefore, the first and third methods correctly create a copy.",
		"answers": ["e5f6g7h8", "i9j0k1l2"],
		"choices": [
			{ "key": "a1b2c3d4", "value": "I only" },
			{ "key": "e5f6g7h8", "value": "III only" },
			{ "key": "i9j0k1l2", "value": "I and III only" },
			{ "key": "m3n4o5p6", "value": "II only" },
			{ "key": "q7r8s9t0", "value": "I, II, and III" }
		],
		"group_id": "",
		"illustration": "NotSet",
		"key_concept": "Copying ArrayLists",
		"kind": "Standalone",
		"order": 0,
		"question": "Which of the following correctly creates a copy of `ArrayList<String> list1` into `list2`?\n\nI. `list2 = new ArrayList<>(Arrays.asList(list1.toArray(new String[0])));`\nII. `list2 = list1; list2.clear(); list2.addAll(list1);`\nIII. `list2 = new ArrayList<>(list1);`\n\nSelect all that apply.",
		"question_difficulty": "Hard",
		"question_type": "MultipleChoice",
		"tags": ["java", "arraylist", "copying", "arrays"],
		"target": "Exam"
	},
	{
		"answer_explanation": "Changing the loop to start at `j = 0` (`for (int j = 0; j < size; j++)`) ensures that all cards are considered during shuffling. Replacing `temp.add(cards.get(index));` with `temp.add(cards.remove(index));` removes the card from the original list, preventing duplicates and ensuring all cards end up in `temp`. Adjusting the random index calculation to use `cards.size()` accounts for the decreasing size of `cards` as cards are removed. Therefore, all three changes are necessary to fix the method.",
		"answers": ["h5i6j7k8", "o7p8q9r0"],
		"choices": [
			{ "key": "e9f0g1h2", "value": "I only" },
			{ "key": "h5i6j7k8", "value": "I and III only" },
			{ "key": "k3l4m5n6", "value": "II only" },
			{ "key": "g9h0i1j2", "value": "III only" },
			{ "key": "o7p8q9r0", "value": "I, II, and III" }
		],
		"group_id": "",
		"illustration": "Code",
		"key_concept": "Shuffling algorithms, list modification during iteration",
		"kind": "Standalone",
		"order": 0,
		"question": "A `shuffle()` method is intended to shuffle an `ArrayList<Card> cards` using the following code:\n\n```java\nint size = cards.size();\nArrayList<Card> temp = new ArrayList<>();\nfor (int j = 1; j < size; j++) {\n    int index = (int) (Math.random() * size);\n    temp.add(cards.get(index));\n}\ncards = temp;\n```\n\nThe method does not work as intended. Which changes would fix it?\n\nI. Change the loop to `for (int j = 0; j < size; j++)`\nII. Replace `int index = (int) (Math.random() * size);` with `int index = (int) (Math.random() * cards.size());`\nIII. Replace `temp.add(cards.get(index));` with `temp.add(cards.remove(index));`\n\nSelect all that apply.",
		"question_difficulty": "Hard",
		"question_type": "MultipleChoice",
		"tags": ["java", "arraylist", "shuffling", "random"],
		"target": "Exam"
	},
	{
		"answer_explanation": "Using `new ArrayList<>(Arrays.asList(elements))` creates a mutable list that can be modified without throwing exceptions. Directly using `Arrays.asList()` returns a fixed-size list, which cannot be modified. The method `List.of(elements)` returns an immutable list. Therefore, only the second alternative creates a mutable list suitable for modification.",
		"answers": ["m5n6o7p8", "q9r0s1t2"],
		"choices": [
			{ "key": "i1j2k3l4", "value": "I and II only" },
			{ "key": "m5n6o7p8", "value": "II only" },
			{ "key": "q9r0s1t2", "value": "I only" },
			{ "key": "s3t4u5v6", "value": "III only" },
			{ "key": "u7v8w9x0", "value": "II and III only" }
		],
		"group_id": "",
		"illustration": "NotSet",
		"key_concept": "Immutable vs. mutable lists",
		"kind": "Standalone",
		"order": 0,
		"question": "A programmer tries to create a mutable list with initial elements using `Arrays.asList()`, but encounters `UnsupportedOperationException` when modifying it. Which alternatives can create a mutable list?\n\nI. Use `Arrays.asList()` directly\nII. Use `new ArrayList<>(Arrays.asList(elements))`\nIII. Use `List.of(elements)`\n\nSelect all that apply.",
		"question_difficulty": "Hard",
		"question_type": "MultipleChoice",
		"tags": ["java", "arraylist", "immutability", "arrays"],
		"target": "Exam"
	},
	{
		"answer_explanation": "Using an iterator (`Iterator<Integer> it = numbers.iterator();`) allows safe removal of elements during iteration without throwing `ConcurrentModificationException`. Iterating backward (`for (int i = numbers.size() - 1; i >= 0; i--)`) also prevents issues caused by shifting indices after removal. Continuing to use the enhanced for loop will not fix the issue because it doesn't support modification during iteration. Therefore, the second and third changes can fix the issue.",
		"answers": ["e5f6g7h8", "i9j0k1l2"],
		"choices": [
			{ "key": "a1b2c3d4", "value": "I only" },
			{ "key": "e5f6g7h8", "value": "II and III only" },
			{ "key": "i9j0k1l2", "value": "II only" },
			{ "key": "m3n4o5p6", "value": "III only" },
			{ "key": "q7r8s9t0", "value": "I, II, and III" }
		],
		"group_id": "",
		"illustration": "Code",
		"key_concept": "Removing elements during iteration",
		"kind": "Standalone",
		"order": 0,
		"question": "A programmer wants to remove all negative numbers from an `ArrayList<Integer> numbers`. The following code throws `ConcurrentModificationException`:\n\n```java\nfor (Integer num : numbers) {\n    if (num < 0) {\n        numbers.remove(num);\n    }\n}\n```\n\nWhich changes can fix the issue?\n\nI. Continue using the enhanced for loop\nII. Use an iterator: `Iterator<Integer> it = numbers.iterator();`\nIII. Iterate backward: `for (int i = numbers.size() - 1; i >= 0; i--)`\n\nSelect all that apply.",
		"question_difficulty": "Hard",
		"question_type": "MultipleChoice",
		"tags": ["java", "arraylist", "iteration", "concurrentmodificationexception"],
		"target": "Exam"
	},
	{
		"answer_explanation": "Using `Collections.sort(numbers, Collections.reverseOrder());` sorts the list in descending order. Implementing a custom `Comparator` that reverses the natural order also achieves descending sorting. Simply calling `numbers.sort();` without arguments does not sort the list in descending order and may cause a compilation error. Therefore, the first and third methods can sort the list in descending order.",
		"answers": ["g9h0i1j2", "k3l4m5n6"],
		"choices": [
			{ "key": "e5f6g7h8", "value": "I only" },
			{ "key": "g9h0i1j2", "value": "I and III only" },
			{ "key": "k3l4m5n6", "value": "III only" },
			{ "key": "o7p8q9r0", "value": "II only" },
			{ "key": "s1t2u3v4", "value": "I, II, and III" }
		],
		"group_id": "",
		"illustration": "NotSet",
		"key_concept": "Custom sorting with Comparators",
		"kind": "Standalone",
		"order": 0,
		"question": "How can a programmer sort an `ArrayList<Integer> numbers` in descending order?\n\nI. Use `Collections.sort(numbers, Collections.reverseOrder());`\nII. Use `numbers.sort();` without arguments\nIII. Implement a custom `Comparator` that reverses the natural order\n\nSelect all that apply.",
		"question_difficulty": "Hard",
		"question_type": "MultipleChoice",
		"tags": ["java", "arraylist", "sorting", "comparator"],
		"target": "Exam"
	},
	{
		"answer_explanation": "Modifying a list inside an enhanced for loop is unsafe and can cause a `ConcurrentModificationException`. Using an `Iterator` allows safe modification during iteration. Using a standard `for` loop with indices also permits modification of the list without exceptions. Therefore, avoiding the enhanced for loop and using either an iterator or index-based loop can prevent the exception.",
		"answers": ["q1w2e3r4", "a5s6d7f8"],
		"choices": [
			{ "key": "q1w2e3r4", "value": "I and II only" },
			{ "key": "a5s6d7f8", "value": "II only" },
			{ "key": "s7t8u9v0", "value": "III only" },
			{ "key": "g9h0j1k2", "value": "I only" },
			{ "key": "l3k4j5h6", "value": "II and III only" }
		],
		"group_id": "",
		"illustration": "Code",
		"key_concept": "Modifying list during iteration",
		"kind": "Standalone",
		"order": 0,
		"question": "A programmer needs to add elements to an `ArrayList` while iterating over it. The following code causes a `ConcurrentModificationException`:\n\n```java\nfor (String s : list) {\n    if (condition) {\n        list.add(newElement);\n    }\n}\n```\n\nWhich approaches can prevent the exception?\n\nI. Avoid modifying the list inside an enhanced for loop\nII. Use an `Iterator` to iterate and modify the list\nIII. Use a standard `for` loop with indices\n\nSelect all that apply.",
		"question_difficulty": "Hard",
		"question_type": "MultipleChoice",
		"tags": ["java", "arraylist", "iteration", "modification"],
		"target": "Exam"
	},
	{
		"answer_explanation": "Implementing the Fisher-Yates shuffle algorithm efficiently shuffles the list by swapping each element with another randomly selected element. Swapping elements at random indices multiple times also effectively shuffles the list. Using `Collections.shuffle(numbers);` is a built-in method that shuffles the list in place using a default randomness source. Therefore, all the methods mentioned can shuffle the list effectively.",
		"answers": ["n5m6q7w8", "e9r0t1y2", "u3i4o5p6"],
		"choices": [
			{ "key": "n5m6q7w8", "value": "II and III only" },
			{ "key": "e9r0t1y2", "value": "III only" },
			{ "key": "u3i4o5p6", "value": "I only" },
			{ "key": "x1c2v3b4", "value": "I and II only" },
			{ "key": "z7x8c9v0", "value": "I, II, and III" }
		],
		"group_id": "",
		"illustration": "NotSet",
		"key_concept": "Shuffling algorithms",
		"kind": "Standalone",
		"order": 0,
		"question": "Which methods can shuffle an `ArrayList<Integer> numbers` effectively?\n\nI. Use `Collections.shuffle(numbers);`\nII. Implement the Fisher-Yates shuffle algorithm\nIII. Swap elements at random indices multiple times\n\nSelect all that apply.",
		"question_difficulty": "Hard",
		"question_type": "MultipleChoice",
		"tags": ["java", "arraylist", "shuffling", "algorithms"],
		"target": "Exam"
	},
	{
		"answer_explanation": "Using `list1.equals(list2);` compares the contents of both lists for equality. Overriding the `equals()` method in a custom class allows for defining equality based on specific attributes, which can be used when the lists contain custom objects. Using `list1 == list2;` compares the references, not the contents, and will only return true if both references point to the same object. Therefore, the first and third methods allow for comparing contents for equality.",
		"answers": ["t5y6u7i8", "o9p0a1s2"],
		"choices": [
			{ "key": "q1w2e3r4", "value": "II only" },
			{ "key": "t5y6u7i8", "value": "I and III only" },
			{ "key": "o9p0a1s2", "value": "III only" },
			{ "key": "d3f4g5h6", "value": "I only" },
			{ "key": "f7g8h9j0", "value": "I, II, and III" }
		],
		"group_id": "",
		"illustration": "NotSet",
		"key_concept": "Comparing ArrayLists",
		"kind": "Standalone",
		"order": 0,
		"question": "How can a programmer compare two `ArrayList<String>` objects `list1` and `list2` for equality of contents?\n\nI. Use `list1.equals(list2);`\nII. Use `list1 == list2;`\nIII. Override the `equals()` method in a custom class\n\nSelect all that apply.",
		"question_difficulty": "Hard",
		"question_type": "MultipleChoice",
		"tags": ["java", "arraylist", "equality", "overriding"],
		"target": "Exam"
	}
]
