[
	{
		"answer_explanation": "The method `initializeArray` fills the array with numbers from 1 to 5. Accessing `numbers[2]` gives the value `3`.",
		"answers": ["a1b2c3d4"],
		"choices": [
			{
				"key": "a1b2c3d4",
				"value": "`3`"
			},
			{
				"key": "e5f6g7h8",
				"value": "`2`"
			},
			{
				"key": "i9j0k1l2",
				"value": "`4`"
			},
			{
				"key": "m3n4o5p6",
				"value": "`5`"
			}
		],
		"group_id": "AB12CD34",
		"illustration": "Code",
		"key_concept": "Array initialization and access",
		"kind": "Group",
		"order": 1,
		"question": "Consider the following Java method in the `ArrayDemo` class:\n\n```java\npublic class ArrayDemo {\n    private int[] numbers = new int[5];\n\n    public void initializeArray() {\n        for (int i = 0; i < numbers.length; i++) {\n            numbers[i] = i + 1;\n        }\n    }\n}\n```\n\nAfter calling `initializeArray()`, what is the value of `numbers[2]`?",
		"question_difficulty": "Easy",
		"question_type": "SingleChoice",
		"tags": ["array-initialization", "java", "array-access"],
		"target": "Exam"
	},
	{
		"answer_explanation": "The enhanced for loop in `printArray` allows iteration over each element without using an index. This is appropriate when you don't need to modify the array or know the index.",
		"answers": ["q7r8s9t0"],
		"choices": [
			{
				"key": "u7v8w9x0",
				"value": "It allows modification of array elements during iteration."
			},
			{
				"key": "y1z2a3b4",
				"value": "It is required for all array iterations in Java."
			},
			{
				"key": "q7r8s9t0",
				"value": "It simplifies the code when only element access is needed."
			},
			{
				"key": "c5d6e7f8",
				"value": "It improves performance over a standard for loop."
			}
		],
		"group_id": "AB12CD34",
		"illustration": "Code",
		"key_concept": "Enhanced for loop usage",
		"kind": "Group",
		"order": 2,
		"question": "Given the following method in the `ArrayDemo` class:\n\n```java\npublic void printArray() {\n    for (int num : numbers) {\n        System.out.println(num);\n    }\n}\n```\n\nWhat is the advantage of using the enhanced for loop in `printArray`?",
		"question_difficulty": "Medium",
		"question_type": "SingleChoice",
		"tags": ["enhanced-for-loop", "java", "arrays"],
		"target": "Exam"
	},
	{
		"answer_explanation": "The `numbers` array has a fixed size of 5. Attempting to access `numbers[5]` will result in an `ArrayIndexOutOfBoundsException` because valid indices are 0 to 4.",
		"answers": ["g9h0i1j2"],
		"choices": [
			{
				"key": "e5f6g7h8",
				"value": "It prints `0`."
			},
			{
				"key": "k3l4m5n6",
				"value": "It prints `5`."
			},
			{
				"key": "g9h0i1j2",
				"value": "An `ArrayIndexOutOfBoundsException` is thrown."
			},
			{
				"key": "o7p8q9r0",
				"value": "It prints `null`."
			}
		],
		"group_id": "AB12CD34",
		"illustration": "Code",
		"key_concept": "Array bounds checking",
		"kind": "Group",
		"order": 3,
		"question": "What happens when the following code is executed after `initializeArray()` has been called?\n\n```java\nSystem.out.println(numbers[5]);\n```",
		"question_difficulty": "Hard",
		"question_type": "SingleChoice",
		"tags": ["array-indexing", "java", "exceptions"],
		"target": "Exam"
	},
	{
		"answer_explanation": "The method `findMax` iterates through the array to find the maximum value, which is `5` in this case.",
		"answers": ["s1t2u3v4"],
		"choices": [
			{
				"key": "w5x6y7z8",
				"value": "`1`"
			},
			{
				"key": "a9b0c1d2",
				"value": "`3`"
			},
			{
				"key": "s1t2u3v4",
				"value": "`5`"
			},
			{
				"key": "e3f4g5h6",
				"value": "`4`"
			}
		],
		"group_id": "EF34GH56",
		"illustration": "Code",
		"key_concept": "Finding maximum in an array",
		"kind": "Group",
		"order": 1,
		"question": "Consider the following method in the `ArrayAnalyzer` class:\n\n```java\npublic int findMax(int[] arr) {\n    int max = arr[0];\n    for (int i = 1; i < arr.length; i++) {\n        if (arr[i] > max) {\n            max = arr[i];\n        }\n    }\n    return max;\n}\n```\n\nIf `arr` is initialized with `{1, 2, 3, 4, 5}`, what value does `findMax(arr)` return?",
		"question_difficulty": "Easy",
		"question_type": "SingleChoice",
		"tags": ["maximum-value", "java", "arrays"],
		"target": "Exam"
	},
	{
		"answer_explanation": "The method starts `max` at `arr[0]`, which may not be appropriate if the array is empty, leading to an `ArrayIndexOutOfBoundsException`.",
		"answers": ["i3j4k5l6"],
		"choices": [
			{
				"key": "m7n8o9p0",
				"value": "It returns `0`."
			},
			{
				"key": "q1r2s3t4",
				"value": "It throws a `NullPointerException`."
			},
			{
				"key": "i3j4k5l6",
				"value": "It throws an `ArrayIndexOutOfBoundsException`."
			},
			{
				"key": "u5v6w7x8",
				"value": "It returns the default max value."
			}
		],
		"group_id": "EF34GH56",
		"illustration": "Code",
		"key_concept": "Handling empty arrays",
		"kind": "Group",
		"order": 2,
		"question": "What happens if `findMax` is called with an empty array?",
		"question_difficulty": "Medium",
		"question_type": "SingleChoice",
		"tags": ["error-handling", "java", "arrays"],
		"target": "Exam"
	},
	{
		"answer_explanation": "By checking if the array is empty before proceeding, we can prevent exceptions and handle the edge case appropriately.",
		"answers": ["c9d0e1f2"],
		"choices": [
			{
				"key": "y9z0a1b2",
				"value": "Initialize `max` to `Integer.MIN_VALUE`."
			},
			{
				"key": "c9d0e1f2",
				"value": "Add a condition to check if the array is empty."
			},
			{
				"key": "g3h4i5j6",
				"value": "Start the loop from index `0` instead of `1`."
			},
			{
				"key": "k7l8m9n0",
				"value": "Use a try-catch block to handle exceptions."
			}
		],
		"group_id": "EF34GH56",
		"illustration": "Code",
		"key_concept": "Improving method robustness",
		"kind": "Group",
		"order": 3,
		"question": "How can we modify `findMax` to handle empty arrays without throwing an exception?",
		"question_difficulty": "Hard",
		"question_type": "SingleChoice",
		"tags": ["method-modification", "java", "edge-cases"],
		"target": "Exam"
	},
	{
		"answer_explanation": "The method `reverseArray` swaps elements symmetrically from the ends towards the center, effectively reversing the array.",
		"answers": ["o1p2q3r4"],
		"choices": [
			{
				"key": "s5t6u7v8",
				"value": "It sorts the array in ascending order."
			},
			{
				"key": "w9x0y1z2",
				"value": "It shifts elements to the left by one position."
			},
			{
				"key": "a3b4c5d6",
				"value": "It duplicates the array elements."
			},
			{
				"key": "o1p2q3r4",
				"value": "It reverses the elements of the array."
			}
		],
		"group_id": "IJ78KL90",
		"illustration": "Code",
		"key_concept": "Reversing an array",
		"kind": "Group",
		"order": 1,
		"question": "Consider the following method in the `ArrayManipulator` class:\n\n```java\npublic void reverseArray(int[] arr) {\n    int left = 0;\n    int right = arr.length - 1;\n    while (left < right) {\n        int temp = arr[left];\n        arr[left] = arr[right];\n        arr[right] = temp;\n        left++;\n        right--;\n    }\n}\n```\n\nWhat does the `reverseArray` method accomplish?",
		"question_difficulty": "Easy",
		"question_type": "SingleChoice",
		"tags": ["array-reversal", "java", "array-manipulation"],
		"target": "Exam"
	},
	{
		"answer_explanation": "After reversing, the array `[1, 2, 3, 4, 5]` becomes `[5, 4, 3, 2, 1]`.",
		"answers": ["g5h6i7j8"],
		"choices": [
			{
				"key": "k9l0m1n2",
				"value": "`[1, 2, 3, 4, 5]`"
			},
			{
				"key": "o3p4q5r6",
				"value": "`[2, 3, 4, 5, 1]`"
			},
			{
				"key": "g5h6i7j8",
				"value": "`[5, 4, 3, 2, 1]`"
			},
			{
				"key": "s7t8u9v0",
				"value": "`[1, 5, 2, 4, 3]`"
			}
		],
		"group_id": "IJ78KL90",
		"illustration": "Code",
		"key_concept": "Testing array reversal",
		"kind": "Group",
		"order": 2,
		"question": "If `reverseArray` is called with the array `{1, 2, 3, 4, 5}`, what is the resulting array?",
		"question_difficulty": "Medium",
		"question_type": "SingleChoice",
		"tags": ["array-output", "java", "methods"],
		"target": "Exam"
	},
	{
		"answer_explanation": "By using a loop that runs up to `arr.length / 2`, we swap corresponding elements from both ends.",
		"answers": ["y1z2a3b4"],
		"choices": [
			{
				"key": "c5d6e7f8",
				"value": "By shifting all elements to the right."
			},
			{
				"key": "y1z2a3b4",
				"value": "By swapping elements symmetrically from ends to center."
			},
			{
				"key": "e9f0g1h2",
				"value": "By sorting the array in reverse order."
			},
			{
				"key": "i3j4k5l6",
				"value": "By using a temporary array to hold reversed elements."
			}
		],
		"group_id": "IJ78KL90",
		"illustration": "Code",
		"key_concept": "Array manipulation techniques",
		"kind": "Group",
		"order": 3,
		"question": "How does the `reverseArray` method achieve the reversal of the array elements?",
		"question_difficulty": "Hard",
		"question_type": "SingleChoice",
		"tags": ["swapping-elements", "java", "loops"],
		"target": "Exam"
	},
	{
		"answer_explanation": "The method `search` performs a linear search and returns the index of the target value.",
		"answers": ["m5n6o7p8"],
		"choices": [
			{
				"key": "q9r0s1t2",
				"value": "It counts the number of occurrences of the target."
			},
			{
				"key": "u3v4w5x6",
				"value": "It removes the target value from the array."
			},
			{
				"key": "y7z8a9b0",
				"value": "It sorts the array in ascending order."
			},
			{
				"key": "m5n6o7p8",
				"value": "It searches for the target and returns its index."
			}
		],
		"group_id": "MN12OP34",
		"illustration": "Code",
		"key_concept": "Linear search algorithm",
		"kind": "Group",
		"order": 1,
		"question": "Consider the following method in the `ArraySearcher` class:\n\n```java\npublic int search(int[] arr, int target) {\n    for (int i = 0; i < arr.length; i++) {\n        if (arr[i] == target) {\n            return i;\n        }\n    }\n    return -1;\n}\n```\n\nWhat does the `search` method accomplish?",
		"question_difficulty": "Easy",
		"question_type": "SingleChoice",
		"tags": ["linear-search", "java", "arrays"],
		"target": "Exam"
	},
	{
		"answer_explanation": "Since `10` is not in the array, the method returns `-1`.",
		"answers": ["e1f2g3h4"],
		"choices": [
			{
				"key": "i5j6k7l8",
				"value": "`2`"
			},
			{
				"key": "m9n0o1p2",
				"value": "`0`"
			},
			{
				"key": "e1f2g3h4",
				"value": "`-1`"
			},
			{
				"key": "q3r4s5t6",
				"value": "`4`"
			}
		],
		"group_id": "MN12OP34",
		"illustration": "Code",
		"key_concept": "Handling absent elements",
		"kind": "Group",
		"order": 2,
		"question": "What is the result of `search(new int[]{1, 2, 3, 4, 5}, 10)`?",
		"question_difficulty": "Medium",
		"question_type": "SingleChoice",
		"tags": ["method-testing", "java", "arrays"],
		"target": "Exam"
	},
	{
		"answer_explanation": "Yes, method overloading allows us to create a `search` method that accepts different parameter types or additional parameters.",
		"answers": ["u7v8w9x0"],
		"choices": [
			{
				"key": "a1b2c3d4",
				"value": "No, Java does not support method overloading."
			},
			{
				"key": "e5f6g7h8",
				"value": "No, overloading is not applicable to search methods."
			},
			{
				"key": "i9j0k1l2",
				"value": "Yes, but it requires changing the method name."
			},
			{
				"key": "u7v8w9x0",
				"value": "Yes, by defining another method with different parameters."
			}
		],
		"group_id": "MN12OP34",
		"illustration": "Code",
		"key_concept": "Method overloading",
		"kind": "Group",
		"order": 3,
		"question": "Can the `search` method be overloaded to work with arrays of different data types or additional criteria?",
		"question_difficulty": "Hard",
		"question_type": "SingleChoice",
		"tags": ["method-overloading", "java", "polymorphism"],
		"target": "Exam"
	},
	{
		"answer_explanation": "The method `average` calculates the sum of the array elements and divides by the number of elements to find the average.",
		"answers": ["k5l6m7n8"],
		"choices": [
			{
				"key": "o9p0q1r2",
				"value": "It finds the maximum element in the array."
			},
			{
				"key": "s3t4u5v6",
				"value": "It counts the number of even elements."
			},
			{
				"key": "k5l6m7n8",
				"value": "It calculates the average of the array elements."
			},
			{
				"key": "w7x8y9z0",
				"value": "It sums only the positive elements."
			}
		],
		"group_id": "QR56ST78",
		"illustration": "Code",
		"key_concept": "Calculating averages",
		"kind": "Group",
		"order": 1,
		"question": "Consider the following method in the `Statistics` class:\n\n```java\npublic double average(int[] arr) {\n    int sum = 0;\n    for (int num : arr) {\n        sum += num;\n    }\n    return (double) sum / arr.length;\n}\n```\n\nWhat does the `average` method compute?",
		"question_difficulty": "Easy",
		"question_type": "SingleChoice",
		"tags": ["calculating-average", "java", "arrays"],
		"target": "Exam"
	},
	{
		"answer_explanation": "The method may throw an `ArithmeticException` due to division by zero when the array length is zero.",
		"answers": ["m1n2o3p4"],
		"choices": [
			{
				"key": "q5r6s7t8",
				"value": "It returns `0`."
			},
			{
				"key": "u9v0w1x2",
				"value": "It returns `NaN`."
			},
			{
				"key": "m1n2o3p4",
				"value": "It throws an `ArithmeticException`."
			},
			{
				"key": "y3z4a5b6",
				"value": "It returns an incorrect average."
			}
		],
		"group_id": "QR56ST78",
		"illustration": "Code",
		"key_concept": "Handling division by zero",
		"kind": "Group",
		"order": 2,
		"question": "What happens if the `average` method is called with an empty array?",
		"question_difficulty": "Medium",
		"question_type": "SingleChoice",
		"tags": ["error-handling", "java", "exceptions"],
		"target": "Exam"
	},
	{
		"answer_explanation": "By checking if `arr.length` is zero before performing the division, we can prevent the exception and handle the case appropriately.",
		"answers": ["e7f8g9h0"],
		"choices": [
			{
				"key": "i1j2k3l4",
				"value": "Initialize `sum` to `1`."
			},
			{
				"key": "m5n6o7p8",
				"value": "Use a try-catch block around the division."
			},
			{
				"key": "q9r0s1t2",
				"value": "Set the return type to `int` instead of `double`."
			},
			{
				"key": "e7f8g9h0",
				"value": "Add a condition to check if the array is empty before dividing."
			}
		],
		"group_id": "QR56ST78",
		"illustration": "Code",
		"key_concept": "Preventing runtime exceptions",
		"kind": "Group",
		"order": 3,
		"question": "How can we modify the `average` method to safely handle empty arrays?",
		"question_difficulty": "Hard",
		"question_type": "SingleChoice",
		"tags": ["exception-handling", "java", "methods"],
		"target": "Exam"
	}
]
