[
	{
		"answer_explanation": "The method `quickSort` makes recursive calls to itself until the subarrays are sorted. Starting with `quickSort(0, 3)`, there will be 4 further recursive calls before the array is fully sorted.",
		"answers": ["xpr957qp91"],
		"choices": [
			{
				"key": "xpr957qp91",
				"value": "4"
			},
			{
				"key": "XxC69v8q00",
				"value": "3"
			},
			{
				"key": "aB12cD34eF",
				"value": "5"
			},
			{
				"key": "Gh56Ij78Kl",
				"value": "6"
			},
			{
				"key": "Mn90Op12Qr",
				"value": "2"
			}
		],
		"group_id": "",
		"illustration": "Code",
		"key_concept": "Recursion in quick sort",
		"kind": "Standalone",
		"order": 0,
		"question": "Consider the following `quickSort` method and the private instance variable `arr` both in the same `Sorter` class:\n\n```java\nprivate int[] arr;\n\n/** Sorts arr[start] to arr[end] in increasing order using quick sort. */\npublic void quickSort(int start, int end) {\n    if (start < end) {\n        int pivotIndex = partition(start, end);\n        quickSort(start, pivotIndex - 1);\n        quickSort(pivotIndex + 1, end);\n    }\n}\n```\n\nMethod `quickSort` calls method `partition`, which has the following header:\n\n```java\n/** Partitions arr[start] to arr[end] around a pivot element. */\nprivate int partition(int start, int end);\n```\n\nIf the first call to `quickSort` is `quickSort(0, 3)`, how many further calls will there be to `quickSort` before `arr[0]...arr[3]` is fully sorted?",
		"question_difficulty": "Medium",
		"question_type": "SingleChoice",
		"tags": ["quick-sort", "java", "recursion"],
		"target": "Exam"
	},
	{
		"answer_explanation": "The `binarySearch` method makes recursive calls until it finds the key or concludes it's not present. Starting with `binarySearch(0, 3, key)`, it will make 3 further recursive calls in the worst case.",
		"answers": ["Yz45Wx67Vu"],
		"choices": [
			{
				"key": "Ab12Cd34Ef",
				"value": "2"
			},
			{
				"key": "Yz45Wx67Vu",
				"value": "3"
			},
			{
				"key": "Gh89Ij01Kl",
				"value": "4"
			},
			{
				"key": "Mn23Op45Qr",
				"value": "5"
			},
			{
				"key": "St67Uv89Wx",
				"value": "6"
			}
		],
		"group_id": "",
		"illustration": "Code",
		"key_concept": "Recursive binary search",
		"kind": "Standalone",
		"order": 0,
		"question": "Consider the following `binarySearch` method and the private instance variable `array` both in the same `Searcher` class:\n\n```java\nprivate int[] array;\n\n/** Searches for key in array[start...end] using binary search. */\npublic int binarySearch(int start, int end, int key) {\n    if (start > end) {\n        return -1;\n    }\n    int mid = (start + end) / 2;\n    if (array[mid] == key) {\n        return mid;\n    } else if (array[mid] > key) {\n        return binarySearch(start, mid - 1, key);\n    } else {\n        return binarySearch(mid + 1, end, key);\n    }\n}\n```\n\nIf the initial call is `binarySearch(0, 3, key)`, how many further recursive calls will occur before the method completes?",
		"question_difficulty": "Medium",
		"question_type": "SingleChoice",
		"tags": ["binary-search", "java", "recursion"],
		"target": "Exam"
	},
	{
		"answer_explanation": "The `factorial` method calculates factorial recursively. Calling `factorial(4)` results in 4 further recursive calls: `factorial(3)`, `factorial(2)`, `factorial(1)`, and `factorial(0)`.",
		"answers": ["Fg12Hi34Jk"],
		"choices": [
			{
				"key": "Lm56No78Pq",
				"value": "2"
			},
			{
				"key": "Rs90Tu12Vw",
				"value": "3"
			},
			{
				"key": "Fg12Hi34Jk",
				"value": "5"
			},
			{
				"key": "Xy56Za78Bc",
				"value": "4"
			},
			{
				"key": "De90Fg12Hi",
				"value": "6"
			}
		],
		"group_id": "",
		"illustration": "Code",
		"key_concept": "Recursion depth in factorial calculation",
		"kind": "Standalone",
		"order": 0,
		"question": "Consider the following recursive method `factorial` in the `MathUtil` class:\n\n```java\n/** Calculates the factorial of n recursively. */\npublic int factorial(int n) {\n    if (n <= 1) {\n        return 1;\n    } else {\n        return n * factorial(n - 1);\n    }\n}\n```\n\nIf the initial call is `factorial(4)`, how many further recursive calls will occur before the final result is returned?",
		"question_difficulty": "Easy",
		"question_type": "SingleChoice",
		"tags": ["recursion", "java", "factorial"],
		"target": "Exam"
	},
	{
		"answer_explanation": "The `sumArray` method recursively sums the elements of the array. Starting with `sumArray(0, 3)`, it makes 4 further recursive calls to compute the sum.",
		"answers": ["Uv34Wx56Yz"],
		"choices": [
			{
				"key": "Uv34Wx56Yz",
				"value": "4"
			},
			{
				"key": "Ab78Cd90Ef",
				"value": "3"
			},
			{
				"key": "Gh12Ij34Kl",
				"value": "5"
			},
			{
				"key": "Mn56Op78Qr",
				"value": "6"
			},
			{
				"key": "St90Uv12Wx",
				"value": "2"
			}
		],
		"group_id": "",
		"illustration": "Code",
		"key_concept": "Recursive array sum",
		"kind": "Standalone",
		"order": 0,
		"question": "Consider the following `sumArray` method in the `ArrayUtil` class:\n\n```java\nprivate int[] numbers;\n\n/** Calculates the sum of numbers[start...end] recursively. */\npublic int sumArray(int start, int end) {\n    if (start > end) {\n        return 0;\n    }\n    return numbers[start] + sumArray(start + 1, end);\n}\n```\n\nIf the initial call is `sumArray(0, 3)`, how many further recursive calls will occur before the sum is computed?",
		"question_difficulty": "Easy",
		"question_type": "SingleChoice",
		"tags": ["recursion", "java", "array-sum"],
		"target": "Exam"
	},
	{
		"answer_explanation": "The `countOccurrences` method counts how many times a key appears in the array using recursion. Starting with `countOccurrences(0, 3, key)`, it makes 4 further recursive calls to complete the count.",
		"answers": ["Kl90Mn12Op"],
		"choices": [
			{
				"key": "De34Fg56Hi",
				"value": "2"
			},
			{
				"key": "Kl90Mn12Op",
				"value": "4"
			},
			{
				"key": "Qr78St90Uv",
				"value": "3"
			},
			{
				"key": "Wx12Yz34Ab",
				"value": "5"
			},
			{
				"key": "Cd56Ef78Gh",
				"value": "6"
			}
		],
		"group_id": "",
		"illustration": "Code",
		"key_concept": "Counting with recursion",
		"kind": "Standalone",
		"order": 0,
		"question": "Consider the following `countOccurrences` method in the `ArrayAnalyzer` class:\n\n```java\nprivate int[] data;\n\n/** Counts how many times key appears in data[start...end]. */\npublic int countOccurrences(int start, int end, int key) {\n    if (start > end) {\n        return 0;\n    }\n    int count = (data[start] == key) ? 1 : 0;\n    return count + countOccurrences(start + 1, end, key);\n}\n```\n\nIf the initial call is `countOccurrences(0, 3, key)`, how many further recursive calls will occur before the total count is determined?",
		"question_difficulty": "Medium",
		"question_type": "SingleChoice",
		"tags": ["recursion", "java", "counting"],
		"target": "Exam"
	},
	{
		"answer_explanation": "The `mergeSort` method recursively divides the array into halves and then merges them. When sorting an array of size 4 with `mergeSort(0, 3)`, there will be 7 further recursive calls to `mergeSort` before sorting is complete.",
		"answers": ["Ef78Gh90Ij"],
		"choices": [
			{
				"key": "Kl12Mn34Op",
				"value": "4"
			},
			{
				"key": "Qr56St78Uv",
				"value": "5"
			},
			{
				"key": "Wx90Yz12Ab",
				"value": "6"
			},
			{
				"key": "Ef78Gh90Ij",
				"value": "7"
			},
			{
				"key": "Cd34De56Fg",
				"value": "8"
			}
		],
		"group_id": "",
		"illustration": "Code",
		"key_concept": "Merge sort recursion depth",
		"kind": "Standalone",
		"order": 0,
		"question": "Given the `mergeSort` method in the `Sorter` class:\n\n```java\nprivate int[] array;\n\n/** Sorts array[left...right] using merge sort algorithm. */\npublic void mergeSort(int left, int right) {\n    if (left < right) {\n        int middle = (left + right) / 2;\n        mergeSort(left, middle);\n        mergeSort(middle + 1, right);\n        merge(left, middle, right);\n    }\n}\n```\n\nIf the initial call is `mergeSort(0, 3)`, how many further recursive calls to `mergeSort` will there be before sorting is complete?",
		"question_difficulty": "Hard",
		"question_type": "SingleChoice",
		"tags": ["merge-sort", "java", "recursion"],
		"target": "Exam"
	},
	{
		"answer_explanation": "The `search` method performs a recursive linear search. Starting with `search(0, 3, key)`, it makes 3 further recursive calls in the worst-case scenario before concluding.",
		"answers": ["St12Uv34Wx"],
		"choices": [
			{
				"key": "Yz56Ab78Cd",
				"value": "2"
			},
			{
				"key": "St12Uv34Wx",
				"value": "3"
			},
			{
				"key": "Ef90Gh12Ij",
				"value": "4"
			},
			{
				"key": "Kl34Mn56Op",
				"value": "5"
			},
			{
				"key": "Qr78St90Uv",
				"value": "6"
			}
		],
		"group_id": "",
		"illustration": "Code",
		"key_concept": "Recursive linear search",
		"kind": "Standalone",
		"order": 0,
		"question": "Consider the `search` method in the `Searcher` class:\n\n```java\nprivate int[] items;\n\n/** Searches for key in items[start...end] recursively. */\npublic int search(int start, int end, int key) {\n    if (start > end) {\n        return -1;\n    }\n    if (items[start] == key) {\n        return start;\n    }\n    return search(start + 1, end, key);\n}\n```\n\nIf the initial call is `search(0, 3, key)`, how many further recursive calls will occur in the worst-case scenario?",
		"question_difficulty": "Medium",
		"question_type": "SingleChoice",
		"tags": ["linear-search", "java", "recursion"],
		"target": "Exam"
	},
	{
		"answer_explanation": "The `calculateSum` method sums array elements recursively starting from an index. Calling `calculateSum(0)` on an array with 4 elements results in 4 further recursive calls.",
		"answers": ["Wx90Yz12Ab"],
		"choices": [
			{
				"key": "Wx90Yz12Ab",
				"value": "4"
			},
			{
				"key": "Cd34De56Fg",
				"value": "3"
			},
			{
				"key": "Gh78Ij90Kl",
				"value": "5"
			},
			{
				"key": "Mn12Op34Qr",
				"value": "6"
			},
			{
				"key": "St56Uv78Wx",
				"value": "2"
			}
		],
		"group_id": "",
		"illustration": "Code",
		"key_concept": "Recursion with single parameter",
		"kind": "Standalone",
		"order": 0,
		"question": "Given the following method in the `ArraySum` class:\n\n```java\nprivate int[] nums;\n\n/** Recursively sums elements from index to the end of the array. */\npublic int calculateSum(int index) {\n    if (index >= nums.length) {\n        return 0;\n    }\n    return nums[index] + calculateSum(index + 1);\n}\n```\n\nIf the initial call is `calculateSum(0)` and the array has 4 elements, how many further recursive calls will occur before the sum is computed?",
		"question_difficulty": "Easy",
		"question_type": "SingleChoice",
		"tags": ["array-sum", "java", "recursion"],
		"target": "Exam"
	},
	{
		"answer_explanation": "The `recursiveMax` method finds the maximum element recursively. Starting with `recursiveMax(0, 3)`, it makes 4 further recursive calls to determine the maximum value.",
		"answers": ["Gh12Ij34Kl"],
		"choices": [
			{
				"key": "Ab56Cd78Ef",
				"value": "2"
			},
			{
				"key": "Gh12Ij34Kl",
				"value": "4"
			},
			{
				"key": "Mn90Op12Qr",
				"value": "5"
			},
			{
				"key": "St34Uv56Wx",
				"value": "3"
			},
			{
				"key": "Yz78Ab90Cd",
				"value": "6"
			}
		],
		"group_id": "",
		"illustration": "Code",
		"key_concept": "Finding maximum with recursion",
		"kind": "Standalone",
		"order": 0,
		"question": "Consider the `recursiveMax` method in the `ArrayAnalyzer` class:\n\n```java\nprivate int[] values;\n\n/** Recursively finds the maximum value in values[start...end]. */\npublic int recursiveMax(int start, int end) {\n    if (start == end) {\n        return values[start];\n    }\n    int max = recursiveMax(start + 1, end);\n    return (values[start] > max) ? values[start] : max;\n}\n```\n\nIf the initial call is `recursiveMax(0, 3)`, how many further recursive calls will occur before the maximum value is found?",
		"question_difficulty": "Hard",
		"question_type": "SingleChoice",
		"tags": ["maximum-value", "java", "recursion"],
		"target": "Exam"
	},
	{
		"answer_explanation": "The `countVowels` method counts vowels in a string recursively. With `countVowels(\"hello\", 0)`, there are 5 further recursive calls, one for each character in the string.",
		"answers": ["De56Fg78Hi"],
		"choices": [
			{
				"key": "De56Fg78Hi",
				"value": "5"
			},
			{
				"key": "Kl90Mn12Op",
				"value": "4"
			},
			{
				"key": "Qr34St56Uv",
				"value": "6"
			},
			{
				"key": "Wx78Yz90Ab",
				"value": "7"
			},
			{
				"key": "Cd12Ef34Gh",
				"value": "3"
			}
		],
		"group_id": "",
		"illustration": "Code",
		"key_concept": "Recursion with strings",
		"kind": "Standalone",
		"order": 0,
		"question": "Consider the `countVowels` method in the `StringUtil` class:\n\n```java\n/** Recursively counts vowels in a string starting from index. */\npublic int countVowels(String s, int index) {\n    if (index >= s.length()) {\n        return 0;\n    }\n    char c = s.charAt(index);\n    int count = \"AEIOUaeiou\".indexOf(c) >= 0 ? 1 : 0;\n    return count + countVowels(s, index + 1);\n}\n```\n\nIf the initial call is `countVowels(\"hello\", 0)`, how many further recursive calls will occur before the total count is returned?",
		"question_difficulty": "Easy",
		"question_type": "SingleChoice",
		"tags": ["recursion", "java", "strings"],
		"target": "Exam"
	},
	{
		"answer_explanation": "The `isPalindrome` method checks for palindromes recursively. Calling `isPalindrome(\"level\", 0, 4)` results in 3 further recursive calls to verify the palindrome.",
		"answers": ["Ab90Cd12Ef"],
		"choices": [
			{
				"key": "Ab90Cd12Ef",
				"value": "3"
			},
			{
				"key": "Gh34Ij56Kl",
				"value": "2"
			},
			{
				"key": "Mn78Op90Qr",
				"value": "4"
			},
			{
				"key": "St12Uv34Wx",
				"value": "5"
			},
			{
				"key": "Yz56Ab78Cd",
				"value": "6"
			}
		],
		"group_id": "",
		"illustration": "Code",
		"key_concept": "Recursive palindrome check",
		"kind": "Standalone",
		"order": 0,
		"question": "Consider the `isPalindrome` method in the `StringUtil` class:\n\n```java\n/** Recursively checks if a string is a palindrome between indices start and end. */\npublic boolean isPalindrome(String s, int start, int end) {\n    if (start >= end) {\n        return true;\n    }\n    if (s.charAt(start) != s.charAt(end)) {\n        return false;\n    }\n    return isPalindrome(s, start + 1, end - 1);\n}\n```\n\nIf the initial call is `isPalindrome(\"level\", 0, 4)`, how many further recursive calls will occur to determine if the string is a palindrome?",
		"question_difficulty": "Medium",
		"question_type": "SingleChoice",
		"tags": ["palindrome", "java", "recursion"],
		"target": "Exam"
	},
	{
		"answer_explanation": "The `power` method computes exponentiation recursively. Calling `power(2, 3)` leads to 3 further recursive calls before the result is obtained.",
		"answers": ["Cd34De56Fg"],
		"choices": [
			{
				"key": "Cd34De56Fg",
				"value": "3"
			},
			{
				"key": "Gh78Ij90Kl",
				"value": "2"
			},
			{
				"key": "Mn12Op34Qr",
				"value": "4"
			},
			{
				"key": "St56Uv78Wx",
				"value": "1"
			},
			{
				"key": "Yz90Ab12Cd",
				"value": "5"
			}
		],
		"group_id": "",
		"illustration": "Code",
		"key_concept": "Exponentiation via recursion",
		"kind": "Standalone",
		"order": 0,
		"question": "Given the `power` method in the `MathUtil` class:\n\n```java\n/** Recursively computes base raised to the exponent power. */\npublic int power(int base, int exponent) {\n    if (exponent == 0) {\n        return 1;\n    }\n    return base * power(base, exponent - 1);\n}\n```\n\nIf the initial call is `power(2, 3)`, how many further recursive calls will occur before the result is computed?",
		"question_difficulty": "Easy",
		"question_type": "SingleChoice",
		"tags": ["exponentiation", "java", "recursion"],
		"target": "Exam"
	},
	{
		"answer_explanation": "The `fibonacci` method computes Fibonacci numbers recursively. Calling `fibonacci(4)` results in 7 further recursive calls due to the overlapping subproblems in the Fibonacci sequence.",
		"answers": ["Ef78Gh90Ij"],
		"choices": [
			{
				"key": "Kl12Mn34Op",
				"value": "5"
			},
			{
				"key": "Ef78Gh90Ij",
				"value": "7"
			},
			{
				"key": "Qr56St78Uv",
				"value": "6"
			},
			{
				"key": "Wx90Yz12Ab",
				"value": "8"
			},
			{
				"key": "Cd34De56Fg",
				"value": "9"
			}
		],
		"group_id": "",
		"illustration": "Code",
		"key_concept": "Fibonacci recursion depth",
		"kind": "Standalone",
		"order": 0,
		"question": "Consider the `fibonacci` method in the `MathUtil` class:\n\n```java\n/** Recursively computes the nth Fibonacci number. */\npublic int fibonacci(int n) {\n    if (n <= 1) {\n        return n;\n    }\n    return fibonacci(n - 1) + fibonacci(n - 2);\n}\n```\n\nIf the initial call is `fibonacci(4)`, how many further recursive calls will occur before the result is returned?",
		"question_difficulty": "Hard",
		"question_type": "SingleChoice",
		"tags": ["fibonacci", "java", "recursion"],
		"target": "Exam"
	}
]
