[
	{
		"answer_explanation": "The `calculateCumulativeSum` method computes the cumulative sum of the array. The value at `cumulative[2]` will be `1 + 2 + 3 = 6`.",
		"answers": ["a1b2c3d4"],
		"choices": [
			{
				"key": "a1b2c3d4",
				"value": "`6`"
			},
			{
				"key": "e5f6g7h8",
				"value": "`3`"
			},
			{
				"key": "i9j0k1l2",
				"value": "`9`"
			},
			{
				"key": "m3n4o5p6",
				"value": "`10`"
			}
		],
		"group_id": "AB12CD34",
		"illustration": "Code",
		"key_concept": "Cumulative sum calculation",
		"kind": "Group",
		"order": 1,
		"question": "Consider the following Java method in the `ArrayUtils` class:\n\n```java\npublic int[] calculateCumulativeSum(int[] arr) {\n    int[] cumulative = new int[arr.length];\n    cumulative[0] = arr[0];\n    for (int i = 1; i < arr.length; i++) {\n        cumulative[i] = cumulative[i - 1] + arr[i];\n    }\n    return cumulative;\n}\n```\n\nIf `arr` is `{1, 2, 3, 4, 5}`, what is the value of `cumulative[2]` after calling `calculateCumulativeSum(arr)`?",
		"question_difficulty": "Easy",
		"question_type": "SingleChoice",
		"tags": ["cumulative-sum", "java", "arrays"],
		"target": "Exam"
	},
	{
		"answer_explanation": "The method initializes `cumulative[0]` with `arr[0]`. The loop starts from `i = 1` and correctly calculates cumulative sums.",
		"answers": ["q7r8s9t0"],
		"choices": [
			{
				"key": "e5f6g7h8",
				"value": "No, it doesn't initialize `cumulative[0]` correctly."
			},
			{
				"key": "q7r8s9t0",
				"value": "Yes, it correctly calculates the cumulative sum."
			},
			{
				"key": "u7v8w9x0",
				"value": "No, it should start the loop from `i = 0`."
			},
			{
				"key": "y1z2a3b4",
				"value": "No, it modifies the original array."
			}
		],
		"group_id": "AB12CD34",
		"illustration": "Code",
		"key_concept": "Understanding array algorithms",
		"kind": "Group",
		"order": 2,
		"question": "Does the `calculateCumulativeSum` method correctly compute the cumulative sum of the input array?",
		"question_difficulty": "Medium",
		"question_type": "SingleChoice",
		"tags": ["array-algorithms", "java", "loops"],
		"target": "Exam"
	},
	{
		"answer_explanation": "Because `cumulative` array depends on the previous index, initializing `cumulative[0]` is essential to avoid an `ArrayIndexOutOfBoundsException` when accessing `cumulative[i - 1]` at `i = 1`.",
		"answers": ["i9j0k1l2"],
		"choices": [
			{
				"key": "i9j0k1l2",
				"value": "To provide the base case for cumulative addition."
			},
			{
				"key": "m3n4o5p6",
				"value": "It's unnecessary; the loop handles initialization."
			},
			{
				"key": "a1b2c3d4",
				"value": "To ensure the original array is not modified."
			},
			{
				"key": "e5f6g7h8",
				"value": "To optimize memory usage."
			}
		],
		"group_id": "AB12CD34",
		"illustration": "Code",
		"key_concept": "Algorithm initialization",
		"kind": "Group",
		"order": 3,
		"question": "Why is it important to initialize `cumulative[0]` before the loop in `calculateCumulativeSum`?",
		"question_difficulty": "Hard",
		"question_type": "SingleChoice",
		"tags": ["algorithm-initialization", "java", "arrays"],
		"target": "Exam"
	},
	{
		"answer_explanation": "After rotating the array `[1, 2, 3, 4, 5]` by 2 steps to the right, the array becomes `[4, 5, 1, 2, 3]`.",
		"answers": ["k3l4m5n6"],
		"choices": [
			{
				"key": "k3l4m5n6",
				"value": "`[4, 5, 1, 2, 3]`"
			},
			{
				"key": "o7p8q9r0",
				"value": "`[3, 4, 5, 1, 2]`"
			},
			{
				"key": "s1t2u3v4",
				"value": "`[2, 3, 4, 5, 1]`"
			},
			{
				"key": "w5x6y7z8",
				"value": "`[5, 1, 2, 3, 4]`"
			}
		],
		"group_id": "EF34GH56",
		"illustration": "Code",
		"key_concept": "Array rotation",
		"kind": "Group",
		"order": 1,
		"question": "Consider the following method in the `ArrayRotator` class:\n\n```java\npublic void rotateRight(int[] arr, int steps) {\n    int n = arr.length;\n    steps = steps % n;\n    int[] temp = new int[steps];\n    System.arraycopy(arr, n - steps, temp, 0, steps);\n    for (int i = n - 1; i >= steps; i--) {\n        arr[i] = arr[i - steps];\n    }\n    System.arraycopy(temp, 0, arr, 0, steps);\n}\n```\n\nIf `arr` is `[1, 2, 3, 4, 5]`, what is the array after calling `rotateRight(arr, 2)`?",
		"question_difficulty": "Medium",
		"question_type": "SingleChoice",
		"tags": ["array-rotation", "java", "arrays"],
		"target": "Exam"
	},
	{
		"answer_explanation": "Using modulo ensures that if `steps` is greater than `n`, the rotation still works correctly by wrapping around.",
		"answers": ["q1r2s3t4"],
		"choices": [
			{
				"key": "q1r2s3t4",
				"value": "To handle cases where `steps` is greater than array length."
			},
			{
				"key": "u5v6w7x8",
				"value": "To optimize the algorithm's time complexity."
			},
			{
				"key": "y9z0a1b2",
				"value": "To prevent negative index errors."
			},
			{
				"key": "c9d0e1f2",
				"value": "To adjust for zero-based indexing."
			}
		],
		"group_id": "EF34GH56",
		"illustration": "Code",
		"key_concept": "Modulo operation in algorithms",
		"kind": "Group",
		"order": 2,
		"question": "Why is `steps` updated with `steps = steps % n;` in the `rotateRight` method?",
		"question_difficulty": "Medium",
		"question_type": "SingleChoice",
		"tags": ["modulo-operation", "java", "arrays"],
		"target": "Exam"
	},
	{
		"answer_explanation": "The time complexity is O(n) because the method processes the array elements a constant number of times, regardless of `steps`.",
		"answers": ["g3h4i5j6"],
		"choices": [
			{
				"key": "g3h4i5j6",
				"value": "O(n)"
			},
			{
				"key": "k7l8m9n0",
				"value": "O(n^2)"
			},
			{
				"key": "m7n8o9p0",
				"value": "O(log n)"
			},
			{
				"key": "i3j4k5l6",
				"value": "O(1)"
			}
		],
		"group_id": "EF34GH56",
		"illustration": "NotSet",
		"key_concept": "Algorithm time complexity",
		"kind": "Group",
		"order": 3,
		"question": "What is the time complexity of the `rotateRight` method?",
		"question_difficulty": "Hard",
		"question_type": "SingleChoice",
		"tags": ["time-complexity", "java", "algorithms"],
		"target": "Exam"
	},
	{
		"answer_explanation": "The `isSorted` method checks if each element is less than or equal to the next one. Since the array is `[1, 2, 3, 4, 5]`, the method returns `true`.",
		"answers": ["o1p2q3r4"],
		"choices": [
			{
				"key": "a3b4c5d6",
				"value": "`false`"
			},
			{
				"key": "o1p2q3r4",
				"value": "`true`"
			}
		],
		"group_id": "IJ78KL90",
		"illustration": "Code",
		"key_concept": "Checking array order",
		"kind": "Group",
		"order": 1,
		"question": "Consider the following method in the `ArrayChecker` class:\n\n```java\npublic boolean isSorted(int[] arr) {\n    for (int i = 0; i < arr.length - 1; i++) {\n        if (arr[i] > arr[i + 1]) {\n            return false;\n        }\n    }\n    return true;\n}\n```\n\nIf `arr` is `[1, 2, 3, 4, 5]`, what does `isSorted(arr)` return?",
		"question_difficulty": "Easy",
		"question_type": "SingleChoice",
		"tags": ["array-order", "java", "arrays"],
		"target": "Exam"
	},
	{
		"answer_explanation": "Because the method returns immediately when it finds a pair of elements out of order, the best-case time complexity is O(1), and the worst-case is O(n).",
		"answers": ["e9f0g1h2"],
		"choices": [
			{
				"key": "e9f0g1h2",
				"value": "O(n)"
			},
			{
				"key": "s7t8u9v0",
				"value": "O(n^2)"
			},
			{
				"key": "k9l0m1n2",
				"value": "O(log n)"
			},
			{
				"key": "g5h6i7j8",
				"value": "O(1)"
			}
		],
		"group_id": "IJ78KL90",
		"illustration": "NotSet",
		"key_concept": "Time complexity analysis",
		"kind": "Group",
		"order": 2,
		"question": "What is the worst-case time complexity of the `isSorted` method?",
		"question_difficulty": "Medium",
		"question_type": "SingleChoice",
		"tags": ["time-complexity", "java", "arrays"],
		"target": "Exam"
	},
	{
		"answer_explanation": "Yes, by modifying the comparison operator to `<` instead of `>`, the method can check for descending order.",
		"answers": ["y1z2a3b4"],
		"choices": [
			{
				"key": "w9x0y1z2",
				"value": "No, it's not possible without rewriting the method entirely."
			},
			{
				"key": "y1z2a3b4",
				"value": "Yes, by changing the comparison operator."
			},
			{
				"key": "c5d6e7f8",
				"value": "Yes, by reversing the array first."
			},
			{
				"key": "e7f8g9h0",
				"value": "No, arrays cannot be checked for descending order."
			}
		],
		"group_id": "IJ78KL90",
		"illustration": "Code",
		"key_concept": "Method modification",
		"kind": "Group",
		"order": 3,
		"question": "Can the `isSorted` method be adapted to check if an array is sorted in descending order?",
		"question_difficulty": "Hard",
		"question_type": "SingleChoice",
		"tags": ["method-adaptation", "java", "arrays"],
		"target": "Exam"
	},
	{
		"answer_explanation": "The `countFrequency` method counts how many times each element appears in the array.",
		"answers": ["m5n6o7p8"],
		"choices": [
			{
				"key": "u3v4w5x6",
				"value": "It sorts the array."
			},
			{
				"key": "q9r0s1t2",
				"value": "It removes duplicates from the array."
			},
			{
				"key": "y7z8a9b0",
				"value": "It reverses the array."
			},
			{
				"key": "m5n6o7p8",
				"value": "It counts the frequency of each element."
			}
		],
		"group_id": "MN12OP34",
		"illustration": "Code",
		"key_concept": "Counting element frequency",
		"kind": "Group",
		"order": 1,
		"question": "Consider the following method in the `ArrayCounter` class:\n\n```java\npublic Map<Integer, Integer> countFrequency(int[] arr) {\n    Map<Integer, Integer> freqMap = new HashMap<>();\n    for (int num : arr) {\n        freqMap.put(num, freqMap.getOrDefault(num, 0) + 1);\n    }\n    return freqMap;\n}\n```\n\nWhat does the `countFrequency` method accomplish?",
		"question_difficulty": "Medium",
		"question_type": "SingleChoice",
		"tags": ["frequency-count", "java", "arrays"],
		"target": "Exam"
	},
	{
		"answer_explanation": "An `import` statement is required to use `Map` and `HashMap` from the `java.util` package.",
		"answers": ["e1f2g3h4"],
		"choices": [
			{
				"key": "i5j6k7l8",
				"value": "No, all necessary classes are in the default package."
			},
			{
				"key": "e1f2g3h4",
				"value": "Yes, `java.util.Map` and `java.util.HashMap` need to be imported."
			},
			{
				"key": "m9n0o1p2",
				"value": "Only if we use other data structures."
			},
			{
				"key": "q3r4s5t6",
				"value": "Yes, but only for the `Map` interface."
			}
		],
		"group_id": "MN12OP34",
		"illustration": "NotSet",
		"key_concept": "Importing packages",
		"kind": "Group",
		"order": 2,
		"question": "Is any import statement required for the `countFrequency` method to compile?",
		"question_difficulty": "Easy",
		"question_type": "SingleChoice",
		"tags": ["imports", "java", "collections"],
		"target": "Exam"
	},
	{
		"answer_explanation": "The time complexity is O(n) because each element is processed once, and `HashMap` operations are O(1) on average.",
		"answers": ["u7v8w9x0"],
		"choices": [
			{
				"key": "a1b2c3d4",
				"value": "O(n^2)"
			},
			{
				"key": "e5f6g7h8",
				"value": "O(log n)"
			},
			{
				"key": "i9j0k1l2",
				"value": "O(n log n)"
			},
			{
				"key": "u7v8w9x0",
				"value": "O(n)"
			}
		],
		"group_id": "MN12OP34",
		"illustration": "NotSet",
		"key_concept": "Time complexity with hash maps",
		"kind": "Group",
		"order": 3,
		"question": "What is the time complexity of the `countFrequency` method?",
		"question_difficulty": "Hard",
		"question_type": "SingleChoice",
		"tags": ["time-complexity", "java", "hashmap"],
		"target": "Exam"
	},
	{
		"answer_explanation": "The `mergeSortedArrays` method merges two sorted arrays into a single sorted array by comparing elements from both arrays.",
		"answers": ["k5l6m7n8"],
		"choices": [
			{
				"key": "o9p0q1r2",
				"value": "It concatenates two arrays without sorting."
			},
			{
				"key": "k5l6m7n8",
				"value": "It merges two sorted arrays into one sorted array."
			},
			{
				"key": "s3t4u5v6",
				"value": "It finds common elements between two arrays."
			},
			{
				"key": "w7x8y9z0",
				"value": "It sorts a single array using merge sort."
			}
		],
		"group_id": "QR56ST78",
		"illustration": "Code",
		"key_concept": "Merging sorted arrays",
		"kind": "Group",
		"order": 1,
		"question": "Consider the following method in the `ArrayMerger` class:\n\n```java\npublic int[] mergeSortedArrays(int[] arr1, int[] arr2) {\n    int[] result = new int[arr1.length + arr2.length];\n    int i = 0, j = 0, k = 0;\n    while (i < arr1.length && j < arr2.length) {\n        if (arr1[i] <= arr2[j]) {\n            result[k++] = arr1[i++];\n        } else {\n            result[k++] = arr2[j++];\n        }\n    }\n    while (i < arr1.length) {\n        result[k++] = arr1[i++];\n    }\n    while (j < arr2.length) {\n        result[k++] = arr2[j++];\n    }\n    return result;\n}\n```\n\nWhat does the `mergeSortedArrays` method accomplish?",
		"question_difficulty": "Medium",
		"question_type": "SingleChoice",
		"tags": ["array-merging", "java", "arrays"],
		"target": "Exam"
	},
	{
		"answer_explanation": "Because all elements are processed exactly once, the time complexity is O(n + m), where n and m are the lengths of the two arrays.",
		"answers": ["m1n2o3p4"],
		"choices": [
			{
				"key": "q5r6s7t8",
				"value": "O(n^2)"
			},
			{
				"key": "m1n2o3p4",
				"value": "O(n + m)"
			},
			{
				"key": "u9v0w1x2",
				"value": "O(log n)"
			},
			{
				"key": "y3z4a5b6",
				"value": "O(n log n)"
			}
		],
		"group_id": "QR56ST78",
		"illustration": "NotSet",
		"key_concept": "Time complexity of merging",
		"kind": "Group",
		"order": 2,
		"question": "What is the time complexity of the `mergeSortedArrays` method?",
		"question_difficulty": "Medium",
		"question_type": "SingleChoice",
		"tags": ["time-complexity", "java", "arrays"],
		"target": "Exam"
	},
	{
		"answer_explanation": "Yes, because arrays are fixed in size, we must create a new array to hold the merged results.",
		"answers": ["e7f8g9h0"],
		"choices": [
			{
				"key": "i1j2k3l4",
				"value": "No, we can merge into one of the existing arrays."
			},
			{
				"key": "e7f8g9h0",
				"value": "Yes, because arrays cannot be resized."
			},
			{
				"key": "m5n6o7p8",
				"value": "No, we can use a dynamic array like `ArrayList`."
			},
			{
				"key": "q9r0s1t2",
				"value": "Yes, but only if the arrays are of the same length."
			}
		],
		"group_id": "QR56ST78",
		"illustration": "NotSet",
		"key_concept": "Array limitations",
		"kind": "Group",
		"order": 3,
		"question": "Is it necessary to create a new array to merge two arrays in the `mergeSortedArrays` method? Why?",
		"question_difficulty": "Hard",
		"question_type": "SingleChoice",
		"tags": ["array-limits", "java", "arrays"],
		"target": "Exam"
	}
]
