[
	{
		"answer_explanation": "A compile-time error occurs because the method `bark()` is not defined in the `Animal` class. The reference type is `Animal`, so only methods available in `Animal` can be called.",
		"answers": ["g1h2j3k4"],
		"choices": [
			{
				"key": "a1b2c3d4",
				"value": "The code runs successfully and prints animal sounds."
			},
			{
				"key": "e5f6g7h8",
				"value": "A runtime error occurs due to type mismatch."
			},
			{
				"key": "g1h2j3k4",
				"value": "A compile-time error occurs because `bark()` is not in `Animal`."
			},
			{
				"key": "i9j0k1l2",
				"value": "Only generic animal sounds are printed."
			},
			{
				"key": "m3n4o5p6",
				"value": "The code compiles but throws a `NullPointerException`."
			}
		],
		"group_id": "",
		"illustration": "Code",
		"key_concept": "Polymorphism and method visibility",
		"kind": "Standalone",
		"order": 0,
		"question": "Consider the following classes:\n\n```java\npublic class Animal {\n    public void makeSound() {\n        System.out.println(\"Some generic animal sound\");\n    }\n}\n\npublic class Dog extends Animal {\n    public void bark() {\n        System.out.println(\"Woof!\");\n    }\n}\n```\n\nAnd the following code snippet:\n\n```java\nArrayList<Animal> animals = new ArrayList<>();\nanimals.add(new Animal());\nanimals.add(new Dog());\n\nfor (Animal animal : animals) {\n    animal.makeSound();\n    animal.bark();\n}\n```\n\nWhat happens when this code is executed?",
		"question_difficulty": "Medium",
		"question_type": "SingleChoice",
		"tags": ["java", "arraylist", "polymorphism"],
		"target": "Exam"
	},
	{
		"answer_explanation": "The `get` method retrieves the element at a specific index. Since indexing starts at 0, `numbers.get(2)` returns 30.",
		"answers": ["s7t8u9v0"],
		"choices": [
			{
				"key": "q1w2e3r4",
				"value": "10"
			},
			{
				"key": "a5s6d7f8",
				"value": "20"
			},
			{
				"key": "s7t8u9v0",
				"value": "30"
			},
			{
				"key": "g9h0j1k2",
				"value": "40"
			}
		],
		"group_id": "",
		"illustration": "Code",
		"key_concept": "Accessing elements in an ArrayList",
		"kind": "Standalone",
		"order": 0,
		"question": "Given the following code:\n\n```java\nArrayList<Integer> numbers = new ArrayList<>();\nnumbers.add(10);\nnumbers.add(20);\nnumbers.add(30);\nnumbers.add(40);\nSystem.out.println(numbers.get(2));\n```\n\nWhat is the output of this code?",
		"question_difficulty": "Easy",
		"question_type": "SingleChoice",
		"tags": ["java", "arraylist", "accessing-elements"],
		"target": "Exam"
	},
	{
		"answer_explanation": "Attempting to remove elements while iterating forward can cause elements to be skipped or an exception. Using an iterator or iterating backward prevents this issue.",
		"answers": ["x1c2v3b4"],
		"choices": [
			{
				"key": "x1c2v3b4",
				"value": "Modify the loop to iterate backward."
			},
			{
				"key": "n5m6q7w8",
				"value": "Use `numbers.clear()` instead."
			},
			{
				"key": "e9r0t1y2",
				"value": "Change `ArrayList` to `LinkedList`."
			},
			{
				"key": "u3i4o5p6",
				"value": "No change is necessary; the code works."
			}
		],
		"group_id": "",
		"illustration": "Code",
		"key_concept": "Modifying an ArrayList during iteration",
		"kind": "Standalone",
		"order": 0,
		"question": "Consider the following code:\n\n```java\nArrayList<Integer> numbers = new ArrayList<>();\n// numbers populated with integers\nfor (int i = 0; i < numbers.size(); i++) {\n    if (numbers.get(i) % 2 == 0) {\n        numbers.remove(i);\n    }\n}\n```\n\nWhat modification should be made to safely remove elements?",
		"question_difficulty": "Hard",
		"question_type": "SingleChoice",
		"tags": ["java", "arraylist", "iteration"],
		"target": "Exam"
	},
	{
		"answer_explanation": "An `ArrayList` cannot store primitive types directly; it uses wrapper classes like `Integer` for `int`.",
		"answers": ["f5g6h7j8"],
		"choices": [
			{
				"key": "p1a2s3d4",
				"value": "True"
			},
			{
				"key": "f5g6h7j8",
				"value": "False"
			}
		],
		"group_id": "",
		"illustration": "NotSet",
		"key_concept": "Primitive types vs. wrapper classes",
		"kind": "Standalone",
		"order": 0,
		"question": "True or False: You can create an `ArrayList` of primitive data types like `int` in Java.",
		"question_difficulty": "Easy",
		"question_type": "TrueFalse",
		"tags": ["java", "arraylist", "primitive-types"],
		"target": "Exam"
	},
	{
		"answer_explanation": "Using `add(1, \"Date\")` inserts \"Date\" at index 1, shifting subsequent elements.",
		"answers": ["k9l8m7n6"],
		"choices": [
			{
				"key": "k9l8m7n6",
				"value": "[Apple, Date, Banana, Cherry]"
			},
			{
				"key": "j5h4g3f2",
				"value": "[Apple, Banana, Date, Cherry]"
			},
			{
				"key": "d1s2a3z4",
				"value": "[Date, Apple, Banana, Cherry]"
			},
			{
				"key": "x5c6v7b8",
				"value": "[Apple, Banana, Cherry, Date]"
			}
		],
		"group_id": "",
		"illustration": "Code",
		"key_concept": "Adding elements at specific index",
		"kind": "Standalone",
		"order": 0,
		"question": "What is the output of the following code?\n\n```java\nArrayList<String> fruits = new ArrayList<>();\nfruits.add(\"Apple\");\nfruits.add(\"Banana\");\nfruits.add(\"Cherry\");\nfruits.add(1, \"Date\");\nSystem.out.println(fruits);\n```",
		"question_difficulty": "Medium",
		"question_type": "SingleChoice",
		"tags": ["java", "arraylist", "add-method"],
		"target": "Exam"
	},
	{
		"answer_explanation": "An `UnsupportedOperationException` is thrown because the list is fixed-size.",
		"answers": ["g9h0i1j2"],
		"choices": [
			{
				"key": "e5f6g7h8",
				"value": "The element is removed successfully."
			},
			{
				"key": "k3l4m5n6",
				"value": "A `NullPointerException` is thrown."
			},
			{
				"key": "g9h0i1j2",
				"value": "An `UnsupportedOperationException` is thrown."
			},
			{
				"key": "o7p8q9r0",
				"value": "The list remains unchanged without error."
			}
		],
		"group_id": "",
		"illustration": "Code",
		"key_concept": "Modifying immutable lists",
		"kind": "Standalone",
		"order": 0,
		"question": "What happens when you attempt to remove an element from a list created with `Arrays.asList()`?\n\n```java\nList<String> fixedList = Arrays.asList(\"A\", \"B\", \"C\");\nfixedList.remove(1);\n```",
		"question_difficulty": "Hard",
		"question_type": "SingleChoice",
		"tags": ["java", "arraylist", "arrays.aslist"],
		"target": "Exam"
	},
	{
		"answer_explanation": "Both `size() == 0` and `isEmpty()` can be used to check if an `ArrayList` is empty.",
		"answers": ["s1t2u3v4"],
		"choices": [
			{
				"key": "w5x6y7z8",
				"value": "Using `list.size() == 0`"
			},
			{
				"key": "a9b0c1d2",
				"value": "Using `list.isEmpty()`"
			},
			{
				"key": "s1t2u3v4",
				"value": "Both methods are correct."
			},
			{
				"key": "e3f4g5h6",
				"value": "Neither method is correct."
			}
		],
		"group_id": "",
		"illustration": "NotSet",
		"key_concept": "Checking if an ArrayList is empty",
		"kind": "Standalone",
		"order": 0,
		"question": "Which of the following methods can be used to determine if an `ArrayList` is empty?",
		"question_difficulty": "Easy",
		"question_type": "SingleChoice",
		"tags": ["java", "arraylist", "isempty"],
		"target": "Exam"
	},
	{
		"answer_explanation": "Attempting to add an element at an index beyond the list size throws an `IndexOutOfBoundsException`.",
		"answers": ["q7r8s9t0"],
		"choices": [
			{
				"key": "q7r8s9t0",
				"value": "An `IndexOutOfBoundsException` is thrown."
			},
			{
				"key": "u7v8w9x0",
				"value": "The element is added at the end."
			},
			{
				"key": "y1z2a3b4",
				"value": "The list resizes to accommodate the index."
			},
			{
				"key": "c5d6e7f8",
				"value": "Nothing happens; the element is not added."
			}
		],
		"group_id": "",
		"illustration": "NotSet",
		"key_concept": "Understanding ArrayList indices",
		"kind": "Standalone",
		"order": 0,
		"question": "What occurs when you execute `list.add(10, element);` on an `ArrayList` with fewer than 10 elements?",
		"question_difficulty": "Medium",
		"question_type": "SingleChoice",
		"tags": ["java", "arraylist", "indexoutofboundsexception"],
		"target": "Exam"
	},
	{
		"answer_explanation": "The `contains()` method checks if an element exists in the list and returns a boolean.",
		"answers": ["e5f6g7h8"],
		"choices": [
			{
				"key": "a1b2c3d4",
				"value": "`exists()`"
			},
			{
				"key": "e5f6g7h8",
				"value": "`contains()`"
			},
			{
				"key": "i9j0k1l2",
				"value": "`find()`"
			},
			{
				"key": "m3n4o5p6",
				"value": "`includes()`"
			}
		],
		"group_id": "",
		"illustration": "NotSet",
		"key_concept": "Checking for element existence",
		"kind": "Standalone",
		"order": 0,
		"question": "Which method is used to determine if an `ArrayList` contains a specific element?",
		"question_difficulty": "Easy",
		"question_type": "SingleChoice",
		"tags": ["java", "arraylist", "contains-method"],
		"target": "Exam"
	},
	{
		"answer_explanation": "Using a standard `Iterator`, you cannot add elements during iteration; it results in a `ConcurrentModificationException`.",
		"answers": ["m7n8o9p0"],
		"choices": [
			{
				"key": "m7n8o9p0",
				"value": "A `ConcurrentModificationException` is thrown."
			},
			{
				"key": "q1r2s3t4",
				"value": "The element is added successfully."
			},
			{
				"key": "i3j4k5l6",
				"value": "A compilation error occurs."
			},
			{
				"key": "u5v6w7x8",
				"value": "The iterator skips the added element."
			}
		],
		"group_id": "",
		"illustration": "Code",
		"key_concept": "Iterator limitations",
		"kind": "Standalone",
		"order": 0,
		"question": "What happens if you attempt to add an element to an `ArrayList` while iterating over it with an `Iterator`?\n\n```java\nIterator<Integer> it = list.iterator();\nwhile (it.hasNext()) {\n    if (condition) {\n        list.add(newElement);\n    }\n}\n```",
		"question_difficulty": "Hard",
		"question_type": "SingleChoice",
		"tags": ["java", "arraylist", "iterator"],
		"target": "Exam"
	},
	{
		"answer_explanation": "Yes, the enhanced for loop can iterate over any `Iterable`, including `ArrayList`.",
		"answers": ["a1b2c3d4"],
		"choices": [
			{
				"key": "a1b2c3d4",
				"value": "True"
			},
			{
				"key": "e5f6g7h8",
				"value": "False"
			}
		],
		"group_id": "",
		"illustration": "NotSet",
		"key_concept": "Enhanced for loop usage",
		"kind": "Standalone",
		"order": 0,
		"question": "True or False: The enhanced for loop can be used to iterate over an `ArrayList`.",
		"question_difficulty": "Easy",
		"question_type": "TrueFalse",
		"tags": ["java", "arraylist", "enhanced-for-loop"],
		"target": "Exam"
	},
	{
		"answer_explanation": "An `ArrayList` is preferable for dynamic sizing, whereas arrays have a fixed size.",
		"answers": ["e5f6g7h8"],
		"choices": [
			{
				"key": "a1b2c3d4",
				"value": "Use arrays for dynamic data."
			},
			{
				"key": "e5f6g7h8",
				"value": "Use `ArrayList` for dynamic data."
			},
			{
				"key": "i9j0k1l2",
				"value": "Both are equally suitable."
			},
			{
				"key": "m3n4o5p6",
				"value": "Neither can handle dynamic data."
			}
		],
		"group_id": "",
		"illustration": "NotSet",
		"key_concept": "Choosing between arrays and ArrayLists",
		"kind": "Standalone",
		"order": 0,
		"question": "When managing a collection of data that changes size, should you use an array or an `ArrayList`?",
		"question_difficulty": "Easy",
		"question_type": "SingleChoice",
		"tags": ["java", "arraylist", "arrays"],
		"target": "Exam"
	},
	{
		"answer_explanation": "Yes, modifications to the sublist affect the original list because `subList` returns a view.",
		"answers": ["k9l8m7n6"],
		"choices": [
			{
				"key": "k9l8m7n6",
				"value": "Yes, changes affect the original list."
			},
			{
				"key": "j5h4g3f2",
				"value": "No, the sublist is independent."
			},
			{
				"key": "d1s2a3z4",
				"value": "Yes, but only for additions."
			},
			{
				"key": "x5c6v7b8",
				"value": "No, only deletions affect the original."
			}
		],
		"group_id": "",
		"illustration": "Code",
		"key_concept": "Understanding subList method",
		"kind": "Standalone",
		"order": 0,
		"question": "Does modifying a sublist obtained from an `ArrayList` using `subList()` affect the original list?\n\n```java\nList<Integer> original = new ArrayList<>(Arrays.asList(1, 2, 3, 4, 5));\nList<Integer> sub = original.subList(1, 4);\nsub.clear();\n```",
		"question_difficulty": "Hard",
		"question_type": "SingleChoice",
		"tags": ["java", "arraylist", "sublist"],
		"target": "Exam"
	},
	{
		"answer_explanation": "An `ArrayList` is more efficient for frequent insertions and deletions compared to arrays.",
		"answers": ["e5f6g7h8"],
		"choices": [
			{
				"key": "a1b2c3d4",
				"value": "Use arrays for better performance."
			},
			{
				"key": "e5f6g7h8",
				"value": "Use `ArrayList` for better performance."
			},
			{
				"key": "i9j0k1l2",
				"value": "Performance is the same for both."
			},
			{
				"key": "m3n4o5p6",
				"value": "Neither is suitable; use a `LinkedList`."
			}
		],
		"group_id": "",
		"illustration": "NotSet",
		"key_concept": "Performance considerations",
		"kind": "Standalone",
		"order": 0,
		"question": "For a program requiring frequent insertions and deletions, which data structure offers better performance in Java?",
		"question_difficulty": "Medium",
		"question_type": "SingleChoice",
		"tags": ["java", "arraylist", "performance"],
		"target": "Exam"
	},
	{
		"answer_explanation": "An `ArrayList` can store objects, not primitive types; use wrapper classes like `Integer`.",
		"answers": ["g5h6j7k8", "l9z0x1c2"],
		"choices": [
			{
				"key": "a1s2d3f4",
				"value": "`ArrayList<int> list = new ArrayList<>();`"
			},
			{
				"key": "g5h6j7k8",
				"value": "`ArrayList<Integer> list = new ArrayList<>();`"
			},
			{
				"key": "l9z0x1c2",
				"value": "`ArrayList<Integer> list = new ArrayList<Integer>();`"
			},
			{
				"key": "v3b4n5m6",
				"value": "`ArrayList<int> list = new ArrayList<int>();`"
			}
		],
		"group_id": "",
		"illustration": "NotSet",
		"key_concept": "Using wrapper classes",
		"kind": "Standalone",
		"order": 0,
		"question": "Which statements correctly create an `ArrayList` of integers? Select all that apply.",
		"question_difficulty": "Medium",
		"question_type": "MultipleChoice",
		"tags": ["java", "arraylist", "wrapper-classes"],
		"target": "Exam"
	},
	{
		"answer_explanation": "Yes, because removing elements shifts the remaining elements, potentially causing elements to be skipped.",
		"answers": ["g5h6j7k8"],
		"choices": [
			{
				"key": "a1s2d3f4",
				"value": "No issues; the code works correctly."
			},
			{
				"key": "g5h6j7k8",
				"value": "Yes, it may skip elements due to index shifting."
			},
			{
				"key": "l9z0x1c2",
				"value": "Yes, you cannot remove elements in a loop."
			},
			{
				"key": "v3b4n5m6",
				"value": "No, because the loop adjusts automatically."
			}
		],
		"group_id": "",
		"illustration": "Code",
		"key_concept": "Safe iteration during modification",
		"kind": "Standalone",
		"order": 0,
		"question": "Is there a problem with the following code?\n\n```java\nfor (int i = 0; i < list.size(); i++) {\n    if (condition) {\n        list.remove(i);\n    }\n}\n```\n\nWhy?",
		"question_difficulty": "Hard",
		"question_type": "SingleChoice",
		"tags": ["java", "arraylist", "modification"],
		"target": "Exam"
	}
]
