[
	{
		"answer_explanation": "Yes, ArrayLists in Java can dynamically adjust their size as elements are added or removed, unlike arrays which have a fixed size.",
		"answers": ["a1b2c3d4"],
		"choices": [
			{
				"key": "a1b2c3d4",
				"value": "True"
			},
			{
				"key": "e5f6g7h8",
				"value": "False"
			}
		],
		"group_id": "",
		"illustration": "NotSet",
		"key_concept": "Dynamic resizing of ArrayLists",
		"kind": "Standalone",
		"order": 0,
		"question": "Is it true that an `ArrayList` in Java can dynamically adjust its size as elements are added or removed?",
		"question_difficulty": "Easy",
		"question_type": "TrueFalse",
		"tags": ["arraylist", "java", "dynamic-arrays"],
		"target": "Exam"
	},
	{
		"answer_explanation": "After removing the element at index 1, which is \"Bob\", the `names` list contains \"Alice\" and \"Charlie\".",
		"answers": ["t5y6u7i8"],
		"choices": [
			{
				"key": "q1w2e3r4",
				"value": "[Alice, Bob]"
			},
			{
				"key": "t5y6u7i8",
				"value": "[Alice, Charlie]"
			},
			{
				"key": "o9p0a1s2",
				"value": "[Bob, Charlie]"
			},
			{
				"key": "d3f4g5h6",
				"value": "[Alice, Bob, Charlie]"
			}
		],
		"group_id": "",
		"illustration": "Code",
		"key_concept": "Using ArrayList methods `add()` and `remove()`",
		"kind": "Standalone",
		"order": 0,
		"question": "Consider the following Java code:\n\n```java\nArrayList<String> names = new ArrayList<>();\nnames.add(\"Alice\");\nnames.add(\"Bob\");\nnames.add(\"Charlie\");\nnames.remove(1);\nSystem.out.println(names);\n```\n\nWhat is the output of this code?",
		"question_difficulty": "Medium",
		"question_type": "SingleChoice",
		"tags": ["arraylist", "java", "arraylist-methods"],
		"target": "Exam"
	},
	{
		"answer_explanation": "When an element is removed, the subsequent elements shift left, so the loop may skip elements. In this case, even numbers 2 and 4 are removed, resulting in `[1, 3, 5]`.",
		"answers": ["g5h6j7k8"],
		"choices": [
			{
				"key": "a1s2d3f4",
				"value": "[1, 2, 3, 4, 5]"
			},
			{
				"key": "g5h6j7k8",
				"value": "[1, 3, 5]"
			},
			{
				"key": "l9z0x1c2",
				"value": "[1, 3, 4, 5]"
			},
			{
				"key": "v3b4n5m6",
				"value": "[1, 2, 3, 5]"
			}
		],
		"group_id": "",
		"illustration": "Code",
		"key_concept": "Modifying an ArrayList during iteration",
		"kind": "Standalone",
		"order": 0,
		"question": "Consider the following Java code:\n\n```java\nArrayList<Integer> numbers = new ArrayList<>();\nnumbers.add(1);\nnumbers.add(2);\nnumbers.add(3);\nnumbers.add(4);\nnumbers.add(5);\n\nfor (int i = 0; i < numbers.size(); i++) {\n    if (numbers.get(i) % 2 == 0) {\n        numbers.remove(i);\n    }\n}\nSystem.out.println(numbers);\n```\n\nWhat is the output of this code?",
		"question_difficulty": "Hard",
		"question_type": "SingleChoice",
		"tags": ["arraylist", "java", "iteration"],
		"target": "Exam"
	},
	{
		"answer_explanation": "The `size()` method returns the number of elements in an `ArrayList`.",
		"answers": ["z1x2c3v4"],
		"choices": [
			{
				"key": "z1x2c3v4",
				"value": "`size()`"
			},
			{
				"key": "b5n6m7q8",
				"value": "`length()`"
			},
			{
				"key": "w9e0r1t2",
				"value": "`count()`"
			},
			{
				"key": "y3u4i5o6",
				"value": "`getSize()`"
			}
		],
		"group_id": "",
		"illustration": "NotSet",
		"key_concept": "Using `size()` method",
		"kind": "Standalone",
		"order": 0,
		"question": "Which method is used to determine the number of elements in an `ArrayList` in Java?",
		"question_difficulty": "Easy",
		"question_type": "SingleChoice",
		"tags": ["arraylist", "java", "arraylist-methods"],
		"target": "Exam"
	},
	{
		"answer_explanation": "ArrayLists cannot store primitive types directly; they store objects. To store integers, use `Integer` instead of `int`.",
		"answers": ["f5g6h7j8"],
		"choices": [
			{
				"key": "p1a2s3d4",
				"value": "True"
			},
			{
				"key": "f5g6h7j8",
				"value": "False"
			}
		],
		"group_id": "",
		"illustration": "NotSet",
		"key_concept": "ArrayLists and primitive types",
		"kind": "Standalone",
		"order": 0,
		"question": "True or False: An `ArrayList` in Java can store primitive data types like `int` and `double` directly.",
		"question_difficulty": "Easy",
		"question_type": "TrueFalse",
		"tags": ["arraylist", "java", "primitive-types"],
		"target": "Exam"
	},
	{
		"answer_explanation": "The `add(1, \"Date\")` inserts \"Date\" at index 1, shifting other elements to the right. The list becomes `[Apple, Date, Banana, Cherry]`.",
		"answers": ["k9l8m7n6"],
		"choices": [
			{
				"key": "k9l8m7n6",
				"value": "[Apple, Date, Banana, Cherry]"
			},
			{
				"key": "j5h4g3f2",
				"value": "[Apple, Banana, Date, Cherry]"
			},
			{
				"key": "d1s2a3z4",
				"value": "[Date, Apple, Banana, Cherry]"
			},
			{
				"key": "x5c6v7b8",
				"value": "[Apple, Banana, Cherry, Date]"
			}
		],
		"group_id": "",
		"illustration": "Code",
		"key_concept": "Using `add` method with index",
		"kind": "Standalone",
		"order": 0,
		"question": "Consider the following Java code:\n\n```java\nArrayList<String> fruits = new ArrayList<>();\nfruits.add(\"Apple\");\nfruits.add(\"Banana\");\nfruits.add(\"Cherry\");\nfruits.add(1, \"Date\");\nSystem.out.println(fruits);\n```\n\nWhat is the output of this code?",
		"question_difficulty": "Medium",
		"question_type": "SingleChoice",
		"tags": ["arraylist", "java", "add-method"],
		"target": "Exam"
	},
	{
		"answer_explanation": "The code removes words longer than 5 characters. Only \"programming\" is removed. The resulting list is `[hello, world, java]`.",
		"answers": ["o9p0a1s2"],
		"choices": [
			{
				"key": "q1w2e3r4",
				"value": "[hello, world]"
			},
			{
				"key": "t5y6u7i8",
				"value": "[java]"
			},
			{
				"key": "o9p0a1s2",
				"value": "[hello, world, java]"
			},
			{
				"key": "d3f4g5h6",
				"value": "[programming]"
			}
		],
		"group_id": "",
		"illustration": "Code",
		"key_concept": "Removing elements during reverse iteration",
		"kind": "Standalone",
		"order": 0,
		"question": "Consider the following Java code:\n\n```java\nArrayList<String> words = new ArrayList<>();\nwords.add(\"hello\");\nwords.add(\"world\");\nwords.add(\"java\");\nwords.add(\"programming\");\n\nfor (int i = words.size() - 1; i >= 0; i--) {\n    if (words.get(i).length() > 5) {\n        words.remove(i);\n    }\n}\nSystem.out.println(words);\n```\n\nWhat is the output of this code?",
		"question_difficulty": "Hard",
		"question_type": "SingleChoice",
		"tags": ["arraylist", "java", "reverse-iteration"],
		"target": "Exam"
	},
	{
		"answer_explanation": "Both `ArrayList<Double> list = new ArrayList<>();` and `ArrayList<Double> list = new ArrayList<Double>();` correctly create an ArrayList of Double objects.",
		"answers": ["g5h6j7k8", "l9z0x1c2"],
		"choices": [
			{
				"key": "a1s2d3f4",
				"value": "`ArrayList<double> list = new ArrayList<>();`"
			},
			{
				"key": "g5h6j7k8",
				"value": "`ArrayList<Double> list = new ArrayList<>();`"
			},
			{
				"key": "l9z0x1c2",
				"value": "`ArrayList<Double> list = new ArrayList<Double>();`"
			},
			{
				"key": "v3b4n5m6",
				"value": "`ArrayList<double> list = new ArrayList<double>();`"
			}
		],
		"group_id": "",
		"illustration": "NotSet",
		"key_concept": "Creating ArrayLists with wrapper classes",
		"kind": "Standalone",
		"order": 0,
		"question": "Which of the following statements correctly creates an `ArrayList` that can store `Double` values? (Select all that apply)",
		"question_difficulty": "Medium",
		"question_type": "MultipleChoice",
		"tags": ["arraylist", "java", "generics"],
		"target": "Exam"
	},
	{
		"answer_explanation": "Using a `ListIterator`, we safely remove and add elements during iteration. The number 20 is replaced with 25, resulting in `[10, 25, 30]`.",
		"answers": ["q1w2e3r4"],
		"choices": [
			{
				"key": "q1w2e3r4",
				"value": "[10, 25, 30]"
			},
			{
				"key": "t5y6u7i8",
				"value": "[10, 20, 25, 30]"
			},
			{
				"key": "o9p0a1s2",
				"value": "[10, 25, 25, 30]"
			},
			{
				"key": "d3f4g5h6",
				"value": "[10, 25, 20, 30]"
			}
		],
		"group_id": "",
		"illustration": "Code",
		"key_concept": "Using ListIterator to modify an ArrayList during iteration",
		"kind": "Standalone",
		"order": 0,
		"question": "Given the following code snippet:\n\n```java\nArrayList<Integer> list = new ArrayList<>();\nlist.add(10);\nlist.add(20);\nlist.add(30);\nListIterator<Integer> iterator = list.listIterator();\n\nwhile (iterator.hasNext()) {\n    int value = iterator.next();\n    if (value == 20) {\n        iterator.remove();\n        iterator.add(25);\n    }\n}\nSystem.out.println(list);\n```\n\nWhat is the output of this code?",
		"question_difficulty": "Hard",
		"question_type": "SingleChoice",
		"tags": ["arraylist", "java", "listiterator"],
		"target": "Exam"
	},
	{
		"answer_explanation": "The `contains()` method checks if an element exists in the list and returns a boolean value.",
		"answers": ["e5f6g7h8"],
		"choices": [
			{
				"key": "a1b2c3d4",
				"value": "`exists()`"
			},
			{
				"key": "e5f6g7h8",
				"value": "`contains()`"
			},
			{
				"key": "i9j0k1l2",
				"value": "`find()`"
			},
			{
				"key": "m3n4o5p6",
				"value": "`includes()`"
			}
		],
		"group_id": "",
		"illustration": "NotSet",
		"key_concept": "Checking element existence in ArrayList",
		"kind": "Standalone",
		"order": 0,
		"question": "Which method is used to check if an `ArrayList` contains a specific element?",
		"question_difficulty": "Easy",
		"question_type": "SingleChoice",
		"tags": ["arraylist", "java", "contains-method"],
		"target": "Exam"
	},
	{
		"answer_explanation": "An `IndexOutOfBoundsException` is thrown because index 5 is beyond the current size of the list.",
		"answers": ["q7r8s9t0"],
		"choices": [
			{
				"key": "q7r8s9t0",
				"value": "An `IndexOutOfBoundsException` is thrown."
			},
			{
				"key": "u7v8w9x0",
				"value": "The element is added to the end of the list."
			},
			{
				"key": "y1z2a3b4",
				"value": "The element replaces the element at index 5."
			},
			{
				"key": "c5d6e7f8",
				"value": "The list size increases by two."
			}
		],
		"group_id": "",
		"illustration": "NotSet",
		"key_concept": "Understanding `add` method with invalid index",
		"kind": "Standalone",
		"order": 0,
		"question": "What happens if you attempt to add an element to an `ArrayList` at an index greater than its current size?",
		"question_difficulty": "Medium",
		"question_type": "SingleChoice",
		"tags": ["arraylist", "java", "exceptions"],
		"target": "Exam"
	},
	{
		"answer_explanation": "An `UnsupportedOperationException` is thrown because you cannot use `remove()` on an unmodifiable list created with `Arrays.asList()`.",
		"answers": ["g9h0i1j2"],
		"choices": [
			{
				"key": "e5f6g7h8",
				"value": "It removes the element successfully."
			},
			{
				"key": "k3l4m5n6",
				"value": "It throws a `NullPointerException`."
			},
			{
				"key": "g9h0i1j2",
				"value": "It throws an `UnsupportedOperationException`."
			},
			{
				"key": "o7p8q9r0",
				"value": "It does nothing."
			}
		],
		"group_id": "",
		"illustration": "NotSet",
		"key_concept": "Modifying fixed-size lists",
		"kind": "Standalone",
		"order": 0,
		"question": "What happens when you try to remove an element from a list created using `Arrays.asList()`?",
		"question_difficulty": "Hard",
		"question_type": "SingleChoice",
		"tags": ["arraylist", "java", "modification"],
		"target": "Exam"
	},
	{
		"answer_explanation": "The `isEmpty()` method checks if the list has no elements and returns a boolean value.",
		"answers": ["s1t2u3v4"],
		"choices": [
			{
				"key": "w5x6y7z8",
				"value": "`size() == 0`"
			},
			{
				"key": "a9b0c1d2",
				"value": "`isEmpty()`"
			},
			{
				"key": "s1t2u3v4",
				"value": "Both options are correct."
			},
			{
				"key": "e3f4g5h6",
				"value": "Neither option is correct."
			}
		],
		"group_id": "",
		"illustration": "NotSet",
		"key_concept": "Checking if an ArrayList is empty",
		"kind": "Standalone",
		"order": 0,
		"question": "Which of the following can be used to check if an `ArrayList` is empty?",
		"question_difficulty": "Easy",
		"question_type": "SingleChoice",
		"tags": ["arraylist", "java", "isempty-method"],
		"target": "Exam"
	},
	{
		"answer_explanation": "An `Iterator` does not support adding elements during iteration; using `iterator.add()` will cause a compilation error.",
		"answers": ["i3j4k5l6"],
		"choices": [
			{
				"key": "m7n8o9p0",
				"value": "The element is added successfully."
			},
			{
				"key": "q1r2s3t4",
				"value": "An `UnsupportedOperationException` is thrown."
			},
			{
				"key": "i3j4k5l6",
				"value": "A compilation error occurs."
			},
			{
				"key": "u5v6w7x8",
				"value": "The iterator skips the added element."
			}
		],
		"group_id": "",
		"illustration": "NotSet",
		"key_concept": "Limitations of Iterator",
		"kind": "Standalone",
		"order": 0,
		"question": "What happens if you attempt to add an element to an `ArrayList` while iterating over it using an `Iterator` and calling `iterator.add(element);`?",
		"question_difficulty": "Hard",
		"question_type": "SingleChoice",
		"tags": ["iterator", "java", "arraylist"],
		"target": "Exam"
	}
]
