[
	{
		"answer_explanation": "Yes, an `ArrayList` can grow or shrink dynamically as elements are added or removed, unlike arrays which have a fixed size.",
		"answers": ["a1b2c3d4"],
		"choices": [
			{
				"key": "a1b2c3d4",
				"value": "True"
			},
			{
				"key": "e5f6g7h8",
				"value": "False"
			}
		],
		"group_id": "",
		"illustration": "NotSet",
		"key_concept": "Dynamic resizing of ArrayLists",
		"kind": "Standalone",
		"order": 0,
		"question": "True or False: In Java, `ArrayList` objects can dynamically adjust their size when elements are added or removed.",
		"question_difficulty": "Easy",
		"question_type": "TrueFalse",
		"tags": ["arraylist", "dynamic-arrays", "java"],
		"target": "Exam"
	},
	{
		"answer_explanation": "After removing the element at index 1 (\"Bob\"), the `names` list becomes `[Alice, Charlie]`.",
		"answers": ["t5y6u7i8"],
		"choices": [
			{
				"key": "q1w2e3r4",
				"value": "[Alice, Bob, Charlie]"
			},
			{
				"key": "t5y6u7i8",
				"value": "[Alice, Charlie]"
			},
			{
				"key": "o9p0a1s2",
				"value": "[Bob, Charlie]"
			},
			{
				"key": "d3f4g5h6",
				"value": "[Alice, Bob]"
			}
		],
		"group_id": "",
		"illustration": "Code",
		"key_concept": "Removing elements from ArrayList",
		"kind": "Standalone",
		"order": 0,
		"question": "Consider the following Java code snippet:\n\n```java\nArrayList<String> names = new ArrayList<>();\nnames.add(\"Alice\");\nnames.add(\"Bob\");\nnames.add(\"Charlie\");\nnames.remove(1);\nSystem.out.println(names);\n```\n\nWhat is the output of this code?",
		"question_difficulty": "Medium",
		"question_type": "SingleChoice",
		"tags": ["arraylist", "java", "remove-method"],
		"target": "Exam"
	},
	{
		"answer_explanation": "Attempting to add an element at an index greater than the current size throws an `IndexOutOfBoundsException`.",
		"answers": ["g9h0i1j2"],
		"choices": [
			{
				"key": "e5f6g7h8",
				"value": "The element is added at the end of the list."
			},
			{
				"key": "k3l4m5n6",
				"value": "The list size increases to accommodate the new element."
			},
			{
				"key": "g9h0i1j2",
				"value": "An `IndexOutOfBoundsException` is thrown."
			},
			{
				"key": "o7p8q9r0",
				"value": "The element replaces the last element."
			}
		],
		"group_id": "",
		"illustration": "NotSet",
		"key_concept": "Understanding ArrayList index limits",
		"kind": "Standalone",
		"order": 0,
		"question": "What happens when you try to add an element to an `ArrayList` at an index greater than its current size?",
		"question_difficulty": "Medium",
		"question_type": "SingleChoice",
		"tags": ["arraylist", "java", "indexoutofboundsexception"],
		"target": "Exam"
	},
	{
		"answer_explanation": "An `ArrayList` cannot store primitive types directly; it must use wrapper classes like `Integer`.",
		"answers": ["f5g6h7j8"],
		"choices": [
			{
				"key": "p1a2s3d4",
				"value": "True"
			},
			{
				"key": "f5g6h7j8",
				"value": "False"
			}
		],
		"group_id": "",
		"illustration": "NotSet",
		"key_concept": "ArrayLists and primitive types",
		"kind": "Standalone",
		"order": 0,
		"question": "True or False: An `ArrayList` can directly store primitive data types like `int` and `double`.",
		"question_difficulty": "Easy",
		"question_type": "TrueFalse",
		"tags": ["arraylist", "primitive-types", "java"],
		"target": "Exam"
	},
	{
		"answer_explanation": "After inserting \"Date\" at index 1, the list becomes `[Apple, Date, Banana, Cherry]`.",
		"answers": ["k9l8m7n6"],
		"choices": [
			{
				"key": "k9l8m7n6",
				"value": "[Apple, Date, Banana, Cherry]"
			},
			{
				"key": "j5h4g3f2",
				"value": "[Apple, Banana, Date, Cherry]"
			},
			{
				"key": "d1s2a3z4",
				"value": "[Date, Apple, Banana, Cherry]"
			},
			{
				"key": "x5c6v7b8",
				"value": "[Apple, Banana, Cherry, Date]"
			}
		],
		"group_id": "",
		"illustration": "Code",
		"key_concept": "Using `add` with index in ArrayList",
		"kind": "Standalone",
		"order": 0,
		"question": "Given the following code:\n\n```java\nArrayList<String> fruits = new ArrayList<>();\nfruits.add(\"Apple\");\nfruits.add(\"Banana\");\nfruits.add(\"Cherry\");\nfruits.add(1, \"Date\");\nSystem.out.println(fruits);\n```\n\nWhat is the output?",
		"question_difficulty": "Medium",
		"question_type": "SingleChoice",
		"tags": ["arraylist", "add-method", "java"],
		"target": "Exam"
	},
	{
		"answer_explanation": "An `ArrayList` uses the `size()` method to determine the number of elements it contains.",
		"answers": ["z1x2c3v4"],
		"choices": [
			{
				"key": "z1x2c3v4",
				"value": "`size()`"
			},
			{
				"key": "b5n6m7q8",
				"value": "`length()`"
			},
			{
				"key": "w9e0r1t2",
				"value": "`count()`"
			},
			{
				"key": "y3u4i5o6",
				"value": "`getSize()`"
			}
		],
		"group_id": "",
		"illustration": "NotSet",
		"key_concept": "ArrayList size determination",
		"kind": "Standalone",
		"order": 0,
		"question": "Which method returns the number of elements in an `ArrayList`?",
		"question_difficulty": "Easy",
		"question_type": "SingleChoice",
		"tags": ["arraylist", "size-method", "java"],
		"target": "Exam"
	},
	{
		"answer_explanation": "The `contains()` method checks if a specific element exists in the list.",
		"answers": ["e5f6g7h8"],
		"choices": [
			{
				"key": "a1b2c3d4",
				"value": "`exists()`"
			},
			{
				"key": "e5f6g7h8",
				"value": "`contains()`"
			},
			{
				"key": "i9j0k1l2",
				"value": "`find()`"
			},
			{
				"key": "m3n4o5p6",
				"value": "`includes()`"
			}
		],
		"group_id": "",
		"illustration": "NotSet",
		"key_concept": "Checking for element existence",
		"kind": "Standalone",
		"order": 0,
		"question": "Which `ArrayList` method checks if an element exists in the list?",
		"question_difficulty": "Easy",
		"question_type": "SingleChoice",
		"tags": ["arraylist", "contains-method", "java"],
		"target": "Exam"
	},
	{
		"answer_explanation": "Using a standard `Iterator`, you cannot add elements during iteration; it will cause a compilation error.",
		"answers": ["i3j4k5l6"],
		"choices": [
			{
				"key": "m7n8o9p0",
				"value": "The element is added successfully."
			},
			{
				"key": "q1r2s3t4",
				"value": "An `UnsupportedOperationException` is thrown."
			},
			{
				"key": "i3j4k5l6",
				"value": "A compilation error occurs."
			},
			{
				"key": "u5v6w7x8",
				"value": "The iterator skips the added element."
			}
		],
		"group_id": "",
		"illustration": "NotSet",
		"key_concept": "Limitations of Iterator in modification",
		"kind": "Standalone",
		"order": 0,
		"question": "What happens if you attempt to add an element to an `ArrayList` while iterating over it using an `Iterator`?",
		"question_difficulty": "Hard",
		"question_type": "SingleChoice",
		"tags": ["iterator", "arraylist", "java"],
		"target": "Exam"
	},
	{
		"answer_explanation": "An `IndexOutOfBoundsException` is thrown because index 5 is beyond the list's current size.",
		"answers": ["q7r8s9t0"],
		"choices": [
			{
				"key": "q7r8s9t0",
				"value": "An `IndexOutOfBoundsException` is thrown."
			},
			{
				"key": "u7v8w9x0",
				"value": "The element is added at the end of the list."
			},
			{
				"key": "y1z2a3b4",
				"value": "The list resizes to accommodate the new index."
			},
			{
				"key": "c5d6e7f8",
				"value": "The element replaces the last element."
			}
		],
		"group_id": "",
		"illustration": "NotSet",
		"key_concept": "Adding with invalid index",
		"kind": "Standalone",
		"order": 0,
		"question": "What happens when you use `list.add(5, element);` on an `ArrayList` with fewer than 5 elements?",
		"question_difficulty": "Medium",
		"question_type": "SingleChoice",
		"tags": ["arraylist", "indexing", "java"],
		"target": "Exam"
	},
	{
		"answer_explanation": "An `UnsupportedOperationException` is thrown because the list returned by `Arrays.asList()` is fixed-size.",
		"answers": ["g9h0i1j2"],
		"choices": [
			{
				"key": "e5f6g7h8",
				"value": "The element is removed successfully."
			},
			{
				"key": "k3l4m5n6",
				"value": "A `NullPointerException` is thrown."
			},
			{
				"key": "g9h0i1j2",
				"value": "An `UnsupportedOperationException` is thrown."
			},
			{
				"key": "o7p8q9r0",
				"value": "Nothing happens; the list remains unchanged."
			}
		],
		"group_id": "",
		"illustration": "NotSet",
		"key_concept": "Modifying fixed-size lists",
		"kind": "Standalone",
		"order": 0,
		"question": "What occurs when you attempt to remove an element from a list created with `Arrays.asList()`?",
		"question_difficulty": "Hard",
		"question_type": "SingleChoice",
		"tags": ["arraylist", "arrays.aslist", "java"],
		"target": "Exam"
	},
	{
		"answer_explanation": "Both `size() == 0` and `isEmpty()` can be used to check if an `ArrayList` is empty.",
		"answers": ["s1t2u3v4"],
		"choices": [
			{
				"key": "w5x6y7z8",
				"value": "Using `size() == 0`"
			},
			{
				"key": "a9b0c1d2",
				"value": "Using `isEmpty()`"
			},
			{
				"key": "s1t2u3v4",
				"value": "Both methods are correct."
			},
			{
				"key": "e3f4g5h6",
				"value": "Neither method is correct."
			}
		],
		"group_id": "",
		"illustration": "NotSet",
		"key_concept": "Checking if an ArrayList is empty",
		"kind": "Standalone",
		"order": 0,
		"question": "Which of the following methods can be used to check if an `ArrayList` is empty?",
		"question_difficulty": "Easy",
		"question_type": "SingleChoice",
		"tags": ["arraylist", "isempty", "java"],
		"target": "Exam"
	},
	{
		"answer_explanation": "Yes, because `ArrayList<Double>` uses the `Double` wrapper class, not the primitive `double`.",
		"answers": ["g5h6j7k8", "l9z0x1c2"],
		"choices": [
			{
				"key": "a1s2d3f4",
				"value": "`ArrayList<double> list = new ArrayList<>();`"
			},
			{
				"key": "g5h6j7k8",
				"value": "`ArrayList<Double> list = new ArrayList<>();`"
			},
			{
				"key": "l9z0x1c2",
				"value": "`ArrayList<Double> list = new ArrayList<Double>();`"
			},
			{
				"key": "v3b4n5m6",
				"value": "`ArrayList<double> list = new ArrayList<double>();`"
			}
		],
		"group_id": "",
		"illustration": "NotSet",
		"key_concept": "Using wrapper classes with ArrayList",
		"kind": "Standalone",
		"order": 0,
		"question": "Which statements correctly create an `ArrayList` of `Double` values? Select all that apply.",
		"question_difficulty": "Medium",
		"question_type": "MultipleChoice",
		"tags": ["arraylist", "wrapper-classes", "java"],
		"target": "Exam"
	},
	{
		"answer_explanation": "When removing elements while iterating forward, the indices shift, causing elements to be skipped or errors.",
		"answers": ["g5h6j7k8"],
		"choices": [
			{
				"key": "a1s2d3f4",
				"value": "No issues; the code works as intended."
			},
			{
				"key": "g5h6j7k8",
				"value": "Yes, because removing elements shifts the indices."
			},
			{
				"key": "l9z0x1c2",
				"value": "Yes, because you cannot remove elements from an `ArrayList`."
			},
			{
				"key": "v3b4n5m6",
				"value": "No, because the loop adjusts automatically."
			}
		],
		"group_id": "",
		"illustration": "Code",
		"key_concept": "Modifying list during iteration",
		"kind": "Standalone",
		"order": 0,
		"question": "Is there a problem with the following code?\n\n```java\nfor (int i = 0; i < list.size(); i++) {\n    if (condition) {\n        list.remove(i);\n    }\n}\n```\n\nWhy?",
		"question_difficulty": "Hard",
		"question_type": "SingleChoice",
		"tags": ["arraylist", "iteration", "java"],
		"target": "Exam"
	},
	{
		"answer_explanation": "An `ArrayList` is preferable when you need a dynamic data structure, whereas arrays are fixed in size.",
		"answers": ["e5f6g7h8"],
		"choices": [
			{
				"key": "a1b2c3d4",
				"value": "Use an array for dynamic size."
			},
			{
				"key": "e5f6g7h8",
				"value": "Use an `ArrayList` for dynamic size."
			},
			{
				"key": "i9j0k1l2",
				"value": "Both are equally suitable."
			},
			{
				"key": "m3n4o5p6",
				"value": "Neither can handle dynamic sizes."
			}
		],
		"group_id": "",
		"illustration": "NotSet",
		"key_concept": "Choosing between Array and ArrayList",
		"kind": "Standalone",
		"order": 0,
		"question": "When would you prefer using an `ArrayList` over an array in Java?",
		"question_difficulty": "Easy",
		"question_type": "SingleChoice",
		"tags": ["arraylist", "arrays", "java"],
		"target": "Exam"
	},
	{
		"answer_explanation": "The `subList` method returns a view of the list; modifications affect the original list.",
		"answers": ["k9l8m7n6"],
		"choices": [
			{
				"key": "k9l8m7n6",
				"value": "Yes, changes to the sublist affect the original list."
			},
			{
				"key": "j5h4g3f2",
				"value": "No, the sublist is a separate copy."
			},
			{
				"key": "d1s2a3z4",
				"value": "Yes, but only if you reassign the original list."
			},
			{
				"key": "x5c6v7b8",
				"value": "No, the sublist cannot be modified."
			}
		],
		"group_id": "",
		"illustration": "NotSet",
		"key_concept": "Understanding `subList` method",
		"kind": "Standalone",
		"order": 0,
		"question": "Does modifying a sublist obtained from `ArrayList.subList()` affect the original list?",
		"question_difficulty": "Hard",
		"question_type": "SingleChoice",
		"tags": ["arraylist", "sublist", "java"],
		"target": "Exam"
	},
	{
		"answer_explanation": "An `ArrayList` is better for frequent insertions and deletions, while arrays are better for fixed-size data.",
		"answers": ["e5f6g7h8"],
		"choices": [
			{
				"key": "a1b2c3d4",
				"value": "Use arrays for frequent insertions and deletions."
			},
			{
				"key": "e5f6g7h8",
				"value": "Use `ArrayList` for frequent insertions and deletions."
			},
			{
				"key": "i9j0k1l2",
				"value": "Arrays and `ArrayList` perform the same."
			},
			{
				"key": "m3n4o5p6",
				"value": "Neither is suitable; use a `LinkedList`."
			}
		],
		"group_id": "",
		"illustration": "NotSet",
		"key_concept": "Performance considerations",
		"kind": "Standalone",
		"order": 0,
		"question": "Which is more efficient for frequent insertions and deletions in Java?",
		"question_difficulty": "Medium",
		"question_type": "SingleChoice",
		"tags": ["arraylist", "performance", "java"],
		"target": "Exam"
	},
	{
		"answer_explanation": "Yes, the enhanced for loop can be used to iterate over an `ArrayList`.",
		"answers": ["a1b2c3d4"],
		"choices": [
			{
				"key": "a1b2c3d4",
				"value": "True"
			},
			{
				"key": "e5f6g7h8",
				"value": "False"
			}
		],
		"group_id": "",
		"illustration": "NotSet",
		"key_concept": "Enhanced for loop usage",
		"kind": "Standalone",
		"order": 0,
		"question": "True or False: The enhanced for loop (`for-each` loop) can be used to iterate over an `ArrayList` in Java.",
		"question_difficulty": "Easy",
		"question_type": "TrueFalse",
		"tags": ["arraylist", "enhanced-for-loop", "java"],
		"target": "Exam"
	}
]
