[
	{
		"answer_explanation": "The `Vehicle` class likely serves as a superclass for `Car`, `Bike`, and `Truck`, allowing polymorphic behavior. Each subclass overrides the `move()` method to provide specific implementations.",
		"answers": ["a1b2c3d4"],
		"choices": [
			{ "key": "a1b2c3d4", "value": "I and III only" },
			{ "key": "e5f6g7h8", "value": "II only" },
			{ "key": "i9j0k1l2", "value": "I, II, and III" },
			{ "key": "m3n4o5p6", "value": "III only" }
		],
		"group_id": "G1H2J3K4",
		"illustration": "Code",
		"key_concept": "Inheritance and method overriding",
		"kind": "Group",
		"order": 1,
		"question": "You are given the following classes used in a transportation simulation program:\n\n```java\npublic class Vehicle {\n    public void move() {\n        System.out.println(\"Vehicle is moving\");\n    }\n}\n\npublic class Car extends Vehicle {\n    public void move() {\n        System.out.println(\"Car is driving\");\n    }\n}\n\npublic class Bike extends Vehicle {\n    public void move() {\n        System.out.println(\"Bike is cycling\");\n    }\n}\n\npublic class Truck extends Vehicle {\n    public void move() {\n        System.out.println(\"Truck is hauling\");\n    }\n}\n```\n\nWhich of the following statements are true?\n\nI. `Vehicle` is a superclass of `Car`, `Bike`, and `Truck`.\nII. `Vehicle` overrides the `move()` method of its subclasses.\nIII. Each subclass has its own implementation of `move()`.",
		"question_difficulty": "Medium",
		"question_type": "SingleChoice",
		"tags": ["java", "inheritance", "polymorphism"],
		"target": "Exam"
	},
	{
		"answer_explanation": "When `simulateMovement()` is called, it iterates over the `vehicles` array and calls `move()` on each `Vehicle` object. Due to polymorphism, the `move()` method of the actual object type is invoked.",
		"answers": ["q7r8s9t0"],
		"choices": [
			{ "key": "e5f6g7h8", "value": "It will not compile due to type mismatch." },
			{ "key": "q7r8s9t0", "value": "It uses polymorphism to call the correct `move()` method." },
			{ "key": "u1v2w3x4", "value": "It calls the `Vehicle` class's `move()` method for all vehicles." },
			{ "key": "y5z6a7b8", "value": "It results in a runtime error due to abstract methods." }
		],
		"group_id": "G1H2J3K4",
		"illustration": "Code",
		"key_concept": "Polymorphism in method calls",
		"kind": "Group",
		"order": 2,
		"question": "Consider the following method in the simulation program:\n\n```java\npublic class Simulation {\n    private Vehicle[] vehicles;\n\n    public Simulation() {\n        vehicles = new Vehicle[] { new Car(), new Bike(), new Truck() };\n    }\n\n    public void simulateMovement() {\n        for (Vehicle v : vehicles) {\n            v.move();\n        }\n    }\n}\n```\n\nWhat happens when `simulateMovement()` is called?",
		"question_difficulty": "Easy",
		"question_type": "SingleChoice",
		"tags": ["java", "polymorphism", "method-calls"],
		"target": "Exam"
	},
	{
		"answer_explanation": "Making `Vehicle` an abstract class prevents it from being instantiated and can define abstract methods. Alternatively, defining `move()` as an abstract method forces subclasses to provide an implementation.",
		"answers": ["c9d8e7f6"],
		"choices": [
			{ "key": "a1b2c3d4", "value": "Change `Vehicle` to an interface." },
			{ "key": "c9d8e7f6", "value": "Declare `Vehicle` as abstract and `move()` as an abstract method." },
			{ "key": "g5h6i7j8", "value": "Remove the `move()` method from `Vehicle`." },
			{ "key": "k1l2m3n4", "value": "Instantiate `Vehicle` directly in `Simulation`." }
		],
		"group_id": "G1H2J3K4",
		"illustration": "Code",
		"key_concept": "Abstract classes and methods",
		"kind": "Group",
		"order": 3,
		"question": "To ensure that no generic `Vehicle` objects are created and that all subclasses implement `move()`, what changes can be made to the `Vehicle` class?",
		"question_difficulty": "Hard",
		"question_type": "SingleChoice",
		"tags": ["java", "abstract-classes", "inheritance"],
		"target": "Exam"
	},
	{
		"answer_explanation": "The `MediaItem` class likely serves as a superclass for `Book`, `DVD`, and `Magazine`, allowing storage in a single array. Each subclass overrides `getInfo()` to provide specific details.",
		"answers": ["h1i2j3k4"],
		"choices": [
			{ "key": "h1i2j3k4", "value": "I and III only" },
			{ "key": "l5m6n7o8", "value": "II only" },
			{ "key": "p9q8r7s6", "value": "I, II, and III" },
			{ "key": "t5u4v3w2", "value": "III only" }
		],
		"group_id": "Z7X6C5V4",
		"illustration": "Code",
		"key_concept": "Inheritance hierarchy in library system",
		"kind": "Group",
		"order": 1,
		"question": "In a library management system, the following classes are used:\n\n```java\npublic class MediaItem {\n    public String getInfo() {\n        return \"General media item.\";\n    }\n}\n\npublic class Book extends MediaItem {\n    public String getInfo() {\n        return \"Book information.\";\n    }\n}\n\npublic class DVD extends MediaItem {\n    public String getInfo() {\n        return \"DVD information.\";\n    }\n}\n\npublic class Magazine extends MediaItem {\n    public String getInfo() {\n        return \"Magazine information.\";\n    }\n}\n```\n\nWhich statements are true?\n\nI. `MediaItem` is a superclass of `Book`, `DVD`, and `Magazine`.\nII. `MediaItem` cannot be instantiated.\nIII. Subclasses override the `getInfo()` method.",
		"question_difficulty": "Medium",
		"question_type": "SingleChoice",
		"tags": ["java", "inheritance", "overriding"],
		"target": "Exam"
	},
	{
		"answer_explanation": "When `displayItems()` is called, it uses polymorphism to invoke the overridden `getInfo()` method for each `MediaItem`, displaying specific information.",
		"answers": ["x3y2z1w0"],
		"choices": [
			{ "key": "a5b6c7d8", "value": "It displays \"General media item.\" for all items." },
			{ "key": "e9f0g1h2", "value": "It throws a runtime exception." },
			{ "key": "x3y2z1w0", "value": "It displays item-specific information using polymorphism." },
			{ "key": "i4j5k6l7", "value": "It fails to compile due to type mismatch." }
		],
		"group_id": "Z7X6C5V4",
		"illustration": "Code",
		"key_concept": "Polymorphism in arrays",
		"kind": "Group",
		"order": 2,
		"question": "Consider the following method in the library system:\n\n```java\npublic class Library {\n    private MediaItem[] items;\n\n    public Library() {\n        items = new MediaItem[] { new Book(), new DVD(), new Magazine() };\n    }\n\n    public void displayItems() {\n        for (MediaItem item : items) {\n            System.out.println(item.getInfo());\n        }\n    }\n}\n```\n\nWhat happens when `displayItems()` is called?",
		"question_difficulty": "Easy",
		"question_type": "SingleChoice",
		"tags": ["java", "polymorphism", "arrays"],
		"target": "Exam"
	},
	{
		"answer_explanation": "Making `MediaItem` an abstract class with an abstract `getInfo()` method ensures that all subclasses provide specific implementations and that `MediaItem` itself cannot be instantiated.",
		"answers": ["m9n8b7v6"],
		"choices": [
			{ "key": "q1w2e3r4", "value": "Define `MediaItem` as an interface." },
			{ "key": "t5y6u7i8", "value": "Remove the `getInfo()` method from `MediaItem`." },
			{ "key": "m9n8b7v6", "value": "Declare `MediaItem` as abstract with an abstract `getInfo()` method." },
			{ "key": "c5x4z3a2", "value": "Instantiate `MediaItem` directly in `Library`." }
		],
		"group_id": "Z7X6C5V4",
		"illustration": "Code",
		"key_concept": "Abstract classes enforcing method implementation",
		"kind": "Group",
		"order": 3,
		"question": "To prevent instantiation of `MediaItem` and ensure all subclasses implement `getInfo()`, what changes should be made?",
		"question_difficulty": "Hard",
		"question_type": "SingleChoice",
		"tags": ["java", "abstract-classes", "interfaces"],
		"target": "Exam"
	},
	{
		"answer_explanation": "The `Shape` class is likely a superclass for `Circle`, `Rectangle`, and `Triangle`. Each subclass overrides the `area()` method to compute its area.",
		"answers": ["d4e5f6g7"],
		"choices": [
			{ "key": "d4e5f6g7", "value": "I and III only" },
			{ "key": "h8i9j0k1", "value": "II only" },
			{ "key": "l2m3n4o5", "value": "I, II, and III" },
			{ "key": "p6q7r8s9", "value": "III only" }
		],
		"group_id": "N1M2B3V4",
		"illustration": "Code",
		"key_concept": "Inheritance and method overriding in geometry",
		"kind": "Group",
		"order": 1,
		"question": "In a graphics application, the following classes are used:\n\n```java\npublic class Shape {\n    public double area() {\n        return 0;\n    }\n}\n\npublic class Circle extends Shape {\n    private double radius;\n    public double area() {\n        return Math.PI * radius * radius;\n    }\n}\n\npublic class Rectangle extends Shape {\n    private double width, height;\n    public double area() {\n        return width * height;\n    }\n}\n\npublic class Triangle extends Shape {\n    private double base, height;\n    public double area() {\n        return 0.5 * base * height;\n    }\n}\n```\n\nWhich statements are true?\n\nI. `Shape` is a superclass of `Circle`, `Rectangle`, and `Triangle`.\nII. `Shape` cannot be instantiated.\nIII. Subclasses override the `area()` method.",
		"question_difficulty": "Medium",
		"question_type": "SingleChoice",
		"tags": ["java", "inheritance", "method-overriding"],
		"target": "Exam"
	},
	{
		"answer_explanation": "When `calculateTotalArea()` is called, it sums up the areas of all shapes by invoking the overridden `area()` methods, demonstrating polymorphism.",
		"answers": ["u8v7w6x5"],
		"choices": [
			{ "key": "a0b9c8d7", "value": "It calculates zero since `Shape`'s `area()` returns zero." },
			{ "key": "e6f5g4h3", "value": "It throws an exception due to missing implementations." },
			{ "key": "i2j1k0l9", "value": "It fails to compile due to abstract methods." },
			{ "key": "u8v7w6x5", "value": "It correctly calculates the total area using polymorphism." }
		],
		"group_id": "N1M2B3V4",
		"illustration": "Code",
		"key_concept": "Polymorphism in calculations",
		"kind": "Group",
		"order": 2,
		"question": "Consider the following method in the graphics application:\n\n```java\npublic class Canvas {\n    private Shape[] shapes;\n\n    public Canvas() {\n        shapes = new Shape[] { new Circle(), new Rectangle(), new Triangle() };\n    }\n\n    public double calculateTotalArea() {\n        double total = 0;\n        for (Shape s : shapes) {\n            total += s.area();\n        }\n        return total;\n    }\n}\n```\n\nWhat happens when `calculateTotalArea()` is called?",
		"question_difficulty": "Easy",
		"question_type": "SingleChoice",
		"tags": ["java", "polymorphism", "calculations"],
		"target": "Exam"
	},
	{
		"answer_explanation": "Declaring `Shape` as abstract and `area()` as an abstract method ensures that all subclasses provide an implementation and that `Shape` cannot be instantiated.",
		"answers": ["o9p8q7r6"],
		"choices": [
			{ "key": "m5n4b3v2", "value": "Define `Shape` as an interface." },
			{ "key": "o9p8q7r6", "value": "Make `Shape` abstract with an abstract `area()` method." },
			{ "key": "s1t2u3v4", "value": "Remove `area()` from `Shape`." },
			{ "key": "w5x6y7z8", "value": "Instantiate `Shape` directly in `Canvas`." }
		],
		"group_id": "N1M2B3V4",
		"illustration": "Code",
		"key_concept": "Abstract methods enforcing implementation",
		"kind": "Group",
		"order": 3,
		"question": "To ensure that `Shape` cannot be instantiated and that all shapes compute their area, what changes should be made to the `Shape` class?",
		"question_difficulty": "Hard",
		"question_type": "SingleChoice",
		"tags": ["java", "abstract-classes", "geometry"],
		"target": "Exam"
	},
	{
		"answer_explanation": "The `Employee` class likely serves as a superclass for `Manager`, `Engineer`, and `Intern`. Each subclass overrides `calculatePay()` to provide specific pay calculations.",
		"answers": ["k2l3m4n5"],
		"choices": [
			{ "key": "f6g7h8i9", "value": "II only" },
			{ "key": "j0k1l2m3", "value": "III only" },
			{ "key": "k2l3m4n5", "value": "I and III only" },
			{ "key": "o4p5q6r7", "value": "I, II, and III" }
		],
		"group_id": "A1S2D3F4",
		"illustration": "Code",
		"key_concept": "Inheritance in payroll system",
		"kind": "Group",
		"order": 1,
		"question": "In a payroll system, the following classes are used:\n\n```java\npublic class Employee {\n    public double calculatePay() {\n        return 0;\n    }\n}\n\npublic class Manager extends Employee {\n    public double calculatePay() {\n        return baseSalary + bonus;\n    }\n}\n\npublic class Engineer extends Employee {\n    public double calculatePay() {\n        return baseSalary + overtimePay;\n    }\n}\n\npublic class Intern extends Employee {\n    public double calculatePay() {\n        return stipend;\n    }\n}\n```\n\nWhich statements are true?\n\nI. `Employee` is a superclass of `Manager`, `Engineer`, and `Intern`.\nII. `Employee` cannot be instantiated.\nIII. Subclasses override the `calculatePay()` method.",
		"question_difficulty": "Medium",
		"question_type": "SingleChoice",
		"tags": ["java", "inheritance", "payroll"],
		"target": "Exam"
	},
	{
		"answer_explanation": "When `processPayroll()` is called, it calculates the total pay by invoking the overridden `calculatePay()` methods of each employee, demonstrating polymorphism.",
		"answers": ["s8t7u6v5"],
		"choices": [
			{ "key": "a9b8c7d6", "value": "It returns zero since `Employee`'s `calculatePay()` returns zero." },
			{ "key": "e5f4g3h2", "value": "It throws an exception due to abstract methods." },
			{ "key": "i1j0k9l8", "value": "It fails to compile due to missing implementations." },
			{ "key": "s8t7u6v5", "value": "It correctly processes payroll using polymorphism." }
		],
		"group_id": "A1S2D3F4",
		"illustration": "Code",
		"key_concept": "Polymorphism in method overriding",
		"kind": "Group",
		"order": 2,
		"question": "Consider the following method in the payroll system:\n\n```java\npublic class Payroll {\n    private Employee[] employees;\n\n    public Payroll() {\n        employees = new Employee[] { new Manager(), new Engineer(), new Intern() };\n    }\n\n    public double processPayroll() {\n        double total = 0;\n        for (Employee e : employees) {\n            total += e.calculatePay();\n        }\n        return total;\n    }\n}\n```\n\nWhat happens when `processPayroll()` is called?",
		"question_difficulty": "Easy",
		"question_type": "SingleChoice",
		"tags": ["java", "polymorphism", "method-overriding"],
		"target": "Exam"
	},
	{
		"answer_explanation": "Declaring `Employee` as abstract and `calculatePay()` as an abstract method ensures that all subclasses implement the method and that `Employee` cannot be instantiated.",
		"answers": ["w6x5y4z3"],
		"choices": [
			{ "key": "m7n8b9v0", "value": "Define `Employee` as an interface." },
			{ "key": "q1w2e3r4", "value": "Remove `calculatePay()` from `Employee`." },
			{ "key": "w6x5y4z3", "value": "Make `Employee` abstract with an abstract `calculatePay()` method." },
			{ "key": "t5y6u7i8", "value": "Instantiate `Employee` directly in `Payroll`." }
		],
		"group_id": "A1S2D3F4",
		"illustration": "Code",
		"key_concept": "Abstract classes in inheritance",
		"kind": "Group",
		"order": 3,
		"question": "To prevent instantiation of `Employee` and enforce implementation of `calculatePay()`, what changes should be made?",
		"question_difficulty": "Hard",
		"question_type": "SingleChoice",
		"tags": ["java", "abstract-classes", "inheritance"],
		"target": "Exam"
	},
	{
		"answer_explanation": "The `Animal` class likely serves as a superclass for `Dog`, `Cat`, and `Bird`. Each subclass overrides the `makeSound()` method.",
		"answers": ["c3d4e5f6"],
		"choices": [
			{ "key": "a1b2c3d4", "value": "II only" },
			{ "key": "c3d4e5f6", "value": "I and III only" },
			{ "key": "g7h8i9j0", "value": "III only" },
			{ "key": "k1l2m3n4", "value": "I, II, and III" }
		],
		"group_id": "Q1W2E3R4",
		"illustration": "Code",
		"key_concept": "Inheritance in animal hierarchy",
		"kind": "Group",
		"order": 1,
		"question": "In a zoo simulation, the following classes are used:\n\n```java\npublic class Animal {\n    public void makeSound() {\n        System.out.println(\"Some generic animal sound\");\n    }\n}\n\npublic class Dog extends Animal {\n    public void makeSound() {\n        System.out.println(\"Bark\");\n    }\n}\n\npublic class Cat extends Animal {\n    public void makeSound() {\n        System.out.println(\"Meow\");\n    }\n}\n\npublic class Bird extends Animal {\n    public void makeSound() {\n        System.out.println(\"Chirp\");\n    }\n}\n```\n\nWhich statements are true?\n\nI. `Animal` is a superclass of `Dog`, `Cat`, and `Bird`.\nII. `Animal` cannot be instantiated.\nIII. Subclasses override the `makeSound()` method.",
		"question_difficulty": "Medium",
		"question_type": "SingleChoice",
		"tags": ["java", "inheritance", "overriding"],
		"target": "Exam"
	},
	{
		"answer_explanation": "When `simulateSounds()` is called, it invokes the overridden `makeSound()` method for each animal, demonstrating polymorphism.",
		"answers": ["u7v8w9x0"],
		"choices": [
			{ "key": "e5f6g7h8", "value": "It prints \"Some generic animal sound\" for all animals." },
			{ "key": "i9j0k1l2", "value": "It throws a runtime exception." },
			{ "key": "m3n4o5p6", "value": "It fails to compile due to abstract methods." },
			{ "key": "u7v8w9x0", "value": "It correctly prints each animal's sound using polymorphism." }
		],
		"group_id": "Q1W2E3R4",
		"illustration": "Code",
		"key_concept": "Polymorphism in method calls",
		"kind": "Group",
		"order": 2,
		"question": "Consider the following method in the zoo simulation:\n\n```java\npublic class Zoo {\n    private Animal[] animals;\n\n    public Zoo() {\n        animals = new Animal[] { new Dog(), new Cat(), new Bird() };\n    }\n\n    public void simulateSounds() {\n        for (Animal a : animals) {\n            a.makeSound();\n        }\n    }\n}\n```\n\nWhat happens when `simulateSounds()` is called?",
		"question_difficulty": "Easy",
		"question_type": "SingleChoice",
		"tags": ["java", "polymorphism", "method-overriding"],
		"target": "Exam"
	},
	{
		"answer_explanation": "Declaring `Animal` as abstract and `makeSound()` as an abstract method ensures that all subclasses provide specific sound implementations and that `Animal` cannot be instantiated.",
		"answers": ["s1t2u3v4"],
		"choices": [
			{ "key": "a9b0c1d2", "value": "Define `Animal` as an interface." },
			{ "key": "e3f4g5h6", "value": "Remove `makeSound()` from `Animal`." },
			{ "key": "s1t2u3v4", "value": "Declare `Animal` as abstract with an abstract `makeSound()` method." },
			{ "key": "w5x6y7z8", "value": "Instantiate `Animal` directly in `Zoo`." }
		],
		"group_id": "Q1W2E3R4",
		"illustration": "Code",
		"key_concept": "Abstract classes and methods",
		"kind": "Group",
		"order": 3,
		"question": "To prevent instantiation of `Animal` and enforce implementation of `makeSound()`, what changes should be made?",
		"question_difficulty": "Hard",
		"question_type": "SingleChoice",
		"tags": ["java", "abstract-classes", "inheritance"],
		"target": "Exam"
	}
]
