[
	{
		"answer_explanation": "The best set of test data includes boundary values, invalid inputs, and typical values to thoroughly test the program. The set containing values like -1, 0, 1, 2, 3, 5, 16, 20, and 22 covers all weight ranges, including invalid and boundary cases.",
		"answers": ["x7y8z9w0"],
		"choices": [
			{ "key": "a1b2c3d4", "value": "1, 3, 6, 15" },
			{ "key": "e5f6g7h8", "value": "0, 2, 5, 20" },
			{ "key": "i9j0k1l2", "value": "All integers from -5 to 25" },
			{ "key": "m3n4o5p6", "value": "1, 4, 16" },
			{ "key": "x7y8z9w0", "value": "-1, 0, 1, 2, 3, 5, 16, 20, 22" }
		],
		"group_id": "",
		"illustration": "NotSet",
		"key_concept": "Boundary value analysis and test data selection",
		"kind": "Standalone",
		"order": 0,
		"question": "A delivery service charges shipping fees based on the weight of packages:\n\n- `0 < w <= 2` pounds: $5.00\n- `2 < w <= 5` pounds: $10.00\n- `5 < w <= 20` pounds: $20.00\n\nPackages over 20 pounds are not accepted. Which set of weights is best for testing a program that calculates shipping fees?",
		"question_difficulty": "Hard",
		"question_type": "SingleChoice",
		"tags": ["java", "testing", "boundary-values", "conditional-logic"],
		"target": "Exam"
	},
	{
		"answer_explanation": "To test all possible paths, including boundary conditions and invalid inputs, the set containing values like -1, 0, 1, 2, 2.5, 5, 10, 20, and 25 is most comprehensive.",
		"answers": ["s1t2u3v4"],
		"choices": [
			{ "key": "q1w2e3r4", "value": "1, 3, 7, 15" },
			{ "key": "s1t2u3v4", "value": "-1, 0, 1, 2, 2.5, 5, 10, 20, 25" },
			{ "key": "g5h6j7k8", "value": "0, 2, 5, 20" },
			{ "key": "l9z0x1c2", "value": "All positive integers up to 25" }
		],
		"group_id": "",
		"illustration": "NotSet",
		"key_concept": "Comprehensive test data selection",
		"kind": "Standalone",
		"order": 0,
		"question": "A fitness center charges membership fees based on age:\n\n- `0 < age <= 18`: $20/month\n- `18 < age <= 65`: $50/month\n- `age > 65`: $30/month\n\nWhich set of ages is best for testing a program that calculates membership fees?",
		"question_difficulty": "Hard",
		"question_type": "SingleChoice",
		"tags": ["java", "testing", "boundary-values", "age-validation"],
		"target": "Exam"
	},
	{
		"answer_explanation": "Testing should include boundary values and invalid inputs. The set with scores -5, 0, 50, 75, 100, and 105 covers all necessary cases.",
		"answers": ["m7n8o9p0"],
		"choices": [
			{ "key": "a9b0c1d2", "value": "50, 75, 90" },
			{ "key": "e3f4g5h6", "value": "0, 100" },
			{ "key": "m7n8o9p0", "value": "-5, 0, 50, 75, 100, 105" },
			{ "key": "q7r8s9t0", "value": "All integers from 0 to 100" }
		],
		"group_id": "",
		"illustration": "NotSet",
		"key_concept": "Boundary testing for grading systems",
		"kind": "Standalone",
		"order": 0,
		"question": "A school grading system assigns grades based on test scores:\n\n- `0 <= score < 60`: F\n- `60 <= score < 70`: D\n- `70 <= score < 80`: C\n- `80 <= score < 90`: B\n- `90 <= score <= 100`: A\n\nWhich set of scores is best for testing the grading program?",
		"question_difficulty": "Medium",
		"question_type": "SingleChoice",
		"tags": ["java", "testing", "grades", "boundary-values"],
		"target": "Exam"
	},
	{
		"answer_explanation": "Including negative numbers, zeros, and positive numbers ensures all scenarios are tested, especially boundary conditions and invalid inputs.",
		"answers": ["k9l8m7n6"],
		"choices": [
			{ "key": "d1s2a3z4", "value": "1, 2, 3, 4, 5" },
			{ "key": "g9h0j1k2", "value": "0, 5, 10, 15" },
			{ "key": "k9l8m7n6", "value": "-5, 0, 1, 5, 10, 20" },
			{ "key": "x5c6v7b8", "value": "All positive integers up to 20" }
		],
		"group_id": "",
		"illustration": "NotSet",
		"key_concept": "Testing with diverse numerical inputs",
		"kind": "Standalone",
		"order": 0,
		"question": "A bank application calculates interest rates based on account balances:\n\n- `balance < 0`: Invalid\n- `0 <= balance <= 1000`: 1% interest\n- `1000 < balance <= 5000`: 1.5% interest\n- `balance > 5000`: 2% interest\n\nWhich set of balances is best for testing the interest calculation program?",
		"question_difficulty": "Hard",
		"question_type": "SingleChoice",
		"tags": ["java", "testing", "financial", "boundary-values"],
		"target": "Exam"
	},
	{
		"answer_explanation": "Testing should cover empty strings, strings at the maximum allowed length, and strings exceeding the limit to check for proper handling.",
		"answers": ["c5d6e7f8"],
		"choices": [
			{ "key": "q7r8s9t0", "value": "\"hello\", \"world\"" },
			{ "key": "u5v6w7x8", "value": "Strings of length 5, 10, 15" },
			{ "key": "c5d6e7f8", "value": "\"\", \"aaaaaaaaaa\", \"aaaaaaaaaaa\"" },
			{ "key": "y1z2a3b4", "value": "All possible ASCII characters" }
		],
		"group_id": "",
		"illustration": "NotSet",
		"key_concept": "String length validation testing",
		"kind": "Standalone",
		"order": 0,
		"question": "A username validation program accepts usernames that are up to 10 characters long. Which set of usernames is best for testing the program?",
		"question_difficulty": "Medium",
		"question_type": "SingleChoice",
		"tags": ["java", "testing", "strings", "validation"],
		"target": "Exam"
	},
	{
		"answer_explanation": "Testing with the minimum, maximum, and values around the transition points ensures all cases are considered.",
		"answers": ["f5g6h7j8"],
		"choices": [
			{ "key": "a5s6d7f8", "value": "1, 50, 100" },
			{ "key": "f5g6h7j8", "value": "0, 49, 50, 51, 100" },
			{ "key": "l3k4j5h6", "value": "-1, 0, 100, 101" },
			{ "key": "p1a2s3d4", "value": "All integers from 0 to 100" }
		],
		"group_id": "",
		"illustration": "NotSet",
		"key_concept": "Boundary testing for numeric ranges",
		"kind": "Standalone",
		"order": 0,
		"question": "An application grants access based on a security level between 0 and 100 inclusive. Levels above 50 have special privileges. Which set of security levels is best for testing the access control logic?",
		"question_difficulty": "Medium",
		"question_type": "SingleChoice",
		"tags": ["java", "testing", "security", "boundary-values"],
		"target": "Exam"
	},
	{
		"answer_explanation": "Including dates before, on, and after the leap day tests the program's handling of leap years.",
		"answers": ["i3j4k5l6"],
		"choices": [
			{ "key": "m7n8o9p0", "value": "January 1, April 1, December 31" },
			{ "key": "i3j4k5l6", "value": "February 28, February 29, March 1" },
			{ "key": "u5v6w7x8", "value": "All dates in February" },
			{ "key": "q1r2s3t4", "value": "Dates in non-leap years" }
		],
		"group_id": "",
		"illustration": "NotSet",
		"key_concept": "Testing date-related logic for leap years",
		"kind": "Standalone",
		"order": 0,
		"question": "A calendar application needs to correctly handle leap years. Which set of dates is best for testing leap year functionality?",
		"question_difficulty": "Hard",
		"question_type": "SingleChoice",
		"tags": ["java", "testing", "dates", "leap-year"],
		"target": "Exam"
	},
	{
		"answer_explanation": "Testing with values around the division by zero point ensures the program handles exceptions properly.",
		"answers": ["x5c6v7b8"],
		"choices": [
			{ "key": "d1s2a3z4", "value": "10, 20, 30" },
			{ "key": "g9h0j1k2", "value": "0, 1, -1" },
			{ "key": "x5c6v7b8", "value": "-0.1, 0, 0.1" },
			{ "key": "k9l8m7n6", "value": "All integers except zero" }
		],
		"group_id": "",
		"illustration": "NotSet",
		"key_concept": "Exception handling for division by zero",
		"kind": "Standalone",
		"order": 0,
		"question": "A program performs division and needs to handle division by zero exceptions. Which set of divisor values is best for testing this functionality?",
		"question_difficulty": "Hard",
		"question_type": "SingleChoice",
		"tags": ["java", "testing", "exceptions", "division"],
		"target": "Exam"
	},
	{
		"answer_explanation": "Testing with values at, below, and above the password length requirement checks the validation logic thoroughly.",
		"answers": ["e5f6g7h8"],
		"choices": [
			{ "key": "a1b2c3d4", "value": "Passwords of length 8" },
			{ "key": "e5f6g7h8", "value": "Passwords of length 7, 8, and 9" },
			{ "key": "i9j0k1l2", "value": "All possible alphanumeric passwords" },
			{ "key": "m3n4o5p6", "value": "Common passwords like 'password', '123456'" }
		],
		"group_id": "",
		"illustration": "NotSet",
		"key_concept": "Password validation testing",
		"kind": "Standalone",
		"order": 0,
		"question": "A system requires passwords to be at least 8 characters long. Which set of passwords is best for testing the password validation logic?",
		"question_difficulty": "Medium",
		"question_type": "SingleChoice",
		"tags": ["java", "testing", "security", "passwords"],
		"target": "Exam"
	},
	{
		"answer_explanation": "Testing with maximum, minimum, and out-of-range values ensures that the array index handling is correct.",
		"answers": ["c9d8e7f6"],
		"choices": [
			{ "key": "g5h6j7k8", "value": "Indices 0, 1, 2" },
			{ "key": "c9d8e7f6", "value": "Indices -1, 0, array.length, array.length + 1" },
			{ "key": "l9z0x1c2", "value": "All valid indices" },
			{ "key": "v3b4n5m6", "value": "Indices in the middle of the array" }
		],
		"group_id": "",
		"illustration": "NotSet",
		"key_concept": "Array index bounds checking",
		"kind": "Standalone",
		"order": 0,
		"question": "A program accesses elements in an array. Which set of indices is best for testing array bounds checking?",
		"question_difficulty": "Hard",
		"question_type": "SingleChoice",
		"tags": ["java", "testing", "arrays", "exceptions"],
		"target": "Exam"
	},
	{
		"answer_explanation": "Including numbers that are prime, composite, even, odd, and negative tests the number classification logic comprehensively.",
		"answers": ["k3l4m5n6"],
		"choices": [
			{ "key": "e9f0g1h2", "value": "2, 3, 5, 7" },
			{ "key": "k3l4m5n6", "value": "-5, 0, 1, 2, 4, 9, 13" },
			{ "key": "h5i6j7k8", "value": "All positive integers" },
			{ "key": "o7p8q9r0", "value": "Even numbers only" }
		],
		"group_id": "",
		"illustration": "NotSet",
		"key_concept": "Number classification testing",
		"kind": "Standalone",
		"order": 0,
		"question": "A program classifies numbers as prime or composite. Which set of numbers is best for testing this program?",
		"question_difficulty": "Medium",
		"question_type": "SingleChoice",
		"tags": ["java", "testing", "numbers", "prime"],
		"target": "Exam"
	},
	{
		"answer_explanation": "Testing with empty inputs, valid inputs, and inputs exceeding maximum length ensures robust input validation.",
		"answers": ["m3n4o5p6"],
		"choices": [
			{ "key": "a1b2c3d4", "value": "Valid email addresses only" },
			{ "key": "e5f6g7h8", "value": "Invalid email formats" },
			{ "key": "i9j0k1l2", "value": "Emails with special characters" },
			{ "key": "m3n4o5p6", "value": "Empty string, valid email, excessively long email" }
		],
		"group_id": "",
		"illustration": "NotSet",
		"key_concept": "Input validation testing for email fields",
		"kind": "Standalone",
		"order": 0,
		"question": "An application requires users to input their email addresses. Which set of inputs is best for testing the email validation logic?",
		"question_difficulty": "Hard",
		"question_type": "SingleChoice",
		"tags": ["java", "testing", "validation", "email"],
		"target": "Exam"
	},
	{
		"answer_explanation": "Testing with different time zones, including daylight saving transitions, ensures the program handles date and time correctly.",
		"answers": ["q1w2e3r4"],
		"choices": [
			{ "key": "q1w2e3r4", "value": "Times during DST change, across multiple zones" },
			{ "key": "t5y6u7i8", "value": "Standard business hours" },
			{ "key": "o9p0a1s2", "value": "Midnight times only" },
			{ "key": "d3f4g5h6", "value": "Times in a single time zone" }
		],
		"group_id": "",
		"illustration": "NotSet",
		"key_concept": "Testing time zone and daylight saving logic",
		"kind": "Standalone",
		"order": 0,
		"question": "A scheduling application must correctly handle appointments across different time zones and during daylight saving time changes. Which set of times is best for testing this functionality?",
		"question_difficulty": "Hard",
		"question_type": "SingleChoice",
		"tags": ["java", "testing", "dates", "time-zones"],
		"target": "Exam"
	},
	{
		"answer_explanation": "Testing with various currency formats, including invalid inputs, ensures the parsing logic is robust.",
		"answers": ["s7t8u9v0"],
		"choices": [
			{ "key": "m3n4o5p6", "value": "$1000, €2000, ¥3000" },
			{ "key": "s7t8u9v0", "value": "\"1000\", \"$1,000.00\", \"1.000,00€\", \"abc\"" },
			{ "key": "g9h0j1k2", "value": "Numeric values only" },
			{ "key": "l3k4j5h6", "value": "Negative amounts" }
		],
		"group_id": "",
		"illustration": "NotSet",
		"key_concept": "Parsing and validation of currency inputs",
		"kind": "Standalone",
		"order": 0,
		"question": "A financial application needs to parse user-entered currency amounts. Which set of inputs is best for testing the currency parsing functionality?",
		"question_difficulty": "Medium",
		"question_type": "SingleChoice",
		"tags": ["java", "testing", "parsing", "currency"],
		"target": "Exam"
	},
	{
		"answer_explanation": "Testing with special characters, different encodings, and invalid byte sequences ensures the program handles text encoding correctly.",
		"answers": ["v3b4n5m6"],
		"choices": [
			{ "key": "a1s2d3f4", "value": "ASCII characters only" },
			{ "key": "g5h6j7k8", "value": "Unicode characters" },
			{ "key": "v3b4n5m6", "value": "Mixed encodings, invalid sequences, special characters" },
			{ "key": "l9z0x1c2", "value": "Alphanumeric characters" }
		],
		"group_id": "",
		"illustration": "NotSet",
		"key_concept": "Testing text encoding and decoding",
		"kind": "Standalone",
		"order": 0,
		"question": "A messaging app must correctly handle text messages with various character encodings. Which set of inputs is best for testing text encoding and decoding?",
		"question_difficulty": "Hard",
		"question_type": "SingleChoice",
		"tags": ["java", "testing", "encoding", "text"],
		"target": "Exam"
	},
	{
		"answer_explanation": "Including empty lists, single-element lists, and large lists tests the program's ability to handle collections of varying sizes.",
		"answers": ["i9j0k1l2"],
		"choices": [
			{ "key": "a1b2c3d4", "value": "Lists with 10 elements" },
			{ "key": "e5f6g7h8", "value": "Lists with negative sizes" },
			{ "key": "i9j0k1l2", "value": "Empty list, single-element list, large list" },
			{ "key": "m3n4o5p6", "value": "Lists with duplicate elements" }
		],
		"group_id": "",
		"illustration": "NotSet",
		"key_concept": "Testing collection handling with varying sizes",
		"kind": "Standalone",
		"order": 0,
		"question": "A sorting algorithm needs to handle lists of different sizes. Which set of lists is best for testing the algorithm's robustness?",
		"question_difficulty": "Medium",
		"question_type": "SingleChoice",
		"tags": ["java", "testing", "collections", "algorithms"],
		"target": "Exam"
	},
	{
		"answer_explanation": "Testing with maximum allowed values, zero, and negative numbers checks the program's ability to handle edge cases in numerical computations.",
		"answers": ["e5f6g7h8"],
		"choices": [
			{ "key": "a1b2c3d4", "value": "Positive numbers only" },
			{ "key": "e5f6g7h8", "value": "-Double.MAX_VALUE, 0, Double.MAX_VALUE" },
			{ "key": "m3n4o5p6", "value": "Random numbers between 1 and 100" },
			{ "key": "q7r8s9t0", "value": "NaN and Infinity values" }
		],
		"group_id": "",
		"illustration": "NotSet",
		"key_concept": "Testing numerical computations with extreme values",
		"kind": "Standalone",
		"order": 0,
		"question": "A scientific computation program performs calculations with floating-point numbers. Which set of numbers is best for testing the program's numerical stability?",
		"question_difficulty": "Hard",
		"question_type": "SingleChoice",
		"tags": ["java", "testing", "floating-point", "numerical"],
		"target": "Exam"
	}
]
