[
	{
		"answer_explanation": "Both `p1.childMethod();` and `p2.childMethod();` will cause compile-time errors because `ParentClass` does not have a `childMethod()`, and both `p1` and `p2` are of type `ParentClass`. Even though `p2` refers to a `ChildClass` object at runtime, the compiler only recognizes its declared type.",
		"answers": ["q7r8s9t0"],
		"choices": [
			{ "key": "a1b2c3d4", "value": "None" },
			{ "key": "e5f6g7h8", "value": "I only" },
			{ "key": "i9j0k1l2", "value": "II only" },
			{ "key": "m3n4o5p6", "value": "III only" },
			{ "key": "q7r8s9t0", "value": "I and II only" }
		],
		"group_id": "",
		"illustration": "Code",
		"key_concept": "Inheritance, method accessibility, compile-time errors",
		"kind": "Standalone",
		"order": 0,
		"question": "Refer to the following class definitions:\n\n```java\npublic class ParentClass {\n    public void parentMethod() {\n        // Implementation not shown\n    }\n}\n\npublic class ChildClass extends ParentClass {\n    public void childMethod() {\n        // Implementation not shown\n    }\n}\n```\n\nConsider the following declarations:\n\n```java\nParentClass p1 = new ParentClass();\nParentClass p2 = new ChildClass();\n```\n\nWhich of the following method calls will cause a compile-time error?\n\nI. `p1.childMethod();`\nII. `p2.childMethod();`\nIII. `p2.parentMethod();`",
		"question_difficulty": "Medium",
		"question_type": "SingleChoice",
		"tags": ["java", "inheritance", "compile-time-error", "polymorphism"],
		"target": "Exam"
	},
	{
		"answer_explanation": "`i1.methodTwo();` will cause a compile-time error because `InterfaceOne` does not declare `methodTwo()`. Even though `i1` refers to an instance of `ClassThree`, the compiler only knows about methods declared in `InterfaceOne`.",
		"answers": ["i9j0k1l2"],
		"choices": [
			{ "key": "a9b8c7d6", "value": "None" },
			{ "key": "e5f4g3h2", "value": "I only" },
			{ "key": "i9j0k1l2", "value": "II only" },
			{ "key": "m5n6o7p8", "value": "III only" },
			{ "key": "q9r0s1t2", "value": "II and III only" }
		],
		"group_id": "",
		"illustration": "Code",
		"key_concept": "Interfaces, method implementation, compile-time errors",
		"kind": "Standalone",
		"order": 0,
		"question": "Given the following interface and class:\n\n```java\npublic interface InterfaceOne {\n    void methodOne();\n}\n\npublic class ClassThree implements InterfaceOne {\n    public void methodOne() {\n        // Implementation not shown\n    }\n    public void methodTwo() {\n        // Implementation not shown\n    }\n}\n```\n\nConsider the following declarations:\n\n```java\nInterfaceOne i1 = new ClassThree();\nClassThree c3 = new ClassThree();\n```\n\nWhich of the following method calls will cause a compile-time error?\n\nI. `i1.methodOne();`\nII. `i1.methodTwo();`\nIII. `c3.methodTwo();`",
		"question_difficulty": "Medium",
		"question_type": "SingleChoice",
		"tags": ["java", "interfaces", "compile-time-error", "method-calls"],
		"target": "Exam"
	},
	{
		"answer_explanation": "`a1.additionalMethod();` will cause a compile-time error because `AbstractClass` does not declare `additionalMethod()`, and `a1` is of type `AbstractClass`. `a1.abstractMethod();` and `c1.concreteMethod();` are valid calls.",
		"answers": ["j9k0l1m2"],
		"choices": [
			{ "key": "b1c2d3e4", "value": "None" },
			{ "key": "f5g6h7i8", "value": "I only" },
			{ "key": "j9k0l1m2", "value": "II only" },
			{ "key": "n3o4p5q6", "value": "III only" },
			{ "key": "r7s8t9u0", "value": "I and II only" }
		],
		"group_id": "",
		"illustration": "Code",
		"key_concept": "Abstract classes, method implementation, compile-time errors",
		"kind": "Standalone",
		"order": 0,
		"question": "Consider the following classes:\n\n```java\npublic abstract class AbstractClass {\n    public abstract void abstractMethod();\n    public void concreteMethod() {\n        // Implementation not shown\n    }\n}\n\npublic class ConcreteClass extends AbstractClass {\n    public void abstractMethod() {\n        // Implementation not shown\n    }\n    public void additionalMethod() {\n        // Implementation not shown\n    }\n}\n```\n\nWith the declarations:\n\n```java\nAbstractClass a1 = new ConcreteClass();\nConcreteClass c1 = new ConcreteClass();\n```\n\nWhich method calls will cause a compile-time error?\n\nI. `a1.abstractMethod();`\nII. `a1.additionalMethod();`\nIII. `c1.concreteMethod();`",
		"question_difficulty": "Medium",
		"question_type": "SingleChoice",
		"tags": ["java", "abstract-classes", "compile-time-error", "inheritance"],
		"target": "Exam"
	},
	{
		"answer_explanation": "Both `ia.methodB();` and `ib.methodA();` will cause compile-time errors because `InterfaceA` doesn't declare `methodB()` and `InterfaceB` doesn't declare `methodA()`. `cc.methodC();` is valid.",
		"answers": ["l7m8n9o0"],
		"choices": [
			{ "key": "v1w2x3y4", "value": "None" },
			{ "key": "z5a6b7c8", "value": "I only" },
			{ "key": "d9e0f1g2", "value": "II only" },
			{ "key": "h3i4j5k6", "value": "III only" },
			{ "key": "l7m8n9o0", "value": "I and II only" }
		],
		"group_id": "",
		"illustration": "Code",
		"key_concept": "Multiple interfaces, method availability, compile-time errors",
		"kind": "Standalone",
		"order": 0,
		"question": "Consider the following interfaces and class:\n\n```java\npublic interface InterfaceA {\n    void methodA();\n}\n\npublic interface InterfaceB {\n    void methodB();\n}\n\npublic class CombinedClass implements InterfaceA, InterfaceB {\n    public void methodA() {\n        // Implementation not shown\n    }\n    public void methodB() {\n        // Implementation not shown\n    }\n    public void methodC() {\n        // Implementation not shown\n    }\n}\n```\n\nWith declarations:\n\n```java\nInterfaceA ia = new CombinedClass();\nInterfaceB ib = new CombinedClass();\nCombinedClass cc = new CombinedClass();\n```\n\nWhich method calls will cause a compile-time error?\n\nI. `ia.methodB();`\nII. `ib.methodA();`\nIII. `cc.methodC();`",
		"question_difficulty": "Medium",
		"question_type": "SingleChoice",
		"tags": ["java", "interfaces", "compile-time-error", "multiple-inheritance"],
		"target": "Exam"
	},
	{
		"answer_explanation": "All three method calls will cause compile-time errors. `animal1.feedMilk();` is invalid because `Animal` does not have `feedMilk()`. `mammal1.fly();` and `mammal2.fly();` are invalid because `Mammal` does not have `fly()`, and both `mammal1` and `mammal2` are of type `Mammal`.",
		"answers": ["t5u6v7w8", "x9y0z1a2", "b3c4d5e6"],
		"choices": [
			{ "key": "t5u6v7w8", "value": "I. `animal1.feedMilk();`" },
			{ "key": "x9y0z1a2", "value": "II. `mammal1.fly();`" },
			{ "key": "b3c4d5e6", "value": "III. `mammal2.fly();`" },
			{ "key": "f7g8h9i0", "value": "None" },
			{ "key": "j1k2l3m4", "value": "All of the above" }
		],
		"group_id": "",
		"illustration": "Code",
		"key_concept": "Inheritance hierarchy, method accessibility, compile-time errors",
		"kind": "Standalone",
		"order": 0,
		"question": "Given the following classes:\n\n```java\npublic class Animal {\n    public void eat() {\n        // Implementation not shown\n    }\n}\n\npublic class Mammal extends Animal {\n    public void feedMilk() {\n        // Implementation not shown\n    }\n}\n\npublic class Bat extends Mammal {\n    public void fly() {\n        // Implementation not shown\n    }\n}\n```\n\nAnd declarations:\n\n```java\nAnimal animal1 = new Animal();\nMammal mammal1 = new Mammal();\nMammal mammal2 = new Bat();\nBat bat1 = new Bat();\n```\n\nWhich method calls will cause a compile-time error? Select all that apply.\n\nI. `animal1.feedMilk();`\nII. `mammal1.fly();`\nIII. `mammal2.fly();`",
		"question_difficulty": "Hard",
		"question_type": "MultipleChoice",
		"tags": ["java", "inheritance", "compile-time-error", "method-calls"],
		"target": "Exam"
	},
	{
		"answer_explanation": "Calling `calculateArea(shape1);` will cause a compile-time error because `shape1` is declared as `Shape`, and the method expects a `Circle`. Even though `shape1` refers to a `Circle` at runtime, its declared type is `Shape`.",
		"answers": ["d4e5f6g7"],
		"choices": [
			{ "key": "d4e5f6g7", "value": "`calculateArea(shape1);`" },
			{ "key": "h8i9j0k1", "value": "`displayShape(shape2);`" },
			{ "key": "l2m3n4o5", "value": "`displayShape(shape1);`" },
			{ "key": "p6q7r8s9", "value": "`calculateArea(circle1);`" },
			{ "key": "t0u1v2w3", "value": "`calculateArea(circle2);`" }
		],
		"group_id": "",
		"illustration": "Code",
		"key_concept": "Type casting, method parameters, inheritance",
		"kind": "Standalone",
		"order": 0,
		"question": "Given the class hierarchy:\n\n```mermaid\ngraph TD;\n  Shape --> Circle;\n  Circle --> Cylinder;\n```\n\nAnd the code:\n\n```java\npublic class ShapeCalculator {\n    public static void displayShape(Shape s) { /* not shown */ }\n    public static void calculateArea(Circle c) { /* not shown */ }\n\n    public static void main(String[] args) {\n        Shape shape1 = new Circle();\n        Shape shape2 = new Shape();\n        Circle circle1 = new Circle();\n        Circle circle2 = new Cylinder();\n        /* more code */\n    }\n}\n```\n\nWhich line in `/* more code */` will cause a compile-time error?",
		"question_difficulty": "Medium",
		"question_type": "SingleChoice",
		"tags": ["java", "inheritance", "type-casting", "compile-time-error"],
		"target": "Exam"
	},
	{
		"answer_explanation": "Both `scheduleAppointment(person1);` and `scheduleAppointment(person2);` will cause compile-time errors because `Person` cannot be passed to a method expecting a `Patient`.",
		"answers": ["h9i0j1k2", "l3m4n5o6"],
		"choices": [
			{ "key": "h9i0j1k2", "value": "`scheduleAppointment(person1);`" },
			{ "key": "l3m4n5o6", "value": "`scheduleAppointment(person2);`" },
			{ "key": "p7q8r9s0", "value": "`registerPatient(patient1);`" },
			{ "key": "t1u2v3w4", "value": "`scheduleAppointment(patient2);`" },
			{ "key": "x5y6z7a8", "value": "`registerPatient(patient2);`" }
		],
		"group_id": "",
		"illustration": "Code",
		"key_concept": "Method overloading, inheritance, multiple correct answers",
		"kind": "Standalone",
		"order": 0,
		"question": "Given the classes:\n\n```mermaid\ngraph TD;\n  Person --> Patient;\n  Patient --> InPatient;\n```\n\nAnd code snippet:\n\n```java\npublic class Hospital {\n    public static void scheduleAppointment(Patient p) { /* not shown */ }\n    public static void registerPatient(Patient p) { /* not shown */ }\n\n    public static void main(String[] args) {\n        Person person1 = new Person();\n        Person person2 = new Patient();\n        Patient patient1 = new Patient();\n        Patient patient2 = new InPatient();\n        /* more code */\n    }\n}\n```\n\nWhich method calls in `/* more code */` will cause compile-time errors? Select all that apply.",
		"question_difficulty": "Hard",
		"question_type": "MultipleChoice",
		"tags": ["java", "method-overloading", "inheritance", "compile-time-error"],
		"target": "Exam"
	},
	{
		"answer_explanation": "Calls to `computeArea(shape1);` and `computeArea(shape2);` will cause compile-time errors because `computeArea` expects a `Triangle`, and `shape1` and `shape2` are of type `Shape`.",
		"answers": ["e6f7g8h9", "i0j1k2l3"],
		"choices": [
			{ "key": "e6f7g8h9", "value": "`computeArea(shape1);`" },
			{ "key": "i0j1k2l3", "value": "`computeArea(shape2);`" },
			{ "key": "m4n5o6p7", "value": "`computeArea(triangle1);`" },
			{ "key": "q8r9s0t1", "value": "`displayShape(shape1);`" },
			{ "key": "u2v3w4x5", "value": "`displayShape(triangle2);`" }
		],
		"group_id": "",
		"illustration": "Code",
		"key_concept": "Inheritance, method overloading, multiple correct answers",
		"kind": "Standalone",
		"order": 0,
		"question": "Consider the following hierarchy:\n\n```mermaid\ngraph TD;\n  Shape --> Triangle;\n  Triangle --> EquilateralTriangle;\n```\n\nAnd the code:\n\n```java\npublic class Geometry {\n    public static void displayShape(Shape s) { /* not shown */ }\n    public static void computeArea(Triangle t) { /* not shown */ }\n\n    public static void main(String[] args) {\n        Shape shape1 = new Shape();\n        Shape shape2 = new Triangle();\n        Triangle triangle1 = new Triangle();\n        Triangle triangle2 = new EquilateralTriangle();\n        /* more code */\n    }\n}\n```\n\nWhich method calls in `/* more code */` will cause compile-time errors? Select all that apply.",
		"question_difficulty": "Hard",
		"question_type": "MultipleChoice",
		"tags": ["java", "inheritance", "method-overloading", "compile-time-error"],
		"target": "Exam"
	},
	{
		"answer_explanation": "Calling `startBike(vehicle1);` will cause a compile-time error because `vehicle1` is of type `Vehicle`, and `startBike` expects a `Bike` object.",
		"answers": ["g8h9i0j1"],
		"choices": [
			{ "key": "g8h9i0j1", "value": "`startBike(vehicle1);`" },
			{ "key": "k2l3m4n5", "value": "`startVehicle(bike1);`" },
			{ "key": "o6p7q8r9", "value": "`startBike(bike2);`" },
			{ "key": "s0t1u2v3", "value": "`startVehicle(vehicle2);`" },
			{ "key": "w4x5y6z7", "value": "`startVehicle(vehicle1);`" }
		],
		"group_id": "",
		"illustration": "Code",
		"key_concept": "Type compatibility, method overloading",
		"kind": "Standalone",
		"order": 0,
		"question": "Given the classes:\n\n```mermaid\ngraph TD;\n  Vehicle --> Bike;\n  Bike --> MountainBike;\n```\n\nAnd code:\n\n```java\npublic class Transportation {\n    public static void startVehicle(Vehicle v) { /* not shown */ }\n    public static void startBike(Bike b) { /* not shown */ }\n\n    public static void main(String[] args) {\n        Vehicle vehicle1 = new Vehicle();\n        Vehicle vehicle2 = new Bike();\n        Bike bike1 = new Bike();\n        Bike bike2 = new MountainBike();\n        /* more code */\n    }\n}\n```\n\nWhich method call will cause a compile-time error?",
		"question_difficulty": "Medium",
		"question_type": "SingleChoice",
		"tags": ["java", "method-overloading", "type-compatibility", "inheritance"],
		"target": "Exam"
	},
	{
		"answer_explanation": "Calling `feedCarnivore(animal2);` will cause a compile-time error because `animal2` is declared as `Animal`, and `feedCarnivore` expects a `Carnivore`.",
		"answers": ["i0j1k2l3"],
		"choices": [
			{ "key": "i0j1k2l3", "value": "`feedCarnivore(animal2);`" },
			{ "key": "m4n5o6p7", "value": "`feedAnimal(carnivore1);`" },
			{ "key": "q8r9s0t1", "value": "`feedCarnivore(carnivore2);`" },
			{ "key": "u2v3w4x5", "value": "`feedAnimal(animal1);`" },
			{ "key": "y6z7a8b9", "value": "`feedAnimal(animal2);`" }
		],
		"group_id": "",
		"illustration": "Code",
		"key_concept": "Inheritance, method parameters, compile-time error",
		"kind": "Standalone",
		"order": 0,
		"question": "Consider the following classes:\n\n```mermaid\ngraph TD;\n  Animal --> Carnivore;\n  Carnivore --> Lion;\n```\n\nAnd the code:\n\n```java\npublic class Zoo {\n    public static void feedAnimal(Animal a) { /* not shown */ }\n    public static void feedCarnivore(Carnivore c) { /* not shown */ }\n\n    public static void main(String[] args) {\n        Animal animal1 = new Animal();\n        Animal animal2 = new Carnivore();\n        Carnivore carnivore1 = new Carnivore();\n        Carnivore carnivore2 = new Lion();\n        /* more code */\n    }\n}\n```\n\nWhich method call will cause a compile-time error?",
		"question_difficulty": "Medium",
		"question_type": "SingleChoice",
		"tags": ["java", "inheritance", "method-parameters", "compile-time-error"],
		"target": "Exam"
	},
	{
		"answer_explanation": "Calling `editSpreadsheet(document1);` will cause a compile-time error because `document1` is of type `Document`, and `editSpreadsheet` expects a `Spreadsheet`.",
		"answers": ["k3l4m5n6"],
		"choices": [
			{ "key": "k3l4m5n6", "value": "`editSpreadsheet(document1);`" },
			{ "key": "o7p8q9r0", "value": "`saveDocument(spreadsheet1);`" },
			{ "key": "s1t2u3v4", "value": "`editSpreadsheet(spreadsheet2);`" },
			{ "key": "w5x6y7z8", "value": "`saveDocument(document2);`" },
			{ "key": "a9b0c1d2", "value": "`saveDocument(document1);`" }
		],
		"group_id": "",
		"illustration": "Code",
		"key_concept": "Method parameters, inheritance, compile-time error",
		"kind": "Standalone",
		"order": 0,
		"question": "Consider the classes:\n\n```mermaid\ngraph TD;\n  Document --> Spreadsheet;\n  Spreadsheet --> ExcelSheet;\n```\n\nAnd the code:\n\n```java\npublic class Office {\n    public static void saveDocument(Document d) { /* not shown */ }\n    public static void editSpreadsheet(Spreadsheet s) { /* not shown */ }\n\n    public static void main(String[] args) {\n        Document document1 = new Document();\n        Document document2 = new Spreadsheet();\n        Spreadsheet spreadsheet1 = new Spreadsheet();\n        Spreadsheet spreadsheet2 = new ExcelSheet();\n        /* more code */\n    }\n}\n```\n\nWhich method call will cause a compile-time error?",
		"question_difficulty": "Medium",
		"question_type": "SingleChoice",
		"tags": ["java", "method-parameters", "inheritance", "compile-time-error"],
		"target": "Exam"
	}
]
