[
	{
		"answer_explanation": "Calling `serviceCar(vehicle2);` will cause a compile-time error because `vehicle2` is declared as `Vehicle`, and the method `serviceCar` expects a `Car` object. Although `vehicle2` refers to a `Car` at runtime, the compiler only recognizes its declared type.",
		"answers": ["a1b2c3d4"],
		"choices": [
			{ "key": "a1b2c3d4", "value": "`serviceCar(vehicle2);`" },
			{ "key": "e5f6g7h8", "value": "`serviceVehicle(car2);`" },
			{ "key": "i9j0k1l2", "value": "`serviceVehicle(vehicle1);`" },
			{ "key": "m3n4o5p6", "value": "`serviceCar(car2);`" },
			{ "key": "q7r8s9t0", "value": "`serviceCar(car1);`" }
		],
		"group_id": "",
		"illustration": "Code",
		"key_concept": "Polymorphism, method overloading, compile-time type checking",
		"kind": "Standalone",
		"order": 0,
		"question": "Consider the following class hierarchy:\n\n```mermaid\ngraph TD;\n  Vehicle --> Car;\n  Car --> SportsCar;\n```\n\nA program is written to manage vehicles:\n\n```java\npublic class VehicleManager {\n    public static void serviceVehicle(Vehicle v) { /* implementation not shown */ }\n    public static void serviceCar(Car c) { /* implementation not shown */ }\n\n    public static void main(String[] args) {\n        Vehicle vehicle1 = new Vehicle();\n        Vehicle vehicle2 = new Car();\n        Car car1 = new Car();\n        Car car2 = new SportsCar();\n        /* more code */\n    }\n}\n```\n\nAssuming that all classes have no-argument constructors, which of the following lines of code in `/* more code */` will cause a compile-time error?",
		"question_difficulty": "Medium",
		"question_type": "SingleChoice",
		"tags": ["java", "inheritance", "polymorphism", "compile-time-error"],
		"target": "Exam"
	},
	{
		"answer_explanation": "Method calls I, II, and V will cause compile-time errors. In I and II, `shape2` and `shape3` are declared as `Shape`, so they cannot be passed to methods expecting `Rectangle` and `Circle`, respectively. In V, `shape1` is of type `Shape` and cannot be passed to `drawRectangle()`. Methods III and IV are valid because `rect1` is a `Rectangle` (which is a `Shape`), and `circle2` is a `Circle` (even if it refers to an `Ellipse`).",
		"answers": ["a1b2c3d4", "e5f6g7h8", "q7r8s9t0"],
		"choices": [
			{ "key": "a1b2c3d4", "value": "I. `drawRectangle(shape2);`" },
			{ "key": "e5f6g7h8", "value": "II. `drawCircle(shape3);`" },
			{ "key": "i9j0k1l2", "value": "III. `drawShape(rect1);`" },
			{ "key": "m3n4o5p6", "value": "IV. `drawCircle(circle2);`" },
			{ "key": "q7r8s9t0", "value": "V. `drawRectangle(shape1);`" }
		],
		"group_id": "",
		"illustration": "Code",
		"key_concept": "Polymorphism, method overloading, compile-time type checking, multiple correct answers",
		"kind": "Standalone",
		"order": 0,
		"question": "Consider the following class hierarchy:\n\n```mermaid\ngraph TD;\n  Shape --> Rectangle;\n  Shape --> Circle;\n  Circle --> Ellipse;\n```\n\nA graphics program is written to draw shapes:\n\n```java\npublic class GraphicsProgram {\n    public static void drawShape(Shape s) { /* implementation not shown */ }\n    public static void drawRectangle(Rectangle r) { /* implementation not shown */ }\n    public static void drawCircle(Circle c) { /* implementation not shown */ }\n\n    public static void main(String[] args) {\n        Shape shape1 = new Shape();\n        Shape shape2 = new Rectangle();\n        Shape shape3 = new Circle();\n        Circle circle1 = new Circle();\n        Circle circle2 = new Ellipse();\n        Rectangle rect1 = new Rectangle();\n        /* more code */\n    }\n}\n```\n\nAssuming all classes have no-argument constructors, which of the following method calls in `/* more code */` will cause a compile-time error? Select all that apply.\n\nI. `drawRectangle(shape2);`\nII. `drawCircle(shape3);`\nIII. `drawShape(rect1);`\nIV. `drawCircle(circle2);`\nV. `drawRectangle(shape1);`",
		"question_difficulty": "Hard",
		"question_type": "MultipleChoice",
		"tags": ["java", "inheritance", "polymorphism", "compile-time-error", "multiple-answers"],
		"target": "Exam"
	},
	{
		"answer_explanation": "`calculateArea(shape1);` will cause a compile-time error because `shape1` is declared as `Shape`, and the method `calculateArea` expects a `Circle`. Even though `shape1` refers to a `Circle` at runtime, its declared type is `Shape`.",
		"answers": ["d4e5f6g7"],
		"choices": [
			{ "key": "d4e5f6g7", "value": "`calculateArea(shape1);`" },
			{ "key": "h8i9j0k1", "value": "`displayShape(shape2);`" },
			{ "key": "l2m3n4o5", "value": "`displayShape(shape1);`" },
			{ "key": "p6q7r8s9", "value": "`calculateArea(circle1);`" },
			{ "key": "t0u1v2w3", "value": "`calculateArea(circle2);`" }
		],
		"group_id": "",
		"illustration": "Code",
		"key_concept": "Type casting, method parameters, inheritance",
		"kind": "Standalone",
		"order": 0,
		"question": "Given the class hierarchy:\n\n```mermaid\ngraph TD;\n  Shape --> Circle;\n  Circle --> Cylinder;\n```\n\nAnd the code:\n\n```java\npublic class ShapeCalculator {\n    public static void displayShape(Shape s) { /* not shown */ }\n    public static void calculateArea(Circle c) { /* not shown */ }\n\n    public static void main(String[] args) {\n        Shape shape1 = new Circle();\n        Shape shape2 = new Shape();\n        Circle circle1 = new Circle();\n        Circle circle2 = new Cylinder();\n        /* more code */\n    }\n}\n```\n\nWhich line in `/* more code */` will cause a compile-time error?",
		"question_difficulty": "Medium",
		"question_type": "SingleChoice",
		"tags": ["java", "inheritance", "type-casting", "compile-time-error"],
		"target": "Exam"
	},
	{
		"answer_explanation": "Calls to `computeArea(shape1);` and `computeArea(shape2);` will cause compile-time errors because `computeArea` expects a `Triangle`, and `shape1` and `shape2` are of type `Shape`.",
		"answers": ["e6f7g8h9", "i0j1k2l3"],
		"choices": [
			{ "key": "e6f7g8h9", "value": "`computeArea(shape1);`" },
			{ "key": "i0j1k2l3", "value": "`computeArea(shape2);`" },
			{ "key": "m4n5o6p7", "value": "`computeArea(triangle1);`" },
			{ "key": "q8r9s0t1", "value": "`displayShape(shape1);`" },
			{ "key": "u2v3w4x5", "value": "`displayShape(triangle2);`" }
		],
		"group_id": "",
		"illustration": "Code",
		"key_concept": "Inheritance, method overloading, multiple correct answers",
		"kind": "Standalone",
		"order": 0,
		"question": "Consider the following hierarchy:\n\n```mermaid\ngraph TD;\n  Shape --> Triangle;\n  Triangle --> EquilateralTriangle;\n```\n\nAnd the code:\n\n```java\npublic class Geometry {\n    public static void displayShape(Shape s) { /* not shown */ }\n    public static void computeArea(Triangle t) { /* not shown */ }\n\n    public static void main(String[] args) {\n        Shape shape1 = new Shape();\n        Shape shape2 = new Triangle();\n        Triangle triangle1 = new Triangle();\n        Triangle triangle2 = new EquilateralTriangle();\n        /* more code */\n    }\n}\n```\n\nWhich method calls in `/* more code */` will cause compile-time errors? Select all that apply.",
		"question_difficulty": "Hard",
		"question_type": "MultipleChoice",
		"tags": ["java", "inheritance", "method-overloading", "compile-time-error"],
		"target": "Exam"
	},
	{
		"answer_explanation": "Calling `processGraduate(student1);` will cause a compile-time error because `student1` is of type `Student`, and the method expects a `GraduateStudent`.",
		"answers": ["f7g8h9i0"],
		"choices": [
			{ "key": "f7g8h9i0", "value": "`processGraduate(student1);`" },
			{ "key": "j1k2l3m4", "value": "`processStudent(gradStudent1);`" },
			{ "key": "n5o6p7q8", "value": "`processGraduate(gradStudent2);`" },
			{ "key": "r9s0t1u2", "value": "`processStudent(student2);`" },
			{ "key": "v3w4x5y6", "value": "`processStudent(student1);`" }
		],
		"group_id": "",
		"illustration": "Code",
		"key_concept": "Polymorphism, method parameters, inheritance",
		"kind": "Standalone",
		"order": 0,
		"question": "Given the following classes:\n\n```mermaid\ngraph TD;\n  Student --> GraduateStudent;\n  GraduateStudent --> PhDStudent;\n```\n\nAnd the code:\n\n```java\npublic class UniversitySystem {\n    public static void processStudent(Student s) { /* not shown */ }\n    public static void processGraduate(GraduateStudent g) { /* not shown */ }\n\n    public static void main(String[] args) {\n        Student student1 = new Student();\n        Student student2 = new GraduateStudent();\n        GraduateStudent gradStudent1 = new GraduateStudent();\n        GraduateStudent gradStudent2 = new PhDStudent();\n        /* more code */\n    }\n}\n```\n\nWhich method call will cause a compile-time error?",
		"question_difficulty": "Medium",
		"question_type": "SingleChoice",
		"tags": ["java", "inheritance", "polymorphism", "compile-time-error"],
		"target": "Exam"
	},
	{
		"answer_explanation": "`startBike(vehicle1);` will cause a compile-time error because `vehicle1` is of type `Vehicle`, and `startBike` expects a `Bike` object.",
		"answers": ["g8h9i0j1"],
		"choices": [
			{ "key": "g8h9i0j1", "value": "`startBike(vehicle1);`" },
			{ "key": "k2l3m4n5", "value": "`startVehicle(bike1);`" },
			{ "key": "o6p7q8r9", "value": "`startBike(bike2);`" },
			{ "key": "s0t1u2v3", "value": "`startVehicle(vehicle2);`" },
			{ "key": "w4x5y6z7", "value": "`startVehicle(vehicle1);`" }
		],
		"group_id": "",
		"illustration": "Code",
		"key_concept": "Type compatibility, method overloading",
		"kind": "Standalone",
		"order": 0,
		"question": "Given the classes:\n\n```mermaid\ngraph TD;\n  Vehicle --> Bike;\n  Bike --> MountainBike;\n```\n\nAnd code:\n\n```java\npublic class Transportation {\n    public static void startVehicle(Vehicle v) { /* not shown */ }\n    public static void startBike(Bike b) { /* not shown */ }\n\n    public static void main(String[] args) {\n        Vehicle vehicle1 = new Vehicle();\n        Vehicle vehicle2 = new Bike();\n        Bike bike1 = new Bike();\n        Bike bike2 = new MountainBike();\n        /* more code */\n    }\n}\n```\n\nWhich method call will cause a compile-time error?",
		"question_difficulty": "Medium",
		"question_type": "SingleChoice",
		"tags": ["java", "method-overloading", "type-compatibility", "inheritance"],
		"target": "Exam"
	},
	{
		"answer_explanation": "Both `scheduleAppointment(person1);` and `scheduleAppointment(person2);` will cause compile-time errors because `Person` cannot be passed to a method expecting a `Patient`.",
		"answers": ["h9i0j1k2", "l3m4n5o6"],
		"choices": [
			{ "key": "h9i0j1k2", "value": "`scheduleAppointment(person1);`" },
			{ "key": "l3m4n5o6", "value": "`scheduleAppointment(person2);`" },
			{ "key": "p7q8r9s0", "value": "`registerPatient(patient1);`" },
			{ "key": "t1u2v3w4", "value": "`scheduleAppointment(patient2);`" },
			{ "key": "x5y6z7a8", "value": "`registerPatient(patient2);`" }
		],
		"group_id": "",
		"illustration": "Code",
		"key_concept": "Method overloading, inheritance, multiple correct answers",
		"kind": "Standalone",
		"order": 0,
		"question": "Given the classes:\n\n```mermaid\ngraph TD;\n  Person --> Patient;\n  Patient --> InPatient;\n```\n\nAnd code snippet:\n\n```java\npublic class Hospital {\n    public static void scheduleAppointment(Patient p) { /* not shown */ }\n    public static void registerPatient(Patient p) { /* not shown */ }\n\n    public static void main(String[] args) {\n        Person person1 = new Person();\n        Person person2 = new Patient();\n        Patient patient1 = new Patient();\n        Patient patient2 = new InPatient();\n        /* more code */\n    }\n}\n```\n\nWhich method calls in `/* more code */` will cause compile-time errors? Select all that apply.",
		"question_difficulty": "Hard",
		"question_type": "MultipleChoice",
		"tags": ["java", "method-overloading", "inheritance", "compile-time-error"],
		"target": "Exam"
	},
	{
		"answer_explanation": "Calling `feedCarnivore(animal2);` will cause a compile-time error because `animal2` is declared as `Animal`, and `feedCarnivore` expects a `Carnivore`.",
		"answers": ["i0j1k2l3"],
		"choices": [
			{ "key": "i0j1k2l3", "value": "`feedCarnivore(animal2);`" },
			{ "key": "m4n5o6p7", "value": "`feedAnimal(carnivore1);`" },
			{ "key": "q8r9s0t1", "value": "`feedCarnivore(carnivore2);`" },
			{ "key": "u2v3w4x5", "value": "`feedAnimal(animal1);`" },
			{ "key": "y6z7a8b9", "value": "`feedAnimal(animal2);`" }
		],
		"group_id": "",
		"illustration": "Code",
		"key_concept": "Inheritance, method parameters, compile-time error",
		"kind": "Standalone",
		"order": 0,
		"question": "Consider the following classes:\n\n```mermaid\ngraph TD;\n  Animal --> Carnivore;\n  Carnivore --> Lion;\n```\n\nAnd the code:\n\n```java\npublic class Zoo {\n    public static void feedAnimal(Animal a) { /* not shown */ }\n    public static void feedCarnivore(Carnivore c) { /* not shown */ }\n\n    public static void main(String[] args) {\n        Animal animal1 = new Animal();\n        Animal animal2 = new Carnivore();\n        Carnivore carnivore1 = new Carnivore();\n        Carnivore carnivore2 = new Lion();\n        /* more code */\n    }\n}\n```\n\nWhich method call will cause a compile-time error?",
		"question_difficulty": "Medium",
		"question_type": "SingleChoice",
		"tags": ["java", "inheritance", "method-parameters", "compile-time-error"],
		"target": "Exam"
	},
	{
		"answer_explanation": "Calls to `calculateInterest(account1);` and `processSavingsAccount(account2);` will cause compile-time errors because `account1` and `account2` are of type `Account`, not `SavingsAccount`.",
		"answers": ["j1k2l3m4", "n5o6p7q8"],
		"choices": [
			{ "key": "j1k2l3m4", "value": "`calculateInterest(account1);`" },
			{ "key": "n5o6p7q8", "value": "`processSavingsAccount(account2);`" },
			{ "key": "r9s0t1u2", "value": "`calculateInterest(savings1);`" },
			{ "key": "v3w4x5y6", "value": "`processSavingsAccount(savings2);`" },
			{ "key": "z7a8b9c0", "value": "`calculateInterest(account2);`" }
		],
		"group_id": "",
		"illustration": "Code",
		"key_concept": "Inheritance, method overloading, multiple correct answers",
		"kind": "Standalone",
		"order": 0,
		"question": "Given the class hierarchy:\n\n```mermaid\ngraph TD;\n  Account --> SavingsAccount;\n  SavingsAccount --> FixedDepositAccount;\n```\n\nAnd the following code:\n\n```java\npublic class BankSystem {\n    public static void calculateInterest(SavingsAccount s) { /* not shown */ }\n    public static void calculateInterest(Account a) { /* not shown */ }\n    public static void processSavingsAccount(SavingsAccount s) { /* not shown */ }\n\n    public static void main(String[] args) {\n        Account account1 = new Account();\n        Account account2 = new SavingsAccount();\n        SavingsAccount savings1 = new SavingsAccount();\n        SavingsAccount savings2 = new FixedDepositAccount();\n        /* more code */\n    }\n}\n```\n\nWhich method calls in `/* more code */` will cause compile-time errors? Select all that apply.",
		"question_difficulty": "Hard",
		"question_type": "MultipleChoice",
		"tags": ["java", "inheritance", "method-overloading", "compile-time-error"],
		"target": "Exam"
	},
	{
		"answer_explanation": "Calling `editSpreadsheet(document1);` will cause a compile-time error because `document1` is of type `Document`, and `editSpreadsheet` expects a `Spreadsheet`.",
		"answers": ["k3l4m5n6"],
		"choices": [
			{ "key": "k3l4m5n6", "value": "`editSpreadsheet(document1);`" },
			{ "key": "o7p8q9r0", "value": "`saveDocument(spreadsheet1);`" },
			{ "key": "s1t2u3v4", "value": "`editSpreadsheet(spreadsheet2);`" },
			{ "key": "w5x6y7z8", "value": "`saveDocument(document2);`" },
			{ "key": "a9b0c1d2", "value": "`saveDocument(document1);`" }
		],
		"group_id": "",
		"illustration": "Code",
		"key_concept": "Method parameters, inheritance, compile-time error",
		"kind": "Standalone",
		"order": 0,
		"question": "Consider the classes:\n\n```mermaid\ngraph TD;\n  Document --> Spreadsheet;\n  Spreadsheet --> ExcelSheet;\n```\n\nAnd the code:\n\n```java\npublic class Office {\n    public static void saveDocument(Document d) { /* not shown */ }\n    public static void editSpreadsheet(Spreadsheet s) { /* not shown */ }\n\n    public static void main(String[] args) {\n        Document document1 = new Document();\n        Document document2 = new Spreadsheet();\n        Spreadsheet spreadsheet1 = new Spreadsheet();\n        Spreadsheet spreadsheet2 = new ExcelSheet();\n        /* more code */\n    }\n}\n```\n\nWhich method call will cause a compile-time error?",
		"question_difficulty": "Medium",
		"question_type": "SingleChoice",
		"tags": ["java", "method-parameters", "inheritance", "compile-time-error"],
		"target": "Exam"
	},
	{
		"answer_explanation": "Calls to `playConsoleGame(platform1);` and `playGame(platform1);` will cause compile-time errors because `platform1` is of type `GamingPlatform`, and `playConsoleGame` expects a `Console`, while `playGame` might not be overloaded for `GamingPlatform` if not defined.",
		"answers": ["l3m4n5o6", "p7q8r9s0"],
		"choices": [
			{ "key": "l3m4n5o6", "value": "`playConsoleGame(platform1);`" },
			{ "key": "p7q8r9s0", "value": "`playGame(platform1);`" },
			{ "key": "t1u2v3w4", "value": "`playGame(platform2);`" },
			{ "key": "x5y6z7a8", "value": "`playConsoleGame(console1);`" },
			{ "key": "b9c0d1e2", "value": "`playGame(console2);`" }
		],
		"group_id": "",
		"illustration": "Code",
		"key_concept": "Method overloading, inheritance, multiple correct answers",
		"kind": "Standalone",
		"order": 0,
		"question": "Given the hierarchy:\n\n```mermaid\ngraph TD;\n  GamingPlatform --> Console;\n  Console --> HandheldConsole;\n```\n\nAnd the code:\n\n```java\npublic class GameCenter {\n    public static void playGame(Console c) { /* not shown */ }\n    public static void playConsoleGame(Console c) { /* not shown */ }\n\n    public static void main(String[] args) {\n        GamingPlatform platform1 = new GamingPlatform();\n        GamingPlatform platform2 = new Console();\n        Console console1 = new Console();\n        Console console2 = new HandheldConsole();\n        /* more code */\n    }\n}\n```\n\nWhich method calls in `/* more code */` will cause compile-time errors? Select all that apply.",
		"question_difficulty": "Hard",
		"question_type": "MultipleChoice",
		"tags": ["java", "method-overloading", "inheritance", "compile-time-error"],
		"target": "Exam"
	},
	{
		"answer_explanation": "Calling `prepareDessert(food1);` will cause a compile-time error because `food1` is of type `Food`, and the method expects a `Dessert`.",
		"answers": ["m5n6o7p8"],
		"choices": [
			{ "key": "m5n6o7p8", "value": "`prepareDessert(food1);`" },
			{ "key": "q9r0s1t2", "value": "`cookFood(dessert1);`" },
			{ "key": "u3v4w5x6", "value": "`prepareDessert(dessert2);`" },
			{ "key": "y7z8a9b0", "value": "`cookFood(food2);`" },
			{ "key": "c1d2e3f4", "value": "`cookFood(food1);`" }
		],
		"group_id": "",
		"illustration": "Code",
		"key_concept": "Method parameters, inheritance, compile-time error",
		"kind": "Standalone",
		"order": 0,
		"question": "Consider the class hierarchy:\n\n```mermaid\ngraph TD;\n  Food --> Dessert;\n  Dessert --> Cake;\n```\n\nAnd the following code:\n\n```java\npublic class Kitchen {\n    public static void cookFood(Food f) { /* not shown */ }\n    public static void prepareDessert(Dessert d) { /* not shown */ }\n\n    public static void main(String[] args) {\n        Food food1 = new Food();\n        Food food2 = new Dessert();\n        Dessert dessert1 = new Dessert();\n        Dessert dessert2 = new Cake();\n        /* more code */\n    }\n}\n```\n\nWhich method call will cause a compile-time error?",
		"question_difficulty": "Medium",
		"question_type": "SingleChoice",
		"tags": ["java", "method-parameters", "inheritance", "compile-time-error"],
		"target": "Exam"
	},
	{
		"answer_explanation": "Both `admin1.manageUser();` and `user1.manageUser();` will cause compile-time errors because `User` does not have `manageUser()` method, and `user1` is of type `User`.",
		"answers": ["n5o6p7q8", "r9s0t1u2"],
		"choices": [
			{ "key": "j1k2l3m4", "value": "`user1.login();`" },
			{ "key": "n5o6p7q8", "value": "`admin1.manageUser();`" },
			{ "key": "r9s0t1u2", "value": "`user1.manageUser();`" },
			{ "key": "v3w4x5y6", "value": "`admin2.login();`" },
			{ "key": "z7a8b9c0", "value": "`admin2.manageUser();`" }
		],
		"group_id": "",
		"illustration": "Code",
		"key_concept": "Inheritance, method availability, multiple correct answers",
		"kind": "Standalone",
		"order": 0,
		"question": "Consider the classes:\n\n```java\npublic class User {\n    public void login() {\n        // Implementation not shown\n    }\n}\n\npublic class Admin extends User {\n    public void manageUser() {\n        // Implementation not shown\n    }\n}\n```\n\nWith declarations:\n\n```java\nUser user1 = new User();\nUser admin1 = new Admin();\nAdmin admin2 = new Admin();\n```\n\nWhich method calls will cause a compile-time error? Select all that apply.",
		"question_difficulty": "Hard",
		"question_type": "MultipleChoice",
		"tags": ["java", "inheritance", "compile-time-error", "multiple-answers"],
		"target": "Exam"
	},
	{
		"answer_explanation": "`e1.methodTwo();` will cause a compile-time error because `ClassOne` does not have `methodTwo()`, and `e1` is of type `ClassOne`.",
		"answers": ["v7w8x9y0"],
		"choices": [
			{ "key": "a1s2d3f4", "value": "`e1.methodOne();`" },
			{ "key": "v7w8x9y0", "value": "`e1.methodTwo();`" },
			{ "key": "g5h6j7k8", "value": "`e2.methodOne();`" },
			{ "key": "l9z0x1c2", "value": "`e2.methodTwo();`" },
			{ "key": "b7c8d9e0", "value": "`e2.methodThree();`" }
		],
		"group_id": "",
		"illustration": "Code",
		"key_concept": "Inheritance, method calls, compile-time errors",
		"kind": "Standalone",
		"order": 0,
		"question": "Refer to the classes:\n\n```java\npublic class ClassOne {\n    public void methodOne() {\n        // Implementation not shown\n    }\n}\n\npublic class ClassTwo extends ClassOne {\n    public void methodTwo() {\n        // Implementation not shown\n    }\n    public void methodThree() {\n        // Implementation not shown\n    }\n}\n```\n\nAnd the declarations:\n\n```java\nClassOne e1 = new ClassOne();\nClassTwo e2 = new ClassTwo();\n```\n\nWhich method calls will cause a compile-time error?",
		"question_difficulty": "Medium",
		"question_type": "SingleChoice",
		"tags": ["java", "inheritance", "compile-time-error", "method-calls"],
		"target": "Exam"
	}
]
