[
	{
		"answer_explanation": "In this scenario, the relationship between `Library` and `Book` is an example of composition because a `Library` is composed of multiple `Book` objects.",
		"answers": ["a1b2c3d4"],
		"choices": [
			{ "key": "a1b2c3d4", "value": "Composition" },
			{ "key": "e5f6g7h8", "value": "Inheritance" },
			{ "key": "i9j0k1l2", "value": "Polymorphism" },
			{ "key": "m3n4o5p6", "value": "Abstraction" },
			{ "key": "q7r8s9t0", "value": "Encapsulation" }
		],
		"group_id": "grp1abcd1234",
		"illustration": "Code",
		"key_concept": "Composition in object-oriented programming",
		"kind": "Group",
		"order": 1,
		"question": "Use the following scenario for Questions 1-3.\n\nA programmer is developing a Library Management System. The system includes classes such as `Library`, `Book`, `Member`, and `Staff`. The `Library` class contains a collection of `Book` objects and manages operations like adding or removing books.\n\nWhich object-oriented concept best describes the relationship between the `Library` and `Book` classes?",
		"question_difficulty": "Easy",
		"question_type": "SingleChoice",
		"tags": ["java", "composition", "object-oriented", "library-system"],
		"target": "Exam"
	},
	{
		"answer_explanation": "Options II and III are appropriate. Using an `ArrayList<Book>` allows dynamic resizing, and a `HashMap<String, Book>` enables efficient lookup by ISBN. Option I is less suitable due to fixed array size.",
		"answers": ["i9j0k1l2"],
		"choices": [
			{ "key": "a1b2c3d4", "value": "I only" },
			{ "key": "e5f6g7h8", "value": "II only" },
			{ "key": "i9j0k1l2", "value": "II and III only" },
			{ "key": "m3n4o5p6", "value": "III only" },
			{ "key": "q7r8s9t0", "value": "I, II, and III" }
		],
		"group_id": "grp1abcd1234",
		"illustration": "Code",
		"key_concept": "Choosing appropriate data structures",
		"kind": "Group",
		"order": 2,
		"question": "Which of the following are appropriate data structures to store the collection of books in the `Library` class?\n\nI. `Book[] books;` // An array of `Book` objects\nII. `ArrayList<Book> books;` // A dynamic list of `Book` objects\nIII. `HashMap<String, Book> books;` // A map with ISBN as key and `Book` as value",
		"question_difficulty": "Medium",
		"question_type": "SingleChoice",
		"tags": ["java", "data-structures", "collections", "library-system"],
		"target": "Exam"
	},
	{
		"answer_explanation": "To ensure thread safety, methods like `borrowBook()` should be synchronized. Also, exception handling is crucial when dealing with file I/O or database operations. Implementing design patterns like Observer can help in decoupling components.",
		"answers": ["e5f6g7h8", "m3n4o5p6", "q7r8s9t0"],
		"choices": [
			{ "key": "a1b2c3d4", "value": "Optimize GUI rendering" },
			{ "key": "e5f6g7h8", "value": "Implement synchronization in critical methods" },
			{ "key": "i9j0k1l2", "value": "Use global variables for shared data" },
			{ "key": "m3n4o5p6", "value": "Implement exception handling mechanisms" },
			{ "key": "q7r8s9t0", "value": "Apply design patterns like Observer" }
		],
		"group_id": "grp1abcd1234",
		"illustration": "Code",
		"key_concept": "Concurrency, exception handling, design patterns",
		"kind": "Group",
		"order": 3,
		"question": "To enhance the robustness and maintainability of the `Library` system, which of the following should the programmer consider? Select all that apply.",
		"question_difficulty": "Hard",
		"question_type": "MultipleChoice",
		"tags": ["java", "concurrency", "exception-handling", "design-patterns"],
		"target": "Exam"
	},
	{
		"answer_explanation": "The relationship between `ShoppingCart` and `Item` is an example of aggregation, as `ShoppingCart` can contain multiple `Item` objects, but items can exist independently of the cart.",
		"answers": ["u1v2w3x4"],
		"choices": [
			{ "key": "u1v2w3x4", "value": "Aggregation" },
			{ "key": "y5z6a7b8", "value": "Inheritance" },
			{ "key": "c9d0e1f2", "value": "Polymorphism" },
			{ "key": "g3h4i5j6", "value": "Composition" },
			{ "key": "k7l8m9n0", "value": "Abstraction" }
		],
		"group_id": "grp2wxyz7890",
		"illustration": "Code",
		"key_concept": "Aggregation in object-oriented programming",
		"kind": "Group",
		"order": 1,
		"question": "Use the following scenario for Questions 4-6.\n\nA programmer is designing an Online Shopping Cart System. The system includes classes such as `ShoppingCart`, `Item`, `Customer`, and `Order`. The `ShoppingCart` class holds a collection of `Item` objects that a customer intends to purchase.\n\nWhich object-oriented concept best describes the relationship between the `ShoppingCart` and `Item` classes?",
		"question_difficulty": "Easy",
		"question_type": "SingleChoice",
		"tags": ["java", "aggregation", "object-oriented", "shopping-cart"],
		"target": "Exam"
	},
	{
		"answer_explanation": "Using an `ArrayList<Item>` allows dynamic addition and removal of items in the cart, making Option II appropriate. Option III is also suitable for quick lookup if items have unique IDs. Option I is less flexible due to fixed size.",
		"answers": ["g3h4i5j6"],
		"choices": [
			{ "key": "o1p2q3r4", "value": "I only" },
			{ "key": "s5t6u7v8", "value": "II only" },
			{ "key": "g3h4i5j6", "value": "II and III only" },
			{ "key": "w9x0y1z2", "value": "III only" },
			{ "key": "a3b4c5d6", "value": "I, II, and III" }
		],
		"group_id": "grp2wxyz7890",
		"illustration": "Code",
		"key_concept": "Choosing appropriate data structures",
		"kind": "Group",
		"order": 2,
		"question": "Which of the following are appropriate data structures to store items in the `ShoppingCart` class?\n\nI. `Item[] items;` // An array of `Item` objects\nII. `ArrayList<Item> items;` // A dynamic list of `Item` objects\nIII. `HashSet<Item> items;` // A set of `Item` objects ensuring no duplicates",
		"question_difficulty": "Medium",
		"question_type": "SingleChoice",
		"tags": ["java", "data-structures", "collections", "shopping-cart"],
		"target": "Exam"
	},
	{
		"answer_explanation": "Implementing interfaces like `Comparable` allows sorting of items. Exception handling ensures the program can handle unexpected events. Using threads can improve performance but requires careful synchronization.",
		"answers": ["u1v2w3x4", "c9d0e1f2", "k7l8m9n0"],
		"choices": [
			{ "key": "u1v2w3x4", "value": "Implement `Comparable` interface for items" },
			{ "key": "y5z6a7b8", "value": "Use global variables for shared data" },
			{ "key": "c9d0e1f2", "value": "Handle exceptions gracefully" },
			{ "key": "g3h4i5j6", "value": "Avoid using data structures" },
			{ "key": "k7l8m9n0", "value": "Use multithreading for processing orders" }
		],
		"group_id": "grp2wxyz7890",
		"illustration": "Code",
		"key_concept": "Interfaces, exception handling, multithreading",
		"kind": "Group",
		"order": 3,
		"question": "To improve the functionality and reliability of the Online Shopping Cart System, which of the following should the programmer consider? Select all that apply.",
		"question_difficulty": "Hard",
		"question_type": "MultipleChoice",
		"tags": ["java", "interfaces", "exception-handling", "multithreading"],
		"target": "Exam"
	},
	{
		"answer_explanation": "The relationship between `User` and `Post` is an example of association, as `User` can create multiple `Post` objects, but posts can exist independently once created.",
		"answers": ["h1i2j3k4"],
		"choices": [
			{ "key": "h1i2j3k4", "value": "Association" },
			{ "key": "l5m6n7o8", "value": "Inheritance" },
			{ "key": "p9q0r1s2", "value": "Aggregation" },
			{ "key": "t3u4v5w6", "value": "Composition" },
			{ "key": "x7y8z9a0", "value": "Encapsulation" }
		],
		"group_id": "grp3abcd5678",
		"illustration": "Code",
		"key_concept": "Association in object-oriented programming",
		"kind": "Group",
		"order": 1,
		"question": "Use the following scenario for Questions 7-9.\n\nA programmer is building a Social Media Application. The system includes classes such as `User`, `Post`, `Comment`, and `Like`. A `User` can create multiple `Post` objects, and other users can interact with these posts.\n\nWhich object-oriented concept best describes the relationship between the `User` and `Post` classes?",
		"question_difficulty": "Easy",
		"question_type": "SingleChoice",
		"tags": ["java", "association", "object-oriented", "social-media"],
		"target": "Exam"
	},
	{
		"answer_explanation": "An `ArrayList<Post>` is suitable for dynamic addition of posts. A `HashMap<String, Post>` can be used if posts have unique IDs. Option I is less flexible due to fixed size.",
		"answers": ["p9q0r1s2"],
		"choices": [
			{ "key": "a1s2d3f4", "value": "I only" },
			{ "key": "g5h6j7k8", "value": "II only" },
			{ "key": "p9q0r1s2", "value": "II and III only" },
			{ "key": "l9z0x1c2", "value": "III only" },
			{ "key": "b7c8d9e0", "value": "I, II, and III" }
		],
		"group_id": "grp3abcd5678",
		"illustration": "Code",
		"key_concept": "Choosing appropriate data structures",
		"kind": "Group",
		"order": 2,
		"question": "Which of the following are appropriate data structures for storing a user's posts?\n\nI. `Post[] posts;` // An array of `Post` objects\nII. `ArrayList<Post> posts;` // A dynamic list of `Post` objects\nIII. `HashMap<String, Post> posts;` // A map with post ID as key and `Post` as value",
		"question_difficulty": "Medium",
		"question_type": "SingleChoice",
		"tags": ["java", "data-structures", "collections", "social-media"],
		"target": "Exam"
	},
	{
		"answer_explanation": "Implementing security measures like input validation prevents malicious content. Using design patterns like MVC separates concerns, and exception handling improves robustness.",
		"answers": ["h1i2j3k4", "t3u4v5w6", "x7y8z9a0"],
		"choices": [
			{ "key": "h1i2j3k4", "value": "Implement input validation for security" },
			{ "key": "l5m6n7o8", "value": "Use static methods for database access" },
			{ "key": "p9q0r1s2", "value": "Avoid using exceptions" },
			{ "key": "t3u4v5w6", "value": "Apply MVC design pattern" },
			{ "key": "x7y8z9a0", "value": "Handle exceptions properly" }
		],
		"group_id": "grp3abcd5678",
		"illustration": "Code",
		"key_concept": "Security, design patterns, exception handling",
		"kind": "Group",
		"order": 3,
		"question": "To enhance the security and maintainability of the Social Media Application, which of the following should the programmer consider? Select all that apply.",
		"question_difficulty": "Hard",
		"question_type": "MultipleChoice",
		"tags": ["java", "security", "design-patterns", "exception-handling"],
		"target": "Exam"
	},
	{
		"answer_explanation": "The relationship between `Flight` and `Passenger` is an example of many-to-many association, as multiple passengers can book multiple flights.",
		"answers": ["b1c2d3e4"],
		"choices": [
			{ "key": "b1c2d3e4", "value": "Many-to-Many Association" },
			{ "key": "f5g6h7i8", "value": "Inheritance" },
			{ "key": "j9k0l1m2", "value": "Aggregation" },
			{ "key": "n3o4p5q6", "value": "Composition" },
			{ "key": "r7s8t9u0", "value": "Encapsulation" }
		],
		"group_id": "grp4wxyz1234",
		"illustration": "Code",
		"key_concept": "Associations in object-oriented programming",
		"kind": "Group",
		"order": 1,
		"question": "Use the following scenario for Questions 10-12.\n\nA programmer is developing an Airline Reservation System. The system includes classes such as `Flight`, `Passenger`, `Ticket`, and `Reservation`. Passengers can book multiple flights, and each flight can have multiple passengers.\n\nWhich object-oriented concept best describes the relationship between the `Flight` and `Passenger` classes?",
		"question_difficulty": "Easy",
		"question_type": "SingleChoice",
		"tags": ["java", "association", "object-oriented", "airline-reservation"],
		"target": "Exam"
	},
	{
		"answer_explanation": "Using a `HashSet<Passenger>` ensures no duplicate passengers are added to a flight. A `HashMap<String, Passenger>` can be used if passengers have unique IDs. Option I is less flexible.",
		"answers": ["j9k0l1m2"],
		"choices": [
			{ "key": "b1c2d3e4", "value": "I only" },
			{ "key": "f5g6h7i8", "value": "II only" },
			{ "key": "j9k0l1m2", "value": "II and III only" },
			{ "key": "n3o4p5q6", "value": "III only" },
			{ "key": "r7s8t9u0", "value": "I, II, and III" }
		],
		"group_id": "grp4wxyz1234",
		"illustration": "Code",
		"key_concept": "Choosing appropriate data structures",
		"kind": "Group",
		"order": 2,
		"question": "Which of the following are appropriate data structures for storing passengers on a flight?\n\nI. `Passenger[] passengers;` // An array of `Passenger` objects\nII. `HashSet<Passenger> passengers;` // A set of `Passenger` objects\nIII. `HashMap<String, Passenger> passengers;` // A map with passenger ID as key and `Passenger` as value",
		"question_difficulty": "Medium",
		"question_type": "SingleChoice",
		"tags": ["java", "data-structures", "collections", "airline-reservation"],
		"target": "Exam"
	},
	{
		"answer_explanation": "Implementing data validation ensures that invalid bookings are prevented. Exception handling improves robustness, and using design patterns like Singleton for database connections can enhance efficiency.",
		"answers": ["b1c2d3e4", "n3o4p5q6", "r7s8t9u0"],
		"choices": [
			{ "key": "b1c2d3e4", "value": "Implement data validation checks" },
			{ "key": "f5g6h7i8", "value": "Use public fields for all variables" },
			{ "key": "j9k0l1m2", "value": "Avoid using design patterns" },
			{ "key": "n3o4p5q6", "value": "Handle exceptions effectively" },
			{ "key": "r7s8t9u0", "value": "Use Singleton pattern for database connections" }
		],
		"group_id": "grp4wxyz1234",
		"illustration": "Code",
		"key_concept": "Data validation, exception handling, design patterns",
		"kind": "Group",
		"order": 3,
		"question": "To enhance the reliability and efficiency of the Airline Reservation System, which of the following should the programmer consider? Select all that apply.",
		"question_difficulty": "Hard",
		"question_type": "MultipleChoice",
		"tags": ["java", "data-validation", "exception-handling", "design-patterns"],
		"target": "Exam"
	},
	{
		"answer_explanation": "The relationship between `Doctor` and `Patient` is an example of association, as doctors can have multiple patients and patients can have multiple doctors.",
		"answers": ["e7f8g9h0"],
		"choices": [
			{ "key": "e7f8g9h0", "value": "Association" },
			{ "key": "i1j2k3l4", "value": "Inheritance" },
			{ "key": "m5n6o7p8", "value": "Aggregation" },
			{ "key": "q9r0s1t2", "value": "Composition" },
			{ "key": "u3v4w5x6", "value": "Polymorphism" }
		],
		"group_id": "grp5mnop4567",
		"illustration": "Code",
		"key_concept": "Associations in object-oriented programming",
		"kind": "Group",
		"order": 1,
		"question": "Use the following scenario for Questions 13-15.\n\nA programmer is designing a Hospital Management System. The system includes classes such as `Doctor`, `Patient`, `Appointment`, and `MedicalRecord`. Doctors can have multiple patients, and patients can consult multiple doctors.\n\nWhich object-oriented concept best describes the relationship between the `Doctor` and `Patient` classes?",
		"question_difficulty": "Easy",
		"question_type": "SingleChoice",
		"tags": ["java", "association", "object-oriented", "hospital-management"],
		"target": "Exam"
	},
	{
		"answer_explanation": "Using a `List<Patient>` allows dynamic addition of patients. A `Map<String, Patient>` is suitable if patients have unique IDs. Option I is less flexible.",
		"answers": ["e7f8g9h0"],
		"choices": [
			{ "key": "e7f8g9h0", "value": "I only" },
			{ "key": "i1j2k3l4", "value": "II only" },
			{ "key": "m5n6o7p8", "value": "II and III only" },
			{ "key": "q9r0s1t2", "value": "III only" },
			{ "key": "u3v4w5x6", "value": "I, II, and III" }
		],
		"group_id": "grp5mnop4567",
		"illustration": "Code",
		"key_concept": "Choosing appropriate data structures",
		"kind": "Group",
		"order": 2,
		"question": "Which of the following are appropriate data structures for storing patients under a doctor?\n\nI. `Patient[] patients;` // An array of `Patient` objects\nII. `List<Patient> patients;` // A list of `Patient` objects\nIII. `Map<String, Patient> patients;` // A map with patient ID as key and `Patient` as value",
		"question_difficulty": "Medium",
		"question_type": "SingleChoice",
		"tags": ["java", "data-structures", "collections", "hospital-management"],
		"target": "Exam"
	},
	{
		"answer_explanation": "Implementing proper access control ensures sensitive data is protected. Exception handling improves reliability, and using design patterns like Observer can help with notifications.",
		"answers": ["e7f8g9h0", "q9r0s1t2", "u3v4w5x6"],
		"choices": [
			{ "key": "e7f8g9h0", "value": "Implement access control mechanisms" },
			{ "key": "i1j2k3l4", "value": "Use public access modifiers everywhere" },
			{ "key": "m5n6o7p8", "value": "Avoid exception handling" },
			{ "key": "q9r0s1t2", "value": "Handle exceptions effectively" },
			{ "key": "u3v4w5x6", "value": "Use Observer pattern for notifications" }
		],
		"group_id": "grp5mnop4567",
		"illustration": "Code",
		"key_concept": "Access control, exception handling, design patterns",
		"kind": "Group",
		"order": 3,
		"question": "To enhance the security and functionality of the Hospital Management System, which of the following should the programmer consider? Select all that apply.",
		"question_difficulty": "Hard",
		"question_type": "MultipleChoice",
		"tags": ["java", "access-control", "exception-handling", "design-patterns"],
		"target": "Exam"
	}
]
