[
	{
		"answer_explanation": "Adding 0.5 to the positive real number before casting it to an integer rounds it to the nearest integer as desired. This handles numbers like 3.5 becoming 4.",
		"answers": ["abc123def456"],
		"choices": [
			{ "key": "abc123def456", "value": "`return (int)(getValue() + 0.5);`" },
			{ "key": "def456ghi789", "value": "`return (int)(getValue() - 0.5);`" },
			{ "key": "ghi789jkl012", "value": "`return (int)Math.floor(getValue());`" },
			{ "key": "jkl012mno345", "value": "`return (int)Math.ceil(getValue());`" },
			{ "key": "mno345pqr678", "value": "`return (int)getValue();`" }
		],
		"group_id": "",
		"illustration": "Code",
		"key_concept": "Type casting, rounding positive real numbers",
		"kind": "Standalone",
		"order": 0,
		"question": "Given the following method in a `PositiveReal` class:\n\n```java\n/** @return this PositiveReal rounded to the nearest integer */\npublic int getRounded()\n{ /* implementation */ }\n```\n\nHere are some rounding examples:\n\n| Positive real number | Rounded to nearest integer |\n|----------------------|----------------------------|\n| 3.5                  | 4                          |\n| 8.97                 | 9                          |\n| 5.0                  | 5                          |\n| 2.487                | 2                          |\n| 0.2                  | 0                          |\n\nWhich implementation of `getRounded` produces the desired postcondition?",
		"question_difficulty": "Medium",
		"question_type": "SingleChoice",
		"tags": ["java", "type-casting", "rounding", "positive-numbers"],
		"target": "Exam"
	},
	{
		"answer_explanation": "Using `Math.round(getValue())` correctly rounds any real number to the nearest integer. Both implementations that utilize `Math.round` and cast the result to an integer achieve this.",
		"answers": ["ghi789jkl012", "jkl012mno345"],
		"choices": [
			{ "key": "abc123def456", "value": "`return (int)(getValue() + 0.5);`" },
			{ "key": "def456ghi789", "value": "`return (int)(getValue() - 0.5);`" },
			{ "key": "ghi789jkl012", "value": "`return (int)Math.round(getValue());`" },
			{ "key": "jkl012mno345", "value": "`return (int)Math.round(getValue());`" },
			{ "key": "mno345pqr678", "value": "`return (int)getValue();`" }
		],
		"group_id": "",
		"illustration": "Code",
		"key_concept": "Using Math.round, rounding any real number",
		"kind": "Standalone",
		"order": 0,
		"question": "In a class `RealNumber`, the method `getRounded` should round any real number to the nearest integer. Which implementations correctly achieve this? Select all that apply.",
		"question_difficulty": "Hard",
		"question_type": "MultipleChoice",
		"tags": ["java", "math-round", "rounding", "type-casting"],
		"target": "Exam"
	},
	{
		"answer_explanation": "Casting the negative real number to an integer truncates it toward zero, effectively removing the decimal part without changing the integer part. This correctly achieves the desired truncation for negative numbers.",
		"answers": ["def456ghi789"],
		"choices": [
			{ "key": "abc123def456", "value": "`return (int)(getValue() - 0.5);`" },
			{ "key": "def456ghi789", "value": "`return (int)getValue();`" },
			{ "key": "ghi789jkl012", "value": "`return (int)Math.ceil(getValue());`" },
			{ "key": "jkl012mno345", "value": "`return (int)Math.floor(getValue());`" },
			{ "key": "mno345pqr678", "value": "`return Math.round(getValue());`" }
		],
		"group_id": "",
		"illustration": "Code",
		"key_concept": "Type casting, truncating negative real numbers",
		"kind": "Standalone",
		"order": 0,
		"question": "For a class `NegativeReal`, the method `getTruncated` should truncate negative real numbers toward zero. Here are some examples:\n\n| Negative real number | Truncated value |\n|----------------------|-----------------|\n| -3.5                 | -3              |\n| -8.97                | -8              |\n| -5.0                 | -5              |\n| -2.487               | -2              |\n| -0.2                 | 0               |\n\nWhich implementation of `getTruncated` produces the desired results?",
		"question_difficulty": "Medium",
		"question_type": "SingleChoice",
		"tags": ["java", "type-casting", "truncation", "negative-numbers"],
		"target": "Exam"
	},
	{
		"answer_explanation": "Using `Math.rint(getValue())` rounds the real number to the nearest even integer, handling halfway cases correctly by rounding to the nearest even number, as required.",
		"answers": ["jkl012mno345"],
		"choices": [
			{ "key": "abc123def456", "value": "`return (int)(getValue() + 0.5);`" },
			{ "key": "def456ghi789", "value": "`return (int)(getValue() - 0.5);`" },
			{ "key": "ghi789jkl012", "value": "`return (int)Math.ceil(getValue());`" },
			{ "key": "jkl012mno345", "value": "`return (int)Math.rint(getValue());`" },
			{ "key": "mno345pqr678", "value": "`return (int)getValue();`" }
		],
		"group_id": "",
		"illustration": "Code",
		"key_concept": "Using Math.rint for rounding to nearest even integer",
		"kind": "Standalone",
		"order": 0,
		"question": "In a class `RealNumber`, you need to implement `getRoundedEven` that rounds real numbers to the nearest even integer. Examples:\n\n| Real number | Rounded to nearest even integer |\n|-------------|---------------------------------|\n| 3.5         | 4                               |\n| 2.5         | 2                               |\n| -1.5        | -2                              |\n| -2.5        | -2                              |\n\nWhich implementation of `getRoundedEven` achieves this?",
		"question_difficulty": "Hard",
		"question_type": "SingleChoice",
		"tags": ["java", "math-rint", "rounding", "even-integers"],
		"target": "Exam"
	},
	{
		"answer_explanation": "Using `Math.floor(getValue())` or simply casting to int both return the largest integer less than or equal to the positive real number. This correctly implements the floor function for positive numbers.",
		"answers": ["abc123def456", "ghi789jkl012", "mno345pqr678"],
		"choices": [
			{ "key": "abc123def456", "value": "`return (int)Math.floor(getValue());`" },
			{ "key": "def456ghi789", "value": "`return (int)Math.ceil(getValue());`" },
			{ "key": "ghi789jkl012", "value": "`return (int)(getValue());`" },
			{ "key": "jkl012mno345", "value": "`return (int)(getValue() + 0.5);`" },
			{ "key": "mno345pqr678", "value": "`return (int)getValue();`" }
		],
		"group_id": "",
		"illustration": "Code",
		"key_concept": "Using floor function, multiple correct answers",
		"kind": "Standalone",
		"order": 0,
		"question": "In a class `PositiveReal`, the method `getFloor` should return the largest integer less than or equal to the positive real number. Which implementations correctly achieve this? Select all that apply.",
		"question_difficulty": "Hard",
		"question_type": "MultipleChoice",
		"tags": ["java", "math-floor", "rounding-down", "positive-numbers"],
		"target": "Exam"
	},
	{
		"answer_explanation": "By checking if the value is positive or negative and using `Math.ceil` or `Math.floor` accordingly, the number is rounded away from zero, which means towards positive or negative infinity as appropriate.",
		"answers": ["mno345pqr678"],
		"choices": [
			{ "key": "abc123def456", "value": "`return (int)Math.ceil(getValue());`" },
			{ "key": "def456ghi789", "value": "`return (int)Math.floor(getValue());`" },
			{ "key": "ghi789jkl012", "value": "`return (int)getValue();`" },
			{ "key": "jkl012mno345", "value": "`return (int)(getValue() + 0.5);`" },
			{
				"key": "mno345pqr678",
				"value": "`return getValue() > 0 ? (int)Math.ceil(getValue()) : (int)Math.floor(getValue());`"
			}
		],
		"group_id": "",
		"illustration": "Code",
		"key_concept": "Conditional statements, rounding away from zero",
		"kind": "Standalone",
		"order": 0,
		"question": "In a class `RealNumber`, implement `getRoundedAwayFromZero` to round numbers away from zero. Examples:\n\n| Real number | Rounded value |\n|-------------|---------------|\n| 2.3         | 3             |\n| -2.3        | -3            |\n| 0.0         | 0             |\n\nWhich implementation achieves this?",
		"question_difficulty": "Medium",
		"question_type": "SingleChoice",
		"tags": ["java", "conditional", "rounding", "math-functions"],
		"target": "Exam"
	},
	{
		"answer_explanation": "Using `Math.round(getValue())` rounds any real number to the nearest integer, handling both positive and negative numbers correctly. This method is built-in and reliable for this purpose.",
		"answers": ["def456ghi789"],
		"choices": [
			{ "key": "abc123def456", "value": "`return (int)getValue();`" },
			{ "key": "def456ghi789", "value": "`return (int)Math.round(getValue());`" },
			{ "key": "ghi789jkl012", "value": "`return (int)Math.ceil(getValue());`" },
			{ "key": "jkl012mno345", "value": "`return (int)Math.floor(getValue());`" },
			{ "key": "mno345pqr678", "value": "`return (int)(getValue() + 0.5);`" }
		],
		"group_id": "",
		"illustration": "Code",
		"key_concept": "Using Math.round, rounding numbers",
		"kind": "Standalone",
		"order": 0,
		"question": "For a class `RealNumber`, you need to implement `getRounded` that rounds any real number to the nearest integer using built-in methods. Which implementation is correct?",
		"question_difficulty": "Medium",
		"question_type": "SingleChoice",
		"tags": ["java", "math-round", "rounding", "built-in-methods"],
		"target": "Exam"
	},
	{
		"answer_explanation": "Casting the real number to an integer truncates it toward zero for both positive and negative numbers. This effectively removes the decimal part without rounding.",
		"answers": ["def456ghi789", "ghi789jkl012"],
		"choices": [
			{ "key": "abc123def456", "value": "`return (int)Math.ceil(getValue());`" },
			{ "key": "def456ghi789", "value": "`return (int)getValue();`" },
			{ "key": "ghi789jkl012", "value": "`return (int)Math.rint(getValue());`" },
			{ "key": "jkl012mno345", "value": "`return (int)Math.floor(getValue());`" },
			{ "key": "mno345pqr678", "value": "`return (int)(getValue() - 0.5);`" }
		],
		"group_id": "",
		"illustration": "Code",
		"key_concept": "Truncation, multiple correct answers",
		"kind": "Standalone",
		"order": 0,
		"question": "In a class `RealNumber`, implement `getTruncated` to truncate any real number toward zero. Which implementations are correct? Select all that apply.",
		"question_difficulty": "Hard",
		"question_type": "MultipleChoice",
		"tags": ["java", "truncation", "type-casting", "math-functions"],
		"target": "Exam"
	},
	{
		"answer_explanation": "Using `Math.abs(getValue())` ensures that the value is positive before rounding, effectively returning the rounded absolute value of the real number.",
		"answers": ["mno345pqr678"],
		"choices": [
			{ "key": "abc123def456", "value": "`return (int)(getValue() + 0.5);`" },
			{ "key": "def456ghi789", "value": "`return (int)(getValue() - 0.5);`" },
			{ "key": "ghi789jkl012", "value": "`return (int)Math.ceil(getValue());`" },
			{ "key": "jkl012mno345", "value": "`return (int)Math.floor(getValue());`" },
			{ "key": "mno345pqr678", "value": "`return (int)(Math.abs(getValue()) + 0.5);`" }
		],
		"group_id": "",
		"illustration": "Code",
		"key_concept": "Absolute value, rounding",
		"kind": "Standalone",
		"order": 0,
		"question": "In a class `RealNumber`, implement `getAbsoluteRounded` that returns the rounded absolute value of the real number. Which implementation achieves this?",
		"question_difficulty": "Medium",
		"question_type": "SingleChoice",
		"tags": ["java", "math-abs", "rounding", "absolute-value"],
		"target": "Exam"
	},
	{
		"answer_explanation": "By using a conditional statement to check the sign of the number and applying `Math.floor` or `Math.ceil` accordingly, the number is rounded toward negative infinity as required.",
		"answers": ["abc123def456"],
		"choices": [
			{
				"key": "abc123def456",
				"value": "`return getValue() > 0 ? (int)Math.floor(getValue()) : (int)Math.ceil(getValue());`"
			},
			{ "key": "def456ghi789", "value": "`return (int)Math.ceil(getValue());`" },
			{ "key": "ghi789jkl012", "value": "`return (int)Math.floor(getValue());`" },
			{ "key": "jkl012mno345", "value": "`return (int)getValue();`" },
			{ "key": "mno345pqr678", "value": "`return (int)(getValue() - 0.5);`" }
		],
		"group_id": "",
		"illustration": "Code",
		"key_concept": "Conditional statements, rounding towards negative infinity",
		"kind": "Standalone",
		"order": 0,
		"question": "In a class `RealNumber`, you need to implement `getRoundedDown` that rounds numbers toward negative infinity. Which implementation is correct?",
		"question_difficulty": "Medium",
		"question_type": "SingleChoice",
		"tags": ["java", "conditional", "math-floor", "negative-infinity"],
		"target": "Exam"
	},
	{
		"answer_explanation": "Both using `Math.round(getValue())` and adding 0.5 before casting to int correctly round positive real numbers to the nearest integer. These methods handle decimal values appropriately.",
		"answers": ["def456ghi789", "mno345pqr678"],
		"choices": [
			{ "key": "abc123def456", "value": "`return (int)Math.floor(getValue());`" },
			{ "key": "def456ghi789", "value": "`return (int)Math.round(getValue());`" },
			{ "key": "ghi789jkl012", "value": "`return (int)Math.ceil(getValue());`" },
			{ "key": "jkl012mno345", "value": "`return (int)getValue();`" },
			{ "key": "mno345pqr678", "value": "`return (int)(getValue() + 0.5);`" }
		],
		"group_id": "",
		"illustration": "Code",
		"key_concept": "Rounding methods, multiple correct answers",
		"kind": "Standalone",
		"order": 0,
		"question": "In a class `PositiveReal`, implement `getRounded` to round positive real numbers to the nearest integer. Which implementations are correct? Select all that apply.",
		"question_difficulty": "Hard",
		"question_type": "MultipleChoice",
		"tags": ["java", "rounding", "math-round", "positive-numbers"],
		"target": "Exam"
	},
	{
		"answer_explanation": "Multiplying the value by 10, rounding it, and then dividing by 10.0 rounds the number to the nearest tenth. This method effectively shifts the decimal point to perform the rounding.",
		"answers": ["jkl012mno345"],
		"choices": [
			{ "key": "abc123def456", "value": "`return Math.floor(getValue() * 10) / 10.0;`" },
			{ "key": "def456ghi789", "value": "`return Math.ceil(getValue() * 10) / 10.0;`" },
			{ "key": "ghi789jkl012", "value": "`return (int)(getValue() * 10) / 10.0;`" },
			{ "key": "jkl012mno345", "value": "`return Math.round(getValue() * 10) / 10.0;`" },
			{ "key": "mno345pqr678", "value": "`return getValue();`" }
		],
		"group_id": "",
		"illustration": "Code",
		"key_concept": "Rounding to decimal places",
		"kind": "Standalone",
		"order": 0,
		"question": "In a class `RealNumber`, implement `getRoundedTenth` that rounds the number to the nearest tenth. Which implementation achieves this?",
		"question_difficulty": "Medium",
		"question_type": "SingleChoice",
		"tags": ["java", "rounding", "decimal-places", "math-round"],
		"target": "Exam"
	},
	{
		"answer_explanation": "Multiplying the value by 100, rounding it, and then dividing by 100.0 rounds the number to the nearest hundredth. This is a common technique for rounding to specific decimal places.",
		"answers": ["ghi789jkl012"],
		"choices": [
			{ "key": "abc123def456", "value": "`return Math.floor(getValue() * 100) / 100.0;`" },
			{ "key": "def456ghi789", "value": "`return Math.ceil(getValue() * 100) / 100.0;`" },
			{ "key": "ghi789jkl012", "value": "`return Math.round(getValue() * 100) / 100.0;`" },
			{ "key": "jkl012mno345", "value": "`return (int)(getValue() * 100) / 100.0;`" },
			{ "key": "mno345pqr678", "value": "`return getValue();`" }
		],
		"group_id": "",
		"illustration": "Code",
		"key_concept": "Rounding to specific decimal places",
		"kind": "Standalone",
		"order": 0,
		"question": "In a class `RealNumber`, implement `getRoundedHundredth` that rounds the number to the nearest hundredth. Which implementation is correct?",
		"question_difficulty": "Medium",
		"question_type": "SingleChoice",
		"tags": ["java", "rounding", "decimal-places", "math-round"],
		"target": "Exam"
	},
	{
		"answer_explanation": "Using `BigDecimal` with `setScale(2, RoundingMode.HALF_UP)` allows for precise rounding to two decimal places, which is essential in financial calculations where floating-point precision matters.",
		"answers": ["def456ghi789"],
		"choices": [
			{ "key": "abc123def456", "value": "`return Math.round(getValue() * 100) / 100.0;`" },
			{
				"key": "def456ghi789",
				"value": "`return new BigDecimal(getValue()).setScale(2, RoundingMode.HALF_UP).doubleValue();`"
			},
			{ "key": "ghi789jkl012", "value": "`return (int)(getValue());`" },
			{ "key": "jkl012mno345", "value": "`return Math.floor(getValue());`" },
			{ "key": "mno345pqr678", "value": "`return getValue();`" }
		],
		"group_id": "",
		"illustration": "Code",
		"key_concept": "Using BigDecimal for precise rounding",
		"kind": "Standalone",
		"order": 0,
		"question": "In a class `PreciseReal`, implement `getPreciseRounded` that rounds the number to two decimal places with high precision. Which implementation achieves this?",
		"question_difficulty": "Hard",
		"question_type": "SingleChoice",
		"tags": ["java", "bigdecimal", "rounding", "precision"],
		"target": "Exam"
	},
	{
		"answer_explanation": "Using `Math.round(getValue())` performs banker's rounding, where numbers exactly halfway between two integers are rounded to the nearest even integer. This is important in financial contexts to reduce rounding bias.",
		"answers": ["mno345pqr678"],
		"choices": [
			{ "key": "abc123def456", "value": "`return (int)Math.ceil(getValue());`" },
			{ "key": "def456ghi789", "value": "`return (int)Math.floor(getValue());`" },
			{ "key": "ghi789jkl012", "value": "`return (int)getValue();`" },
			{ "key": "jkl012mno345", "value": "`return (int)(getValue() + 0.5);`" },
			{ "key": "mno345pqr678", "value": "`return (int)Math.round(getValue());`" }
		],
		"group_id": "",
		"illustration": "Code",
		"key_concept": "Banker's rounding",
		"kind": "Standalone",
		"order": 0,
		"question": "In financial calculations, you need to implement `getBankersRounded` in a class `FinancialNumber` that performs banker's rounding. Which implementation is correct?",
		"question_difficulty": "Hard",
		"question_type": "SingleChoice",
		"tags": ["java", "bankers-rounding", "financial-calculations", "math-round"],
		"target": "Exam"
	},
	{
		"answer_explanation": "Adding 0.25 before casting to int effectively rounds the number to the nearest quarter (0.25), which is useful in specific custom rounding scenarios.",
		"answers": ["jkl012mno345"],
		"choices": [
			{ "key": "abc123def456", "value": "`return (int)(getValue() + 0.5);`" },
			{ "key": "def456ghi789", "value": "`return (int)(getValue() + 0.75);`" },
			{ "key": "ghi789jkl012", "value": "`return (int)(getValue() + 0.1);`" },
			{ "key": "jkl012mno345", "value": "`return (int)(getValue() + 0.25);`" },
			{ "key": "mno345pqr678", "value": "`return (int)Math.round(getValue());`" }
		],
		"group_id": "",
		"illustration": "Code",
		"key_concept": "Custom rounding methods",
		"kind": "Standalone",
		"order": 0,
		"question": "In a class `CustomReal`, implement `getRoundedToQuarter` that rounds numbers to the nearest quarter (0.25). Which implementation achieves this?",
		"question_difficulty": "Hard",
		"question_type": "SingleChoice",
		"tags": ["java", "custom-rounding", "type-casting", "math-functions"],
		"target": "Exam"
	},
	{
		"answer_explanation": "By using conditional statements to check the sign of the number and applying appropriate rounding functions, the implementations correctly round numbers differently based on their sign.",
		"answers": ["def456ghi789", "ghi789jkl012", "mno345pqr678"],
		"choices": [
			{ "key": "abc123def456", "value": "`return (int)Math.ceil(getValue());`" },
			{
				"key": "def456ghi789",
				"value": "`return getValue() >= 0 ? (int)Math.floor(getValue()) : (int)Math.ceil(getValue());`"
			},
			{
				"key": "ghi789jkl012",
				"value": "`return getValue() <= 0 ? (int)Math.floor(getValue()) : (int)Math.ceil(getValue());`"
			},
			{ "key": "jkl012mno345", "value": "`return (int)getValue();`" },
			{
				"key": "mno345pqr678",
				"value": "`return getValue() == 0 ? 0 : (int)Math.floor(Math.abs(getValue())) * (getValue() > 0 ? 1 : -1);`"
			}
		],
		"group_id": "",
		"illustration": "Code",
		"key_concept": "Conditional rounding, multiple correct answers",
		"kind": "Standalone",
		"order": 0,
		"question": "In a class `RealNumber`, implement `getRoundedBasedOnSign` that rounds numbers differently based on their sign. Which implementations are correct? Select all that apply.",
		"question_difficulty": "Hard",
		"question_type": "MultipleChoice",
		"tags": ["java", "conditional", "rounding", "sign-based"],
		"target": "Exam"
	}
]
