[
	{
		"answer_explanation": "The `recur` method compares each element in the array with the current maximum value found by the recursive call. It effectively finds the largest value in the array.",
		"answers": ["a1b2c3d4e5f6"],
		"choices": [
			{ "key": "a1b2c3d4e5f6", "value": "It finds the largest value in x and leaves x unchanged." },
			{ "key": "g7h8i9j0k1l2", "value": "It finds the smallest value in x and leaves x unchanged." },
			{ "key": "m3n4o5p6q7r8", "value": "It sorts x in ascending order and returns the largest value in x." },
			{ "key": "s9t0u1v2w3x4", "value": "It sorts x in descending order and returns the largest value in x." },
			{ "key": "y5z6a7b8c9d0", "value": "It returns x[0] or x[n-1], whichever is larger." }
		],
		"group_id": "",
		"illustration": "Code",
		"key_concept": "Recursion, finding maximum value in an array",
		"kind": "Standalone",
		"order": 0,
		"question": "What does the following method `recur` do?\n\n```java\n/**\n * x is an array of n integers.\n * n is a positive integer.\n */\npublic int recur(int[] x, int n)\n{\n    int t;\n    if (n == 1)\n        return x[0];\n    else\n    {\n        t = recur(x, n - 1);\n        if (x[n-1] > t)\n            return x[n-1];\n        else\n            return t;\n    }\n}\n```\n\n(A) It finds the largest value in x and leaves x unchanged.\n(B) It finds the smallest value in x and leaves x unchanged.\n(C) It sorts x in ascending order and returns the largest value in x.\n(D) It sorts x in descending order and returns the largest value in x.\n(E) It returns x[0] or x[n-1], whichever is larger.",
		"question_difficulty": "Medium",
		"question_type": "SingleChoice",
		"tags": ["java", "recursion", "array-processing", "maximum-value"],
		"target": "Exam"
	},
	{
		"answer_explanation": "The `findSum` method recursively calculates the sum of the first `n` elements in the array `arr`. The base case ensures termination when `n` is zero.",
		"answers": ["f4g5h6j7k8l9"],
		"choices": [
			{ "key": "f4g5h6j7k8l9", "value": "It calculates the sum of the first n elements in arr." },
			{ "key": "m1n2o3p4q5r6", "value": "It finds the average of the first n elements in arr." },
			{ "key": "s7t8u9v0w1x2", "value": "It multiplies the first n elements in arr." },
			{ "key": "y3z4a5b6c7d8", "value": "It finds the maximum value among the first n elements in arr." },
			{ "key": "e9f0g1h2i3j4", "value": "It reverses the first n elements in arr." }
		],
		"group_id": "",
		"illustration": "Code",
		"key_concept": "Recursion, summing array elements",
		"kind": "Standalone",
		"order": 0,
		"question": "What does the following method `findSum` do?\n\n```java\npublic int findSum(int[] arr, int n) {\n    if (n == 0)\n        return 0;\n    else\n        return findSum(arr, n - 1) + arr[n - 1];\n}\n```\n\n(A) It calculates the sum of the first n elements in arr.\n(B) It finds the average of the first n elements in arr.\n(C) It multiplies the first n elements in arr.\n(D) It finds the maximum value among the first n elements in arr.\n(E) It reverses the first n elements in arr.",
		"question_difficulty": "Medium",
		"question_type": "SingleChoice",
		"tags": ["java", "recursion", "array-summation", "sum-method"],
		"target": "Exam"
	},
	{
		"answer_explanation": "The `countOccurrences` method recursively counts how many times `target` appears in the array `data`. The base case handles when `n` is zero, ensuring termination.",
		"answers": ["k5l6m7n8o9p0"],
		"choices": [
			{ "key": "k5l6m7n8o9p0", "value": "It counts the number of times target appears in data." },
			{ "key": "q1r2s3t4u5v6", "value": "It finds the index of the first occurrence of target in data." },
			{ "key": "w7x8y9z0a1b2", "value": "It removes all occurrences of target from data." },
			{ "key": "c3d4e5f6g7h8", "value": "It replaces all occurrences of target with zero in data." },
			{ "key": "i9j0k1l2m3n4", "value": "It sums all elements in data that are equal to target." }
		],
		"group_id": "",
		"illustration": "Code",
		"key_concept": "Recursion, counting elements in an array",
		"kind": "Standalone",
		"order": 0,
		"question": "What does the following method `countOccurrences` do?\n\n```java\npublic int countOccurrences(int[] data, int n, int target) {\n    if (n == 0)\n        return 0;\n    else if (data[n - 1] == target)\n        return 1 + countOccurrences(data, n - 1, target);\n    else\n        return countOccurrences(data, n - 1, target);\n}\n```\n\n(A) It counts the number of times target appears in data.\n(B) It finds the index of the first occurrence of target in data.\n(C) It removes all occurrences of target from data.\n(D) It replaces all occurrences of target with zero in data.\n(E) It sums all elements in data that are equal to target.",
		"question_difficulty": "Medium",
		"question_type": "SingleChoice",
		"tags": ["java", "recursion", "array-count", "count-method"],
		"target": "Exam"
	},
	{
		"answer_explanation": "The `isSorted` method recursively checks whether the array `arr` is sorted in non-decreasing order. It compares each pair of consecutive elements.",
		"answers": ["o2p3q4r5s6t7"],
		"choices": [
			{ "key": "o2p3q4r5s6t7", "value": "It checks if the array arr is sorted in non-decreasing order." },
			{ "key": "u8v9w0x1y2z3", "value": "It sorts the array arr in ascending order." },
			{ "key": "a4b5c6d7e8f9", "value": "It reverses the array arr." },
			{ "key": "g0h1i2j3k4l5", "value": "It finds the median value of the array arr." },
			{ "key": "m6n7o8p9q0r1", "value": "It checks if all elements in arr are unique." }
		],
		"group_id": "",
		"illustration": "Code",
		"key_concept": "Recursion, array sorting verification",
		"kind": "Standalone",
		"order": 0,
		"question": "What does the following method `isSorted` do?\n\n```java\npublic boolean isSorted(int[] arr, int n) {\n    if (n == 1)\n        return true;\n    if (arr[n - 1] < arr[n - 2])\n        return false;\n    return isSorted(arr, n - 1);\n}\n```\n\n(A) It checks if the array arr is sorted in non-decreasing order.\n(B) It sorts the array arr in ascending order.\n(C) It reverses the array arr.\n(D) It finds the median value of the array arr.\n(E) It checks if all elements in arr are unique.",
		"question_difficulty": "Medium",
		"question_type": "SingleChoice",
		"tags": ["java", "recursion", "array-sorting", "sorting-verification"],
		"target": "Exam"
	},
	{
		"answer_explanation": "The `sumEvenIndices` method recursively sums the elements at even indices of the array `numbers`. It checks if the current index is even and adds the element to the sum accordingly.",
		"answers": ["t7u8v9w0x1y2"],
		"choices": [
			{ "key": "t7u8v9w0x1y2", "value": "It sums the elements at even indices of the array numbers." },
			{ "key": "z3a4b5c6d7e8", "value": "It sums all even numbers present in the array numbers." },
			{ "key": "f9g0h1i2j3k4", "value": "It finds the product of elements at even indices in numbers." },
			{ "key": "l5m6n7o8p9q0", "value": "It counts the number of even elements in numbers." },
			{ "key": "r1s2t3u4v5w6", "value": "It reverses the elements at even indices in numbers." }
		],
		"group_id": "",
		"illustration": "Code",
		"key_concept": "Recursion, array index manipulation",
		"kind": "Standalone",
		"order": 0,
		"question": "What does the following method `sumEvenIndices` do?\n\n```java\npublic int sumEvenIndices(int[] numbers, int n) {\n    if (n < 0)\n        return 0;\n    if (n % 2 == 0)\n        return numbers[n] + sumEvenIndices(numbers, n - 1);\n    else\n        return sumEvenIndices(numbers, n - 1);\n}\n```\n\n(A) It sums the elements at even indices of the array numbers.\n(B) It sums all even numbers present in the array numbers.\n(C) It finds the product of elements at even indices in numbers.\n(D) It counts the number of even elements in numbers.\n(E) It reverses the elements at even indices in numbers.",
		"question_difficulty": "Medium",
		"question_type": "SingleChoice",
		"tags": ["java", "recursion", "array-summation", "even-indices"],
		"target": "Exam"
	},
	{
		"answer_explanation": "The `merge` method merges two sorted arrays `left` and `right` into a single sorted array `result`. It iterates through both arrays, comparing elements and adding the smaller one to `result`.",
		"answers": ["x4y5z6a7b8c9"],
		"choices": [
			{ "key": "x4y5z6a7b8c9", "value": "It merges two sorted arrays into one sorted array." },
			{ "key": "d1e2f3g4h5i6", "value": "It sorts a single unsorted array in ascending order." },
			{ "key": "j7k8l9m0n1o2", "value": "It finds the intersection of two arrays." },
			{ "key": "p3q4r5s6t7u8", "value": "It reverses the elements of an array." },
			{ "key": "v9w0x1y2z3a4", "value": "It splits an array into two equal halves." }
		],
		"group_id": "",
		"illustration": "Code",
		"key_concept": "Array manipulation, merging sorted arrays",
		"kind": "Standalone",
		"order": 0,
		"question": "What does the following method `merge` do?\n\n```java\npublic int[] merge(int[] left, int[] right) {\n    int[] result = new int[left.length + right.length];\n    int i = 0, j = 0, k = 0;\n    while (i < left.length && j < right.length) {\n        if (left[i] <= right[j]) {\n            result[k++] = left[i++];\n        } else {\n            result[k++] = right[j++];\n        }\n    }\n    while (i < left.length) {\n        result[k++] = left[i++];\n    }\n    while (j < right.length) {\n        result[k++] = right[j++];\n    }\n    return result;\n}\n```\n\n(A) It merges two sorted arrays into one sorted array.\n(B) It sorts a single unsorted array in ascending order.\n(C) It finds the intersection of two arrays.\n(D) It reverses the elements of an array.\n(E) It splits an array into two equal halves.",
		"question_difficulty": "Hard",
		"question_type": "SingleChoice",
		"tags": ["java", "array-merging", "sorted-arrays", "array-manipulation"],
		"target": "Exam"
	},
	{
		"answer_explanation": "The `binarySearch` method implements the binary search algorithm on a sorted array `arr`. It returns the index of `target` if found, otherwise -1.",
		"answers": ["c2d3e4f5g6h7"],
		"choices": [
			{
				"key": "c2d3e4f5g6h7",
				"value": "It performs a binary search for target in arr and returns its index or -1 if not found."
			},
			{ "key": "i8j9k0l1m2n3", "value": "It sorts the array arr in ascending order." },
			{ "key": "o4p5q6r7s8t9", "value": "It finds the first occurrence of target in arr." },
			{ "key": "u1v2w3x4y5z6", "value": "It counts the number of times target appears in arr." },
			{ "key": "a7b8c9d0e1f2", "value": "It reverses the array arr." }
		],
		"group_id": "",
		"illustration": "Code",
		"key_concept": "Binary search algorithm, array indexing",
		"kind": "Standalone",
		"order": 0,
		"question": "What does the following method `binarySearch` do?\n\n```java\npublic int binarySearch(int[] arr, int target) {\n    int left = 0;\n    int right = arr.length - 1;\n    while (left <= right) {\n        int mid = left + (right - left) / 2;\n        if (arr[mid] == target)\n            return mid;\n        if (arr[mid] < target)\n            left = mid + 1;\n        else\n            right = mid - 1;\n    }\n    return -1;\n}\n```\n\n(A) It performs a binary search for target in arr and returns its index or -1 if not found.\n(B) It sorts the array arr in ascending order.\n(C) It finds the first occurrence of target in arr.\n(D) It counts the number of times target appears in arr.\n(E) It reverses the array arr.",
		"question_difficulty": "Hard",
		"question_type": "SingleChoice",
		"tags": ["java", "binary-search", "array-search", "algorithm"],
		"target": "Exam"
	},
	{
		"answer_explanation": "The `isPalindrome` method recursively checks whether the string `str` is a palindrome by comparing the first and last characters and then checking the substring without them.",
		"answers": ["d5e6f7g8h9i0"],
		"choices": [
			{ "key": "d5e6f7g8h9i0", "value": "It checks whether the string str is a palindrome." },
			{ "key": "j1k2l3m4n5o6", "value": "It converts the string str to uppercase." },
			{ "key": "p7q8r9s0t1u2", "value": "It reverses the string str." },
			{ "key": "v3w4x5y6z7a8", "value": "It counts the number of vowels in str." },
			{ "key": "b9c0d1e2f3g4", "value": "It checks if all characters in str are unique." }
		],
		"group_id": "",
		"illustration": "Code",
		"key_concept": "Recursion, string manipulation, palindrome checking",
		"kind": "Standalone",
		"order": 0,
		"question": "What does the following method `isPalindrome` do?\n\n```java\npublic boolean isPalindrome(String str) {\n    if (str.length() <= 1)\n        return true;\n    if (str.charAt(0) != str.charAt(str.length() - 1))\n        return false;\n    return isPalindrome(str.substring(1, str.length() - 1));\n}\n```\n\n(A) It checks whether the string str is a palindrome.\n(B) It converts the string str to uppercase.\n(C) It reverses the string str.\n(D) It counts the number of vowels in str.\n(E) It checks if all characters in str are unique.",
		"question_difficulty": "Medium",
		"question_type": "SingleChoice",
		"tags": ["java", "recursion", "string-manipulation", "palindrome"],
		"target": "Exam"
	},
	{
		"answer_explanation": "The `findMinimum` method recursively finds the smallest element in the array `arr` by comparing the current element with the minimum of the remaining elements.",
		"answers": ["e6f7g8h9i0j1"],
		"choices": [
			{ "key": "e6f7g8h9i0j1", "value": "It finds the smallest element in the array arr." },
			{ "key": "k2l3m4n5o6p7", "value": "It finds the largest element in the array arr." },
			{ "key": "q8r9s0t1u2v3", "value": "It calculates the average of the elements in arr." },
			{ "key": "w4x5y6z7a8b9", "value": "It sorts the array arr in descending order." },
			{ "key": "c0d1e2f3g4h5", "value": "It counts the number of elements in arr greater than a target." }
		],
		"group_id": "",
		"illustration": "Code",
		"key_concept": "Recursion, finding minimum in an array",
		"kind": "Standalone",
		"order": 0,
		"question": "What does the following method `findMinimum` do?\n\n```java\npublic int findMinimum(int[] arr, int n) {\n    if (n == 1)\n        return arr[0];\n    int min = findMinimum(arr, n - 1);\n    if (arr[n - 1] < min)\n        return arr[n - 1];\n    else\n        return min;\n}\n```\n\n(A) It finds the smallest element in the array arr.\n(B) It finds the largest element in the array arr.\n(C) It calculates the average of the elements in arr.\n(D) It sorts the array arr in descending order.\n(E) It counts the number of elements in arr greater than a target.",
		"question_difficulty": "Medium",
		"question_type": "SingleChoice",
		"tags": ["java", "recursion", "array-minimum", "minimum-finding"],
		"target": "Exam"
	},
	{
		"answer_explanation": "The `power` method recursively calculates `n` raised to the power of `p`. The base case returns 1 when `p` is 0, and multiplies `n` by the result of `power(n, p - 1)` otherwise.",
		"answers": ["f7g8h9i0j1k2"],
		"choices": [
			{ "key": "f7g8h9i0j1k2", "value": "It calculates n raised to the power of p recursively." },
			{ "key": "l3m4n5o6p7q8", "value": "It calculates p raised to the power of n recursively." },
			{ "key": "r9s0t1u2v3w4", "value": "It calculates the factorial of n recursively." },
			{ "key": "x5y6z7a8b9c0", "value": "It sums all numbers from 1 to n recursively." },
			{ "key": "d1e2f3g4h5i6", "value": "It finds the greatest common divisor of n and p recursively." }
		],
		"group_id": "",
		"illustration": "Code",
		"key_concept": "Recursion, exponentiation",
		"kind": "Standalone",
		"order": 0,
		"question": "What does the following method `power` do?\n\n```java\npublic int power(int n, int p) {\n    if (p == 0)\n        return 1;\n    else\n        return n * power(n, p - 1);\n}\n```\n\n(A) It calculates n raised to the power of p recursively.\n(B) It calculates p raised to the power of n recursively.\n(C) It calculates the factorial of n recursively.\n(D) It sums all numbers from 1 to n recursively.\n(E) It finds the greatest common divisor of n and p recursively.",
		"question_difficulty": "Medium",
		"question_type": "SingleChoice",
		"tags": ["java", "recursion", "exponentiation", "power-method"],
		"target": "Exam"
	},
	{
		"answer_explanation": "The `isPrime` method recursively checks if a number `n` is prime by testing divisibility starting from `d = 2`. If any divisor evenly divides `n`, it returns false.",
		"answers": ["g8h9i0j1k2l3"],
		"choices": [
			{ "key": "g8h9i0j1k2l3", "value": "It checks if a number n is prime recursively." },
			{ "key": "m4n5o6p7q8r9", "value": "It calculates the factorial of n recursively." },
			{ "key": "s1t2u3v4w5x6", "value": "It finds the nth Fibonacci number recursively." },
			{ "key": "y7z8a9b0c1d2", "value": "It sums all prime numbers up to n recursively." },
			{ "key": "e3f4g5h6i7j8", "value": "It checks if the array arr contains any prime numbers." }
		],
		"group_id": "",
		"illustration": "Code",
		"key_concept": "Recursion, prime number checking",
		"kind": "Standalone",
		"order": 0,
		"question": "What does the following method `isPrime` do?\n\n```java\npublic boolean isPrime(int n, int d) {\n    if (d == 1)\n        return true;\n    if (n % d == 0)\n        return false;\n    return isPrime(n, d - 1);\n}\n```\n\n(A) It checks if a number n is prime recursively.\n(B) It calculates the factorial of n recursively.\n(C) It finds the nth Fibonacci number recursively.\n(D) It sums all prime numbers up to n recursively.\n(E) It checks if the array arr contains any prime numbers.",
		"question_difficulty": "Hard",
		"question_type": "SingleChoice",
		"tags": ["java", "recursion", "prime-checking", "number-theory"],
		"target": "Exam"
	},
	{
		"answer_explanation": "The `gcd` method recursively calculates the greatest common divisor of two integers `a` and `b` using the Euclidean algorithm.",
		"answers": ["h9i0j1k2l3m4"],
		"choices": [
			{ "key": "h9i0j1k2l3m4", "value": "It calculates the greatest common divisor of a and b recursively." },
			{ "key": "n5o6p7q8r9s0", "value": "It calculates the least common multiple of a and b recursively." },
			{ "key": "t1u2v3w4x5y6", "value": "It finds the maximum of a and b recursively." },
			{ "key": "z7a8b9c0d1e2", "value": "It checks if a is a multiple of b recursively." },
			{ "key": "f5g6h7i8j9k0", "value": "It sums a and b recursively." }
		],
		"group_id": "",
		"illustration": "Code",
		"key_concept": "Recursion, Euclidean algorithm, GCD",
		"kind": "Standalone",
		"order": 0,
		"question": "What does the following method `gcd` do?\n\n```java\npublic int gcd(int a, int b) {\n    if (b == 0)\n        return a;\n    return gcd(b, a % b);\n}\n```\n\n(A) It calculates the greatest common divisor of a and b recursively.\n(B) It calculates the least common multiple of a and b recursively.\n(C) It finds the maximum of a and b recursively.\n(D) It checks if a is a multiple of b recursively.\n(E) It sums a and b recursively.",
		"question_difficulty": "Hard",
		"question_type": "SingleChoice",
		"tags": ["java", "recursion", "gcd", "euclidean-algorithm"],
		"target": "Exam"
	},
	{
		"answer_explanation": "The `removeDuplicates` method recursively removes duplicate elements from the array `arr` by checking if the current element has appeared before.",
		"answers": ["i0j1k2l3m4n5"],
		"choices": [
			{ "key": "i0j1k2l3m4n5", "value": "It removes duplicate elements from the array arr recursively." },
			{ "key": "o6p7q8r9s0t1", "value": "It sorts the array arr in ascending order recursively." },
			{ "key": "u2v3w4x5y6z7", "value": "It reverses the array arr recursively." },
			{ "key": "a8b9c0d1e2f3", "value": "It counts the number of unique elements in arr recursively." },
			{ "key": "g4h5i6j7k8l9", "value": "It finds the second largest element in arr recursively." }
		],
		"group_id": "",
		"illustration": "Code",
		"key_concept": "Recursion, array manipulation, duplicate removal",
		"kind": "Standalone",
		"order": 0,
		"question": "What does the following method `removeDuplicates` do?\n\n```java\npublic int removeDuplicates(int[] arr, int n) {\n    if (n == 1)\n        return 1;\n    int res = removeDuplicates(arr, n - 1);\n    if (arr[n - 1] != arr[res - 1]) {\n        arr[res] = arr[n - 1];\n        res++;\n    }\n    return res;\n}\n```\n\n(A) It removes duplicate elements from the array arr recursively.\n(B) It sorts the array arr in ascending order recursively.\n(C) It reverses the array arr recursively.\n(D) It counts the number of unique elements in arr recursively.\n(E) It finds the second largest element in arr recursively.",
		"question_difficulty": "Hard",
		"question_type": "SingleChoice",
		"tags": ["java", "recursion", "array-manipulation", "duplicate-removal"],
		"target": "Exam"
	},
	{
		"answer_explanation": "The `findPath` method recursively finds a path from the start node to the target node in a graph represented by an adjacency list. It marks visited nodes to prevent cycles.",
		"answers": ["j1k2l3m4n5o6"],
		"choices": [
			{ "key": "j1k2l3m4n5o6", "value": "It finds a path from start to target in a graph recursively." },
			{ "key": "p7q8r9s0t1u2", "value": "It performs a depth-first search to sort the nodes of a graph." },
			{ "key": "v3w4x5y6z7a8", "value": "It calculates the shortest distance between start and target in a graph." },
			{ "key": "b9c0d1e2f3g4", "value": "It checks if the graph is bipartite." },
			{ "key": "h5i6j7k8l9m0", "value": "It counts the number of connected components in the graph." }
		],
		"group_id": "",
		"illustration": "Code",
		"key_concept": "Recursion, graph traversal, path finding",
		"kind": "Standalone",
		"order": 0,
		"question": "What does the following method `findPath` do?\n\n```java\npublic boolean findPath(int start, int target, boolean[] visited, List<Integer>[] adjList) {\n    if (start == target)\n        return true;\n    visited[start] = true;\n    for (int neighbor : adjList[start]) {\n        if (!visited[neighbor]) {\n            if (findPath(neighbor, target, visited, adjList))\n                return true;\n        }\n    }\n    return false;\n}\n```\n\n(A) It finds a path from start to target in a graph recursively.\n(B) It performs a depth-first search to sort the nodes of a graph.\n(C) It calculates the shortest distance between start and target in a graph.\n(D) It checks if the graph is bipartite.\n(E) It counts the number of connected components in the graph.",
		"question_difficulty": "Hard",
		"question_type": "SingleChoice",
		"tags": ["java", "recursion", "graph-traversal", "path-finding"],
		"target": "Exam"
	},
	{
		"answer_explanation": "The `sumMatrix` method recursively calculates the sum of all elements in a 2D matrix by summing one row at a time.",
		"answers": ["k2l3m4n5o6p7"],
		"choices": [
			{ "key": "k2l3m4n5o6p7", "value": "It sums all elements in a 2D matrix recursively." },
			{ "key": "q8r9s0t1u2v3", "value": "It finds the largest element in each row of the matrix recursively." },
			{ "key": "w4x5y6z7a8b9", "value": "It transposes the 2D matrix recursively." },
			{ "key": "c0d1e2f3g4h5", "value": "It multiplies all elements in the matrix recursively." },
			{ "key": "i6j7k8l9m0n1", "value": "It checks if the matrix is symmetric recursively." }
		],
		"group_id": "",
		"illustration": "Code",
		"key_concept": "Recursion, 2D array processing, matrix summation",
		"kind": "Standalone",
		"order": 0,
		"question": "What does the following method `sumMatrix` do?\n\n```java\npublic int sumMatrix(int[][] matrix, int row, int col) {\n    if (row == matrix.length)\n        return 0;\n    if (col == matrix[0].length)\n        return sumMatrix(matrix, row + 1, 0);\n    return matrix[row][col] + sumMatrix(matrix, row, col + 1);\n}\n```\n\n(A) It sums all elements in a 2D matrix recursively.\n(B) It finds the largest element in each row of the matrix recursively.\n(C) It transposes the 2D matrix recursively.\n(D) It multiplies all elements in the matrix recursively.\n(E) It checks if the matrix is symmetric recursively.",
		"question_difficulty": "Medium",
		"question_type": "SingleChoice",
		"tags": ["java", "recursion", "matrix-summation", "2d-array"],
		"target": "Exam"
	},
	{
		"answer_explanation": "The `reverseArray` method recursively reverses the elements of the array `arr` by swapping the first and last elements and then reversing the subarray excluding these elements.",
		"answers": ["l3m4n5o6p7q8"],
		"choices": [
			{ "key": "l3m4n5o6p7q8", "value": "It reverses the elements of the array arr recursively." },
			{ "key": "r9s0t1u2v3w4", "value": "It sorts the array arr in descending order recursively." },
			{ "key": "x5y6z7a8b9c0", "value": "It removes duplicate elements from arr recursively." },
			{ "key": "d1e2f3g4h5i6", "value": "It finds the median of the array arr recursively." },
			{ "key": "j7k8l9m0n1o2", "value": "It checks if the array arr is sorted recursively." }
		],
		"group_id": "",
		"illustration": "Code",
		"key_concept": "Recursion, array reversal",
		"kind": "Standalone",
		"order": 0,
		"question": "What does the following method `reverseArray` do?\n\n```java\npublic void reverseArray(int[] arr, int start, int end) {\n    if (start >= end)\n        return;\n    int temp = arr[start];\n    arr[start] = arr[end];\n    arr[end] = temp;\n    reverseArray(arr, start + 1, end - 1);\n}\n```\n\n(A) It reverses the elements of the array arr recursively.\n(B) It sorts the array arr in descending order recursively.\n(C) It removes duplicate elements from arr recursively.\n(D) It finds the median of the array arr recursively.\n(E) It checks if the array arr is sorted recursively.",
		"question_difficulty": "Medium",
		"question_type": "SingleChoice",
		"tags": ["java", "recursion", "array-reversal", "array-manipulation"],
		"target": "Exam"
	},
	{
		"answer_explanation": "The `mergeSort` method recursively sorts the array `arr` by dividing it into two halves, sorting each half, and then merging the sorted halves.",
		"answers": ["m4n5o6p7q8r9"],
		"choices": [
			{ "key": "m4n5o6p7q8r9", "value": "It performs the merge sort algorithm on the array arr recursively." },
			{ "key": "s1t2u3v4w5x6", "value": "It performs the quick sort algorithm on the array arr recursively." },
			{ "key": "y7z8a9b0c1d2", "value": "It removes all negative numbers from arr recursively." },
			{ "key": "e3f4g5h6i7j8", "value": "It finds the maximum and minimum elements in arr recursively." },
			{ "key": "k9l0m1n2o3p4", "value": "It checks if the array arr is a palindrome recursively." }
		],
		"group_id": "",
		"illustration": "Code",
		"key_concept": "Recursion, merge sort algorithm",
		"kind": "Standalone",
		"order": 0,
		"question": "What does the following method `mergeSort` do?\n\n```java\npublic void mergeSort(int[] arr, int left, int right) {\n    if (left < right) {\n        int mid = left + (right - left) / 2;\n        mergeSort(arr, left, mid);\n        mergeSort(arr, mid + 1, right);\n        merge(arr, left, mid, right);\n    }\n}\n```\n\n(A) It performs the merge sort algorithm on the array arr recursively.\n(B) It performs the quick sort algorithm on the array arr recursively.\n(C) It removes all negative numbers from arr recursively.\n(D) It finds the maximum and minimum elements in arr recursively.\n(E) It checks if the array arr is a palindrome recursively.",
		"question_difficulty": "Hard",
		"question_type": "SingleChoice",
		"tags": ["java", "recursion", "merge-sort", "sorting-algorithm"],
		"target": "Exam"
	},
	{
		"answer_explanation": "The `flatten` method recursively flattens a nested array structure by appending elements to the `result` list. It handles both integer elements and nested arrays.",
		"answers": ["n5o6p7q8r9s0"],
		"choices": [
			{ "key": "n5o6p7q8r9s0", "value": "It flattens a nested array into a single list recursively." },
			{ "key": "t1u2v3w4x5y6", "value": "It removes all zero elements from a nested array recursively." },
			{ "key": "z7a8b9c0d1e2", "value": "It converts all elements of a nested array to strings recursively." },
			{ "key": "f3g4h5i6j7k8", "value": "It reverses the order of elements in a nested array recursively." },
			{ "key": "l9m0n1o2p3q4", "value": "It duplicates each element in a nested array recursively." }
		],
		"group_id": "",
		"illustration": "Code",
		"key_concept": "Recursion, array flattening, nested arrays",
		"kind": "Standalone",
		"order": 0,
		"question": "What does the following method `flatten` do?\n\n```java\npublic void flatten(Object[] nested, List<Integer> result) {\n    for (Object obj : nested) {\n        if (obj instanceof Integer)\n            result.add((Integer) obj);\n        else if (obj instanceof Object[])\n            flatten((Object[]) obj, result);\n    }\n}\n```\n\n(A) It flattens a nested array into a single list recursively.\n(B) It removes all zero elements from a nested array recursively.\n(C) It converts all elements of a nested array to strings recursively.\n(D) It reverses the order of elements in a nested array recursively.\n(E) It duplicates each element in a nested array recursively.",
		"question_difficulty": "Hard",
		"question_type": "SingleChoice",
		"tags": ["java", "recursion", "array-flattening", "nested-arrays"],
		"target": "Exam"
	},
	{
		"answer_explanation": "The `countVowels` method recursively counts the number of vowels in a string by checking each character and accumulating the count.",
		"answers": ["o6p7q8r9s0t1"],
		"choices": [
			{ "key": "o6p7q8r9s0t1", "value": "It counts the number of vowels in the string recursively." },
			{ "key": "u2v3w4x5y6z7", "value": "It converts all vowels in the string to uppercase recursively." },
			{ "key": "a8b9c0d1e2f3", "value": "It removes all vowels from the string recursively." },
			{ "key": "g4h5i6j7k8l9", "value": "It checks if the string contains only vowels recursively." },
			{ "key": "m0n1o2p3q4r5", "value": "It replaces all vowels in the string with asterisks recursively." }
		],
		"group_id": "",
		"illustration": "Code",
		"key_concept": "Recursion, string processing, vowel counting",
		"kind": "Standalone",
		"order": 0,
		"question": "What does the following method `countVowels` do?\n\n```java\npublic int countVowels(String str, int index) {\n    if (index == str.length())\n        return 0;\n    char c = Character.toLowerCase(str.charAt(index));\n    if (c == 'a' || c == 'e' || c == 'i' || c == 'o' || c == 'u')\n        return 1 + countVowels(str, index + 1);\n    else\n        return countVowels(str, index + 1);\n}\n```\n\n(A) It counts the number of vowels in the string recursively.\n(B) It converts all vowels in the string to uppercase recursively.\n(C) It removes all vowels from the string recursively.\n(D) It checks if the string contains only vowels recursively.\n(E) It replaces all vowels in the string with asterisks recursively.",
		"question_difficulty": "Medium",
		"question_type": "SingleChoice",
		"tags": ["java", "recursion", "string-processing", "vowel-counting"],
		"target": "Exam"
	},
	{
		"answer_explanation": "The `treeHeight` method recursively calculates the height of a binary tree by finding the maximum height between the left and right subtrees and adding one for the current node.",
		"answers": ["p7q8r9s0t1u2"],
		"choices": [
			{ "key": "p7q8r9s0t1u2", "value": "It calculates the height of a binary tree recursively." },
			{ "key": "v3w4x5y6z7a8", "value": "It counts the number of nodes in a binary tree recursively." },
			{ "key": "b9c0d1e2f3g4", "value": "It checks if a binary tree is balanced recursively." },
			{ "key": "h5i6j7k8l9m0", "value": "It performs an in-order traversal of the binary tree recursively." },
			{ "key": "n1o2p3q4r5s6", "value": "It converts a binary tree into a linked list recursively." }
		],
		"group_id": "",
		"illustration": "Code",
		"key_concept": "Recursion, binary tree traversal, height calculation",
		"kind": "Standalone",
		"order": 0,
		"question": "What does the following method `treeHeight` do?\n\n```java\npublic int treeHeight(TreeNode node) {\n    if (node == null)\n        return 0;\n    int leftHeight = treeHeight(node.left);\n    int rightHeight = treeHeight(node.right);\n    return Math.max(leftHeight, rightHeight) + 1;\n}\n```\n\n(A) It calculates the height of a binary tree recursively.\n(B) It counts the number of nodes in a binary tree recursively.\n(C) It checks if a binary tree is balanced recursively.\n(D) It performs an in-order traversal of the binary tree recursively.\n(E) It converts a binary tree into a linked list recursively.",
		"question_difficulty": "Hard",
		"question_type": "SingleChoice",
		"tags": ["java", "recursion", "binary-tree", "height-calculation"],
		"target": "Exam"
	},
	{
		"answer_explanation": "The `isBalanced` method recursively checks if a binary tree is height-balanced by ensuring the difference in heights of left and right subtrees is no more than one and that both subtrees are balanced.",
		"answers": ["q8r9s0t1u2v3"],
		"choices": [
			{ "key": "q8r9s0t1u2v3", "value": "It checks if a binary tree is height-balanced recursively." },
			{ "key": "w4x5y6z7a8b9", "value": "It checks if a binary tree is a binary search tree recursively." },
			{ "key": "c0d1e2f3g4h5", "value": "It calculates the maximum depth of a binary tree recursively." },
			{ "key": "i6j7k8l9m0n1", "value": "It mirrors the binary tree recursively." },
			{ "key": "o2p3q4r5s6t7", "value": "It flattens the binary tree into a linked list recursively." }
		],
		"group_id": "",
		"illustration": "Code",
		"key_concept": "Recursion, binary tree balancing, height difference",
		"kind": "Standalone",
		"order": 0,
		"question": "What does the following method `isBalanced` do?\n\n```java\npublic boolean isBalanced(TreeNode node) {\n    if (node == null)\n        return true;\n    int leftHeight = treeHeight(node.left);\n    int rightHeight = treeHeight(node.right);\n    if (Math.abs(leftHeight - rightHeight) > 1)\n        return false;\n    return isBalanced(node.left) && isBalanced(node.right);\n}\n```\n\n(A) It checks if a binary tree is height-balanced recursively.\n(B) It checks if a binary tree is a binary search tree recursively.\n(C) It calculates the maximum depth of a binary tree recursively.\n(D) It mirrors the binary tree recursively.\n(E) It flattens the binary tree into a linked list recursively.",
		"question_difficulty": "Hard",
		"question_type": "SingleChoice",
		"tags": ["java", "recursion", "binary-tree", "balanced-tree"],
		"target": "Exam"
	},
	{
		"answer_explanation": "The `findPathSum` method recursively checks if there's a root-to-leaf path in the binary tree such that adding up all the values along the path equals the given sum.",
		"answers": ["r9s0t1u2v3w4"],
		"choices": [
			{
				"key": "r9s0t1u2v3w4",
				"value": "It checks if there's a root-to-leaf path with a sum equal to the given value."
			},
			{ "key": "x5y6z7a8b9c0", "value": "It counts the number of root-to-leaf paths in the binary tree." },
			{ "key": "d1e2f3g4h5i6", "value": "It finds the maximum sum path from root to any node in the tree." },
			{ "key": "j7k8l9m0n1o2", "value": "It deletes all paths from root to leaf that do not match the given sum." },
			{ "key": "p3q4r5s6t7u8", "value": "It finds the average sum of all root-to-leaf paths in the tree." }
		],
		"group_id": "",
		"illustration": "Code",
		"key_concept": "Recursion, binary tree path sum",
		"kind": "Standalone",
		"order": 0,
		"question": "What does the following method `findPathSum` do?\n\n```java\npublic boolean findPathSum(TreeNode node, int sum) {\n    if (node == null)\n        return false;\n    if (node.left == null && node.right == null)\n        return (sum == node.val);\n    return findPathSum(node.left, sum - node.val) || findPathSum(node.right, sum - node.val);\n}\n```\n\n(A) It checks if there's a root-to-leaf path with a sum equal to the given value.\n(B) It counts the number of root-to-leaf paths in the binary tree.\n(C) It finds the maximum sum path from root to any node in the tree.\n(D) It deletes all paths from root to leaf that do not match the given sum.\n(E) It finds the average sum of all root-to-leaf paths in the tree.",
		"question_difficulty": "Hard",
		"question_type": "SingleChoice",
		"tags": ["java", "recursion", "binary-tree", "path-sum"],
		"target": "Exam"
	},
	{
		"answer_explanation": "The `flattenList` method recursively flattens a nested linked list structure by appending elements to the `result` list. It handles both integer nodes and nested lists.",
		"answers": ["s0t1u2v3w4x5"],
		"choices": [
			{ "key": "s0t1u2v3w4x5", "value": "It flattens a nested linked list into a single list recursively." },
			{ "key": "y6z7a8b9c0d1", "value": "It removes all duplicate elements from the linked list recursively." },
			{ "key": "e2f3g4h5i6j7", "value": "It reverses the linked list recursively." },
			{ "key": "k8l9m0n1o2p3", "value": "It sorts the linked list in ascending order recursively." },
			{ "key": "q4r5s6t7u8v9", "value": "It finds the middle element of the linked list recursively." }
		],
		"group_id": "",
		"illustration": "Code",
		"key_concept": "Recursion, linked list manipulation, list flattening",
		"kind": "Standalone",
		"order": 0,
		"question": "What does the following method `flattenList` do?\n\n```java\npublic void flattenList(Node head, List<Integer> result) {\n    if (head == null)\n        return;\n    if (head.data instanceof Integer)\n        result.add((Integer) head.data);\n    else if (head.data instanceof Node)\n        flattenList((Node) head.data, result);\n    flattenList(head.next, result);\n}\n```\n\n(A) It flattens a nested linked list into a single list recursively.\n(B) It removes all duplicate elements from the linked list recursively.\n(C) It reverses the linked list recursively.\n(D) It sorts the linked list in ascending order recursively.\n(E) It finds the middle element of the linked list recursively.",
		"question_difficulty": "Hard",
		"question_type": "SingleChoice",
		"tags": ["java", "recursion", "linked-list", "list-flattening"],
		"target": "Exam"
	},
	{
		"answer_explanation": "The `mirrorTree` method recursively creates a mirror image of the binary tree by swapping the left and right children of each node.",
		"answers": ["t1u2v3w4x5y6"],
		"choices": [
			{ "key": "t1u2v3w4x5y6", "value": "It creates a mirror image of the binary tree recursively." },
			{ "key": "z7a8b9c0d1e2", "value": "It converts the binary tree into a doubly linked list recursively." },
			{ "key": "f3g4h5i6j7k8", "value": "It calculates the diameter of the binary tree recursively." },
			{ "key": "l9m0n1o2p3q4", "value": "It counts the number of leaf nodes in the binary tree recursively." },
			{ "key": "r5s6t7u8v9w0", "value": "It checks if two binary trees are identical recursively." }
		],
		"group_id": "",
		"illustration": "Code",
		"key_concept": "Recursion, binary tree manipulation, mirroring",
		"kind": "Standalone",
		"order": 0,
		"question": "What does the following method `mirrorTree` do?\n\n```java\npublic void mirrorTree(TreeNode node) {\n    if (node == null)\n        return;\n    TreeNode temp = node.left;\n    node.left = node.right;\n    node.right = temp;\n    mirrorTree(node.left);\n    mirrorTree(node.right);\n}\n```\n\n(A) It creates a mirror image of the binary tree recursively.\n(B) It converts the binary tree into a doubly linked list recursively.\n(C) It calculates the diameter of the binary tree recursively.\n(D) It counts the number of leaf nodes in the binary tree recursively.\n(E) It checks if two binary trees are identical recursively.",
		"question_difficulty": "Hard",
		"question_type": "SingleChoice",
		"tags": ["java", "recursion", "binary-tree", "mirroring"],
		"target": "Exam"
	},
	{
		"answer_explanation": "The `removeNode` method recursively removes a node with the specified key from the binary search tree. It correctly handles all cases: no child, one child, and two children.",
		"answers": ["u2v3w4x5y6z7"],
		"choices": [
			{
				"key": "u2v3w4x5y6z7",
				"value": "It removes a node with the specified key from the binary search tree recursively."
			},
			{
				"key": "a8b9c0d1e2f3",
				"value": "It inserts a new node with the specified key into the binary search tree recursively."
			},
			{ "key": "g4h5i6j7k8l9", "value": "It finds the height of the binary search tree recursively." },
			{
				"key": "m0n1o2p3q4r5",
				"value": "It checks if the binary search tree contains a node with the specified key recursively."
			},
			{ "key": "s6t7u8v9w0x1", "value": "It balances the binary search tree recursively." }
		],
		"group_id": "",
		"illustration": "Code",
		"key_concept": "Recursion, binary search tree manipulation, node removal",
		"kind": "Standalone",
		"order": 0,
		"question": "What does the following method `removeNode` do?\n\n```java\npublic TreeNode removeNode(TreeNode root, int key) {\n    if (root == null)\n        return root;\n    if (key < root.val)\n        root.left = removeNode(root.left, key);\n    else if (key > root.val)\n        root.right = removeNode(root.right, key);\n    else {\n        if (root.left == null)\n            return root.right;\n        else if (root.right == null)\n            return root.left;\n        root.val = minValue(root.right);\n        root.right = removeNode(root.right, root.val);\n    }\n    return root;\n}\n\nprivate int minValue(TreeNode node) {\n    int minv = node.val;\n    while (node.left != null) {\n        minv = node.left.val;\n        node = node.left;\n    }\n    return minv;\n}\n```\n\n(A) It removes a node with the specified key from the binary search tree recursively.\n(B) It inserts a new node with the specified key into the binary search tree recursively.\n(C) It finds the height of the binary search tree recursively.\n(D) It checks if the binary search tree contains a node with the specified key recursively.\n(E) It balances the binary search tree recursively.",
		"question_difficulty": "Hard",
		"question_type": "SingleChoice",
		"tags": ["java", "recursion", "binary-search-tree", "node-removal"],
		"target": "Exam"
	},
	{
		"answer_explanation": "The `countPaths` method recursively counts the number of paths in a binary tree that sum up to a given value. It explores all possible paths starting from each node.",
		"answers": ["v3w4x5y6z7a8"],
		"choices": [
			{
				"key": "v3w4x5y6z7a8",
				"value": "It counts the number of paths in a binary tree that sum up to a given value recursively."
			},
			{ "key": "b9c0d1e2f3g4", "value": "It finds the maximum path sum in a binary tree recursively." },
			{
				"key": "h5i6j7k8l9m0",
				"value": "It checks if there exists a path from root to any node with a given sum recursively."
			},
			{ "key": "n1o2p3q4r5s6", "value": "It sums all node values in the binary tree recursively." },
			{ "key": "t7u8v9w0x1y2", "value": "It counts the number of leaf nodes that have a specific value recursively." }
		],
		"group_id": "",
		"illustration": "Code",
		"key_concept": "Recursion, binary tree path sum, path counting",
		"kind": "Standalone",
		"order": 0,
		"question": "What does the following method `countPaths` do?\n\n```java\npublic int countPaths(TreeNode root, int sum) {\n    if (root == null)\n        return 0;\n    return countPathsFromNode(root, sum) + countPaths(root.left, sum) + countPaths(root.right, sum);\n}\n\nprivate int countPathsFromNode(TreeNode node, int sum) {\n    if (node == null)\n        return 0;\n    int total = 0;\n    if (node.val == sum)\n        total++;\n    total += countPathsFromNode(node.left, sum - node.val);\n    total += countPathsFromNode(node.right, sum - node.val);\n    return total;\n}\n```\n\n(A) It counts the number of paths in a binary tree that sum up to a given value recursively.\n(B) It finds the maximum path sum in a binary tree recursively.\n(C) It checks if there exists a path from root to any node with a given sum recursively.\n(D) It sums all node values in the binary tree recursively.\n(E) It counts the number of leaf nodes that have a specific value recursively.",
		"question_difficulty": "Hard",
		"question_type": "SingleChoice",
		"tags": ["java", "recursion", "binary-tree", "path-sum-counting"],
		"target": "Exam"
	},
	{
		"answer_explanation": "The `fibonacci` method recursively calculates the nth Fibonacci number. It correctly implements the base cases for n=0 and n=1.",
		"answers": ["w4x5y6z7a8b9"],
		"choices": [
			{ "key": "w4x5y6z7a8b9", "value": "It calculates the nth Fibonacci number recursively." },
			{ "key": "c0d1e2f3g4h5", "value": "It calculates the factorial of n recursively." },
			{ "key": "i6j7k8l9m0n1", "value": "It finds the nth prime number recursively." },
			{ "key": "o2p3q4r5s6t7", "value": "It sums all even numbers up to n recursively." },
			{ "key": "u8v9w0x1y2z3", "value": "It reverses the digits of n recursively." }
		],
		"group_id": "",
		"illustration": "Code",
		"key_concept": "Recursion, Fibonacci sequence",
		"kind": "Standalone",
		"order": 0,
		"question": "What does the following method `fibonacci` do?\n\n```java\npublic int fibonacci(int n) {\n    if (n <= 1)\n        return n;\n    return fibonacci(n - 1) + fibonacci(n - 2);\n}\n```\n\n(A) It calculates the nth Fibonacci number recursively.\n(B) It calculates the factorial of n recursively.\n(C) It finds the nth prime number recursively.\n(D) It sums all even numbers up to n recursively.\n(E) It reverses the digits of n recursively.",
		"question_difficulty": "Medium",
		"question_type": "SingleChoice",
		"tags": ["java", "recursion", "fibonacci", "sequence"],
		"target": "Exam"
	},
	{
		"answer_explanation": "The `isBalancedBST` method recursively checks whether a binary search tree is height-balanced by ensuring that the difference in heights of left and right subtrees is no more than one.",
		"answers": ["x5y6z7a8b9c0"],
		"choices": [
			{ "key": "x5y6z7a8b9c0", "value": "It checks whether a binary search tree is height-balanced recursively." },
			{ "key": "d1e2f3g4h5i6", "value": "It converts a binary search tree into a sorted linked list recursively." },
			{ "key": "j7k8l9m0n1o2", "value": "It counts the number of nodes in a binary search tree recursively." },
			{ "key": "p3q4r5s6t7u8", "value": "It finds the minimum value in a binary search tree recursively." },
			{ "key": "v9w0x1y2z3a4", "value": "It checks if a binary search tree contains a certain value recursively." }
		],
		"group_id": "",
		"illustration": "Code",
		"key_concept": "Recursion, binary search tree balancing",
		"kind": "Standalone",
		"order": 0,
		"question": "What does the following method `isBalancedBST` do?\n\n```java\npublic boolean isBalancedBST(TreeNode root) {\n    if (root == null)\n        return true;\n    int leftHeight = treeHeight(root.left);\n    int rightHeight = treeHeight(root.right);\n    if (Math.abs(leftHeight - rightHeight) > 1)\n        return false;\n    return isBalancedBST(root.left) && isBalancedBST(root.right);\n}\n```\n\n(A) It checks whether a binary search tree is height-balanced recursively.\n(B) It converts a binary search tree into a sorted linked list recursively.\n(C) It counts the number of nodes in a binary search tree recursively.\n(D) It finds the minimum value in a binary search tree recursively.\n(E) It checks if a binary search tree contains a certain value recursively.",
		"question_difficulty": "Hard",
		"question_type": "SingleChoice",
		"tags": ["java", "recursion", "binary-search-tree", "tree-balancing"],
		"target": "Exam"
	},
	{
		"answer_explanation": "The `findDepth` method recursively calculates the depth of a binary tree by taking the maximum depth between left and right subtrees and adding one for the current node.",
		"answers": ["y6z7a8b9c0d1"],
		"choices": [
			{ "key": "y6z7a8b9c0d1", "value": "It calculates the depth of a binary tree recursively." },
			{ "key": "e2f3g4h5i6j7", "value": "It counts the number of leaf nodes in a binary tree recursively." },
			{ "key": "k8l9m0n1o2p3", "value": "It checks if a binary tree is complete recursively." },
			{ "key": "q4r5s6t7u8v9", "value": "It finds the sum of all nodes in a binary tree recursively." },
			{ "key": "w0x1y2z3a4b5", "value": "It performs a level-order traversal of the binary tree recursively." }
		],
		"group_id": "",
		"illustration": "Code",
		"key_concept": "Recursion, binary tree depth calculation",
		"kind": "Standalone",
		"order": 0,
		"question": "What does the following method `findDepth` do?\n\n```java\npublic int findDepth(TreeNode node) {\n    if (node == null)\n        return 0;\n    int leftDepth = findDepth(node.left);\n    int rightDepth = findDepth(node.right);\n    return Math.max(leftDepth, rightDepth) + 1;\n}\n```\n\n(A) It calculates the depth of a binary tree recursively.\n(B) It counts the number of leaf nodes in a binary tree recursively.\n(C) It checks if a binary tree is complete recursively.\n(D) It finds the sum of all nodes in a binary tree recursively.\n(E) It performs a level-order traversal of the binary tree recursively.",
		"question_difficulty": "Medium",
		"question_type": "SingleChoice",
		"tags": ["java", "recursion", "binary-tree", "depth-calculation"],
		"target": "Exam"
	},
	{
		"answer_explanation": "The `mergeSort` method recursively sorts the array `arr` by dividing it into two halves, sorting each half, and then merging the sorted halves. The helper method `merge` combines the two sorted subarrays into a single sorted array.",
		"answers": ["z7a8b9c0d1e2f3"],
		"choices": [
			{
				"key": "z7a8b9c0d1e2f3",
				"value": "It implements the merge sort algorithm to sort the array arr recursively."
			},
			{ "key": "g4h5i6j7k8l9", "value": "It implements the quick sort algorithm to sort the array arr recursively." },
			{
				"key": "m0n1o2p3q4r5",
				"value": "It implements the insertion sort algorithm to sort the array arr recursively."
			},
			{
				"key": "s6t7u8v9w0x1",
				"value": "It implements the bubble sort algorithm to sort the array arr recursively."
			},
			{ "key": "c2d3e4f5g6h7", "value": "It finds the median of the array arr recursively." }
		],
		"group_id": "",
		"illustration": "Code",
		"key_concept": "Recursion, merge sort algorithm, array sorting",
		"kind": "Standalone",
		"order": 0,
		"question": "What does the following method `mergeSort` do?\n\n```java\npublic void mergeSort(int[] arr, int left, int right) {\n    if (left < right) {\n        int mid = left + (right - left) / 2;\n        mergeSort(arr, left, mid);\n        mergeSort(arr, mid + 1, right);\n        merge(arr, left, mid, right);\n    }\n}\n\npublic void merge(int[] arr, int left, int mid, int right) {\n    // Merging logic here\n}\n```\n\n(A) It implements the merge sort algorithm to sort the array arr recursively.\n(B) It implements the quick sort algorithm to sort the array arr recursively.\n(C) It implements the insertion sort algorithm to sort the array arr recursively.\n(D) It implements the bubble sort algorithm to sort the array arr recursively.\n(E) It finds the median of the array arr recursively.",
		"question_difficulty": "Hard",
		"question_type": "SingleChoice",
		"tags": ["java", "recursion", "merge-sort", "array-sorting"],
		"target": "Exam"
	},
	{
		"answer_explanation": "The `countLeaves` method recursively counts the number of leaf nodes in a binary tree by checking if a node has no children.",
		"answers": ["a3b4c5d6e7f8"],
		"choices": [
			{ "key": "a3b4c5d6e7f8", "value": "It counts the number of leaf nodes in a binary tree recursively." },
			{ "key": "g9h0i1j2k3l4", "value": "It counts the total number of nodes in a binary tree recursively." },
			{ "key": "m5n6o7p8q9r0", "value": "It checks if a binary tree is balanced recursively." },
			{ "key": "s1t2u3v4w5x6", "value": "It finds the maximum value in a binary tree recursively." },
			{ "key": "y7z8a9b0c1d2", "value": "It sums all node values in a binary tree recursively." }
		],
		"group_id": "",
		"illustration": "Code",
		"key_concept": "Recursion, binary tree traversal, leaf counting",
		"kind": "Standalone",
		"order": 0,
		"question": "What does the following method `countLeaves` do?\n\n```java\npublic int countLeaves(TreeNode node) {\n    if (node == null)\n        return 0;\n    if (node.left == null && node.right == null)\n        return 1;\n    return countLeaves(node.left) + countLeaves(node.right);\n}\n```\n\n(A) It counts the number of leaf nodes in a binary tree recursively.\n(B) It counts the total number of nodes in a binary tree recursively.\n(C) It checks if a binary tree is balanced recursively.\n(D) It finds the maximum value in a binary tree recursively.\n(E) It sums all node values in a binary tree recursively.",
		"question_difficulty": "Medium",
		"question_type": "SingleChoice",
		"tags": ["java", "recursion", "binary-tree", "leaf-counting"],
		"target": "Exam"
	},
	{
		"answer_explanation": "The `reverseString` method recursively reverses the given string by moving towards the end of the string and concatenating characters in reverse order.",
		"answers": ["b4c5d6e7f8g9"],
		"choices": [
			{ "key": "b4c5d6e7f8g9", "value": "It recursively reverses the given string." },
			{ "key": "h0i1j2k3l4m5", "value": "It recursively converts the string to uppercase." },
			{ "key": "n6o7p8q9r0s1", "value": "It recursively removes all vowels from the string." },
			{ "key": "t2u3v4w5x6y7", "value": "It recursively duplicates each character in the string." },
			{ "key": "z8a9b0c1d2e3", "value": "It recursively checks if the string is a palindrome." }
		],
		"group_id": "",
		"illustration": "Code",
		"key_concept": "Recursion, string manipulation, string reversal",
		"kind": "Standalone",
		"order": 0,
		"question": "What does the following method `reverseString` do?\n\n```java\npublic String reverseString(String str) {\n    if (str.length() <= 1)\n        return str;\n    return reverseString(str.substring(1)) + str.charAt(0);\n}\n```\n\n(A) It recursively reverses the given string.\n(B) It recursively converts the string to uppercase.\n(C) It recursively removes all vowels from the string.\n(D) It recursively duplicates each character in the string.\n(E) It recursively checks if the string is a palindrome.",
		"question_difficulty": "Medium",
		"question_type": "SingleChoice",
		"tags": ["java", "recursion", "string-reversal", "string-manipulation"],
		"target": "Exam"
	},
	{
		"answer_explanation": "The `isSymmetric` method recursively checks whether a binary tree is symmetric around its center by comparing left and right subtrees.",
		"answers": ["c3d4e5f6g7h8"],
		"choices": [
			{
				"key": "c3d4e5f6g7h8",
				"value": "It checks whether a binary tree is symmetric around its center recursively."
			},
			{ "key": "i9j0k1l2m3n4", "value": "It checks whether a binary tree is a binary search tree recursively." },
			{ "key": "o5p6q7r8s9t0", "value": "It calculates the height of a binary tree recursively." },
			{ "key": "u1v2w3x4y5z6", "value": "It counts the number of leaf nodes in a binary tree recursively." },
			{
				"key": "a7b8c9d0e1f2",
				"value": "It finds the lowest common ancestor of two nodes in a binary tree recursively."
			}
		],
		"group_id": "",
		"illustration": "Code",
		"key_concept": "Recursion, binary tree symmetry",
		"kind": "Standalone",
		"order": 0,
		"question": "What does the following method `isSymmetric` do?\n\n```java\npublic boolean isSymmetric(TreeNode left, TreeNode right) {\n    if (left == null && right == null)\n        return true;\n    if (left == null || right == null)\n        return false;\n    if (left.val != right.val)\n        return false;\n    return isSymmetric(left.left, right.right) && isSymmetric(left.right, right.left);\n}\n```\n\n(A) It checks whether a binary tree is symmetric around its center recursively.\n(B) It checks whether a binary tree is a binary search tree recursively.\n(C) It calculates the height of a binary tree recursively.\n(D) It counts the number of leaf nodes in a binary tree recursively.\n(E) It finds the lowest common ancestor of two nodes in a binary tree recursively.",
		"question_difficulty": "Hard",
		"question_type": "SingleChoice",
		"tags": ["java", "recursion", "binary-tree", "symmetry-check"],
		"target": "Exam"
	},
	{
		"answer_explanation": "The `flattenTree` method recursively flattens a binary tree into a linked list by appending the right subtree after the left subtree.",
		"answers": ["d4e5f6g7h8i9"],
		"choices": [
			{ "key": "d4e5f6g7h8i9", "value": "It flattens a binary tree into a linked list recursively." },
			{ "key": "j0k1l2m3n4o5", "value": "It converts a binary tree into a balanced binary search tree recursively." },
			{ "key": "p6q7r8s9t0u1", "value": "It counts the number of nodes in a binary tree recursively." },
			{ "key": "v2w3x4y5z6a7", "value": "It checks if a binary tree is complete recursively." },
			{ "key": "b8c9d0e1f2g3", "value": "It finds the maximum depth of a binary tree recursively." }
		],
		"group_id": "",
		"illustration": "Code",
		"key_concept": "Recursion, binary tree flattening",
		"kind": "Standalone",
		"order": 0,
		"question": "What does the following method `flattenTree` do?\n\n```java\npublic void flattenTree(TreeNode root) {\n    if (root == null)\n        return;\n    flattenTree(root.left);\n    flattenTree(root.right);\n    if (root.left != null) {\n        TreeNode temp = root.right;\n        root.right = root.left;\n        root.left = null;\n        TreeNode current = root.right;\n        while (current.right != null)\n            current = current.right;\n        current.right = temp;\n    }\n}\n```\n\n(A) It flattens a binary tree into a linked list recursively.\n(B) It converts a binary tree into a balanced binary search tree recursively.\n(C) It counts the number of nodes in a binary tree recursively.\n(D) It checks if a binary tree is complete recursively.\n(E) It finds the maximum depth of a binary tree recursively.",
		"question_difficulty": "Hard",
		"question_type": "SingleChoice",
		"tags": ["java", "recursion", "binary-tree", "flattening"],
		"target": "Exam"
	},
	{
		"answer_explanation": "The `removeDuplicates` method recursively removes duplicate values from a sorted linked list by comparing each node with the next and skipping duplicates.",
		"answers": ["e5f6g7h8i9j0"],
		"choices": [
			{ "key": "e5f6g7h8i9j0", "value": "It removes duplicate values from a sorted linked list recursively." },
			{ "key": "k1l2m3n4o5p6", "value": "It reverses a linked list recursively." },
			{
				"key": "q7r8s9t0u1v2",
				"value": "It inserts a new node with a duplicate value into the linked list recursively."
			},
			{ "key": "w3x4y5z6a7b8", "value": "It counts the number of unique values in the linked list recursively." },
			{ "key": "c9d0e1f2g3h4", "value": "It finds the middle node of the linked list recursively." }
		],
		"group_id": "",
		"illustration": "Code",
		"key_concept": "Recursion, linked list manipulation, duplicate removal",
		"kind": "Standalone",
		"order": 0,
		"question": "What does the following method `removeDuplicates` do?\n\n```java\npublic ListNode removeDuplicates(ListNode head) {\n    if (head == null)\n        return head;\n    head.next = removeDuplicates(head.next);\n    if (head.val == head.next.val)\n        head.next = head.next.next;\n    return head;\n}\n```\n\n(A) It removes duplicate values from a sorted linked list recursively.\n(B) It reverses a linked list recursively.\n(C) It inserts a new node with a duplicate value into the linked list recursively.\n(D) It counts the number of unique values in the linked list recursively.\n(E) It finds the middle node of the linked list recursively.",
		"question_difficulty": "Medium",
		"question_type": "SingleChoice",
		"tags": ["java", "recursion", "linked-list", "duplicate-removal"],
		"target": "Exam"
	},
	{
		"answer_explanation": "The `countNodes` method recursively counts the number of nodes in a binary tree by summing the counts of the left and right subtrees and adding one for the current node.",
		"answers": ["f6g7h8i9j0k1"],
		"choices": [
			{ "key": "f6g7h8i9j0k1", "value": "It counts the number of nodes in a binary tree recursively." },
			{ "key": "l2m3n4o5p6q7", "value": "It checks if the binary tree is a binary search tree recursively." },
			{ "key": "r8s9t0u1v2w3", "value": "It sums all node values in a binary tree recursively." },
			{ "key": "x4y5z6a7b8c9", "value": "It finds the maximum value in a binary tree recursively." },
			{ "key": "d2e3f4g5h6i7", "value": "It removes all leaf nodes from the binary tree recursively." }
		],
		"group_id": "",
		"illustration": "Code",
		"key_concept": "Recursion, binary tree traversal, node counting",
		"kind": "Standalone",
		"order": 0,
		"question": "What does the following method `countNodes` do?\n\n```java\npublic int countNodes(TreeNode node) {\n    if (node == null)\n        return 0;\n    return 1 + countNodes(node.left) + countNodes(node.right);\n}\n```\n\n(A) It counts the number of nodes in a binary tree recursively.\n(B) It checks if the binary tree is a binary search tree recursively.\n(C) It sums all node values in a binary tree recursively.\n(D) It finds the maximum value in a binary tree recursively.\n(E) It removes all leaf nodes from the binary tree recursively.",
		"question_difficulty": "Medium",
		"question_type": "SingleChoice",
		"tags": ["java", "recursion", "binary-tree", "node-counting"],
		"target": "Exam"
	},
	{
		"answer_explanation": "The `isAnagram` method recursively checks if two strings are anagrams by counting the frequency of each character and comparing the counts.",
		"answers": ["g7h8i9j0k1l2"],
		"choices": [
			{ "key": "g7h8i9j0k1l2", "value": "It checks if two strings are anagrams recursively." },
			{ "key": "m3n4o5p6q7r8", "value": "It reverses both strings recursively and compares them." },
			{ "key": "s9t0u1v2w3x4", "value": "It checks if one string is a substring of the other recursively." },
			{ "key": "y5z6a7b8c9d0", "value": "It counts the number of vowels in both strings recursively." },
			{ "key": "e1f2g3h4i5j6", "value": "It converts both strings to uppercase recursively and compares them." }
		],
		"group_id": "",
		"illustration": "Code",
		"key_concept": "Recursion, string manipulation, anagram checking",
		"kind": "Standalone",
		"order": 0,
		"question": "What does the following method `isAnagram` do?\n\n```java\npublic boolean isAnagram(String s1, String s2) {\n    if (s1.length() != s2.length())\n        return false;\n    if (s1.length() == 0)\n        return true;\n    char c = s1.charAt(0);\n    if (s2.indexOf(c) == -1)\n        return false;\n    return isAnagram(s1.substring(1), s2.replaceFirst(String.valueOf(c), \"\"));\n}\n```\n\n(A) It checks if two strings are anagrams recursively.\n(B) It reverses both strings recursively and compares them.\n(C) It checks if one string is a substring of the other recursively.\n(D) It counts the number of vowels in both strings recursively.\n(E) It converts both strings to uppercase recursively and compares them.",
		"question_difficulty": "Hard",
		"question_type": "SingleChoice",
		"tags": ["java", "recursion", "string-anagram", "string-manipulation"],
		"target": "Exam"
	},
	{
		"answer_explanation": "The `printAllPaths` method recursively prints all root-to-leaf paths in a binary tree by maintaining a path array and updating it as it traverses the tree.",
		"answers": ["h8i9j0k1l2m3"],
		"choices": [
			{ "key": "h8i9j0k1l2m3", "value": "It prints all root-to-leaf paths in a binary tree recursively." },
			{ "key": "n4o5p6q7r8s9", "value": "It finds the longest path in a binary tree recursively." },
			{ "key": "t1u2v3w4x5y6", "value": "It counts the number of leaf nodes in a binary tree recursively." },
			{ "key": "z7a8b9c0d1e2", "value": "It calculates the sum of all node values in a binary tree recursively." },
			{ "key": "f3g4h5i6j7k8", "value": "It checks if a binary tree is a full binary tree recursively." }
		],
		"group_id": "",
		"illustration": "Code",
		"key_concept": "Recursion, binary tree traversal, path printing",
		"kind": "Standalone",
		"order": 0,
		"question": "What does the following method `printAllPaths` do?\n\n```java\npublic void printAllPaths(TreeNode node, int[] path, int pathLen) {\n    if (node == null)\n        return;\n    path[pathLen] = node.val;\n    pathLen++;\n    if (node.left == null && node.right == null) {\n        for (int i = 0; i < pathLen; i++)\n            System.out.print(path[i] + \" \");\n        System.out.println();\n    } else {\n        printAllPaths(node.left, path, pathLen);\n        printAllPaths(node.right, path, pathLen);\n    }\n}\n```\n\n(A) It prints all root-to-leaf paths in a binary tree recursively.\n(B) It finds the longest path in a binary tree recursively.\n(C) It counts the number of leaf nodes in a binary tree recursively.\n(D) It calculates the sum of all node values in a binary tree recursively.\n(E) It checks if a binary tree is a full binary tree recursively.",
		"question_difficulty": "Hard",
		"question_type": "SingleChoice",
		"tags": ["java", "recursion", "binary-tree", "path-printing"],
		"target": "Exam"
	},
	{
		"answer_explanation": "The `isMirror` method recursively checks if two trees are mirrors of each other by comparing the left subtree of one tree with the right subtree of the other and vice versa.",
		"answers": ["i9j0k1l2m3n4"],
		"choices": [
			{ "key": "i9j0k1l2m3n4", "value": "It checks if two binary trees are mirrors of each other recursively." },
			{ "key": "o5p6q7r8s9t0", "value": "It merges two binary trees into one recursively." },
			{ "key": "u1v2w3x4y5z6", "value": "It counts the number of common nodes in two binary trees recursively." },
			{ "key": "a7b8c9d0e1f2", "value": "It converts one binary tree into another recursively." },
			{ "key": "g3h4i5j6k7l8", "value": "It checks if a binary tree is a binary search tree recursively." }
		],
		"group_id": "",
		"illustration": "Code",
		"key_concept": "Recursion, binary tree mirroring",
		"kind": "Standalone",
		"order": 0,
		"question": "What does the following method `isMirror` do?\n\n```java\npublic boolean isMirror(TreeNode t1, TreeNode t2) {\n    if (t1 == null && t2 == null)\n        return true;\n    if (t1 == null || t2 == null)\n        return false;\n    return (t1.val == t2.val)\n        && isMirror(t1.left, t2.right)\n        && isMirror(t1.right, t2.left);\n}\n```\n\n(A) It checks if two binary trees are mirrors of each other recursively.\n(B) It merges two binary trees into one recursively.\n(C) It counts the number of common nodes in two binary trees recursively.\n(D) It converts one binary tree into another recursively.\n(E) It checks if a binary tree is a binary search tree recursively.",
		"question_difficulty": "Hard",
		"question_type": "SingleChoice",
		"tags": ["java", "recursion", "binary-tree", "mirroring"],
		"target": "Exam"
	}
]
