[
	{
		"answer_explanation": "The `reverseString` method is intended to reverse a given string recursively. However, the base case should check for `str.length() <= 1` to handle empty strings and single-character strings correctly.",
		"answers": ["d4e5f6a1b2c3"],
		"choices": [
			{ "key": "a1b2c3d4e5f6", "value": "Change the method to use iteration instead of recursion." },
			{ "key": "d4e5f6a1b2c3", "value": "Modify the base case to `if (str.length() <= 1)`." },
			{ "key": "g7h8i9j0k1l2", "value": "Swap the recursive call and concatenation order." },
			{ "key": "m3n4o5p6q7r8", "value": "Add a check for null strings before proceeding." },
			{ "key": "s9t0u1v2w3x4", "value": "Use a loop to concatenate characters in reverse order." }
		],
		"group_id": "grp1abcd1234",
		"illustration": "Code",
		"key_concept": "Recursion base case in string reversal",
		"kind": "Group",
		"order": 1,
		"question": "Use the following scenario for Questions 1-3.\n\nA programmer writes a method to reverse a string recursively:\n\n```java\npublic static String reverseString(String str) {\n    if (str.length() == 0) {\n        return \"\";\n    } else {\n        return reverseString(str.substring(1)) + str.charAt(0);\n    }\n}\n```\n\nHowever, the method sometimes throws a `StringIndexOutOfBoundsException`.\n\nWhat change can be made to fix this error?",
		"question_difficulty": "Medium",
		"question_type": "SingleChoice",
		"tags": ["java", "recursion", "string-manipulation", "debugging"],
		"target": "Exam"
	},
	{
		"answer_explanation": "When `str.length()` is 1, `str.substring(1)` returns an empty string, and the recursion continues unnecessarily. By changing the base case to `str.length() <= 1`, we handle empty and single-character strings correctly.",
		"answers": ["True"],
		"choices": [
			{ "key": "True", "value": "True" },
			{ "key": "False", "value": "False" }
		],
		"group_id": "grp1abcd1234",
		"illustration": "NotSet",
		"key_concept": "Understanding recursion base cases",
		"kind": "Group",
		"order": 2,
		"question": "True or False: The original base case `if (str.length() == 0)` fails to handle single-character strings properly in the recursive `reverseString` method.",
		"question_difficulty": "Easy",
		"question_type": "TrueFalse",
		"tags": ["java", "recursion", "base-case", "string-length"],
		"target": "Exam"
	},
	{
		"answer_explanation": "The corrected method will successfully reverse any given string, including empty and single-character strings, without throwing exceptions.",
		"answers": ["m3n4o5p6q7r8", "s9t0u1v2w3x4"],
		"choices": [
			{ "key": "a1b2c3d4e5f6", "value": "It will still throw an exception for empty strings." },
			{ "key": "d4e5f6a1b2c3", "value": "It will only work for strings of even length." },
			{ "key": "g7h8i9j0k1l2", "value": "It will reverse the string but add extra characters." },
			{ "key": "m3n4o5p6q7r8", "value": "It will correctly reverse any given string." },
			{ "key": "s9t0u1v2w3x4", "value": "It will handle single-character strings without error." }
		],
		"group_id": "grp1abcd1234",
		"illustration": "NotSet",
		"key_concept": "Outcome of correcting recursion base case",
		"kind": "Group",
		"order": 3,
		"question": "After fixing the base case in the `reverseString` method, what will be the outcome? Select all that apply.",
		"question_difficulty": "Hard",
		"question_type": "MultipleChoice",
		"tags": ["java", "recursion", "string-manipulation", "method-correction"],
		"target": "Exam"
	},
	{
		"answer_explanation": "The method `factorial` lacks a base case for when `n` is 0 or 1, which causes infinite recursion and eventually a `StackOverflowError`.",
		"answers": ["z9y8x7w6v5u4"],
		"choices": [
			{ "key": "v5u4w3x2y1z0", "value": "Add a check for negative numbers." },
			{ "key": "z9y8x7w6v5u4", "value": "Include a base case `if (n <= 1)`." },
			{ "key": "t6s5r4q3p2o1", "value": "Convert the method to iterative implementation." },
			{ "key": "n0m9l8k7j6i5", "value": "Change the multiplication to addition." },
			{ "key": "h4g3f2e1d0c9", "value": "Use a different recursive strategy." }
		],
		"group_id": "grp2wxyz7890",
		"illustration": "Code",
		"key_concept": "Recursion base case in factorial calculation",
		"kind": "Group",
		"order": 1,
		"question": "Use the following scenario for Questions 4-6.\n\nA programmer implements a recursive method to calculate factorials:\n\n```java\npublic static int factorial(int n) {\n    return n * factorial(n - 1);\n}\n```\n\nHowever, calling `factorial(5)` results in a `StackOverflowError`.\n\nWhat modification will fix this issue?",
		"question_difficulty": "Medium",
		"question_type": "SingleChoice",
		"tags": ["java", "recursion", "factorial", "stack-overflow"],
		"target": "Exam"
	},
	{
		"answer_explanation": "True. Without a base case, the recursive calls continue indefinitely, consuming stack memory until a `StackOverflowError` occurs.",
		"answers": ["True"],
		"choices": [
			{ "key": "True", "value": "True" },
			{ "key": "False", "value": "False" }
		],
		"group_id": "grp2wxyz7890",
		"illustration": "NotSet",
		"key_concept": "Understanding recursion and base cases",
		"kind": "Group",
		"order": 2,
		"question": "True or False: The `StackOverflowError` occurs because the `factorial` method lacks a proper base case to terminate recursion.",
		"question_difficulty": "Easy",
		"question_type": "TrueFalse",
		"tags": ["java", "recursion", "base-case", "errors"],
		"target": "Exam"
	},
	{
		"answer_explanation": "With the base case added, the method will correctly compute the factorial of positive integers. It will still not handle negative inputs unless additional checks are implemented.",
		"answers": ["v5u4w3x2y1z0", "z9y8x7w6v5u4"],
		"choices": [
			{ "key": "v5u4w3x2y1z0", "value": "It will return correct factorials for positive integers." },
			{ "key": "z9y8x7w6v5u4", "value": "It will prevent `StackOverflowError` by terminating recursion." },
			{ "key": "t6s5r4q3p2o1", "value": "It will handle negative inputs appropriately." },
			{ "key": "n0m9l8k7j6i5", "value": "It will calculate factorials more efficiently than iteration." },
			{ "key": "h4g3f2e1d0c9", "value": "It will still cause a `StackOverflowError` for large `n`." }
		],
		"group_id": "grp2wxyz7890",
		"illustration": "NotSet",
		"key_concept": "Effects of adding a base case to recursion",
		"kind": "Group",
		"order": 3,
		"question": "After adding a base case to the `factorial` method, what are the outcomes? Select all that apply.",
		"question_difficulty": "Hard",
		"question_type": "MultipleChoice",
		"tags": ["java", "recursion", "factorial", "method-correction"],
		"target": "Exam"
	},
	{
		"answer_explanation": "The method `fibonacci` incorrectly adds an extra recursive call, which causes redundant computations and increases execution time exponentially.",
		"answers": ["q1w2e3r4t5y6"],
		"choices": [
			{ "key": "y6t5r4e3w2q1", "value": "Use a loop instead of recursion." },
			{ "key": "q1w2e3r4t5y6", "value": "Optimize by memoization to store computed values." },
			{ "key": "u7i8o9p0a1s2", "value": "Remove unnecessary recursive calls." },
			{ "key": "d3f4g5h6j7k8", "value": "Increase stack size to handle deep recursion." },
			{ "key": "l9k8j7h6g5f4", "value": "Change addition to multiplication in the recursive calls." }
		],
		"group_id": "grp3abcd5678",
		"illustration": "Code",
		"key_concept": "Optimizing recursive Fibonacci calculation",
		"kind": "Group",
		"order": 1,
		"question": "Use the following scenario for Questions 7-9.\n\nA programmer writes a recursive method to compute Fibonacci numbers:\n\n```java\npublic static int fibonacci(int n) {\n    if (n <= 1) {\n        return n;\n    } else {\n        return fibonacci(n - 1) + fibonacci(n - 2);\n    }\n}\n```\n\nThe method works but is very slow for larger values of `n`.\n\nWhat can be done to improve the performance of this method?",
		"question_difficulty": "Medium",
		"question_type": "SingleChoice",
		"tags": ["java", "recursion", "fibonacci", "optimization"],
		"target": "Exam"
	},
	{
		"answer_explanation": "True. The recursive Fibonacci method has exponential time complexity due to overlapping subproblems, which can be optimized using memoization or iterative solutions.",
		"answers": ["True"],
		"choices": [
			{ "key": "True", "value": "True" },
			{ "key": "False", "value": "False" }
		],
		"group_id": "grp3abcd5678",
		"illustration": "NotSet",
		"key_concept": "Understanding recursion inefficiency",
		"kind": "Group",
		"order": 2,
		"question": "True or False: The recursive implementation of the Fibonacci sequence is inefficient because it recalculates the same values multiple times.",
		"question_difficulty": "Easy",
		"question_type": "TrueFalse",
		"tags": ["java", "recursion", "efficiency", "fibonacci"],
		"target": "Exam"
	},
	{
		"answer_explanation": "By implementing memoization or converting to an iterative approach, the method avoids redundant calculations, significantly improving performance for large `n`.",
		"answers": ["q1w2e3r4t5y6", "u7i8o9p0a1s2"],
		"choices": [
			{ "key": "y6t5r4e3w2q1", "value": "It will still be slow for large `n` due to recursion overhead." },
			{ "key": "q1w2e3r4t5y6", "value": "It will compute Fibonacci numbers efficiently." },
			{ "key": "u7i8o9p0a1s2", "value": "It will prevent redundant calculations." },
			{ "key": "d3f4g5h6j7k8", "value": "It will consume more memory due to memoization." },
			{ "key": "l9k8j7h6g5f4", "value": "It will no longer be a recursive method." }
		],
		"group_id": "grp3abcd5678",
		"illustration": "NotSet",
		"key_concept": "Outcomes of optimizing recursive methods",
		"kind": "Group",
		"order": 3,
		"question": "After optimizing the `fibonacci` method, what are the expected outcomes? Select all that apply.",
		"question_difficulty": "Hard",
		"question_type": "MultipleChoice",
		"tags": ["java", "optimization", "memoization", "recursion"],
		"target": "Exam"
	},
	{
		"answer_explanation": "The method lacks a base case for when `n` is 0, causing infinite recursion and a `StackOverflowError`. Adding a base case resolves this issue.",
		"answers": ["b2c3d4e5f6a1"],
		"choices": [
			{ "key": "a1b2c3d4e5f6", "value": "Change the method to iterative implementation." },
			{ "key": "b2c3d4e5f6a1", "value": "Add a base case `if (n == 0)`." },
			{ "key": "c4d5e6f7g8h9", "value": "Use a larger data type for `n`." },
			{ "key": "d6e7f8g9h0i1", "value": "Remove the recursive call." },
			{ "key": "e8f9g0h1i2j3", "value": "Handle negative numbers differently." }
		],
		"group_id": "grp4wxyz1234",
		"illustration": "Code",
		"key_concept": "Recursion base case in exponentiation",
		"kind": "Group",
		"order": 1,
		"question": "Use the following scenario for Questions 10-12.\n\nA programmer writes a recursive method to compute `n` raised to the power of `p`:\n\n```java\npublic static int power(int n, int p) {\n    return n * power(n, p - 1);\n}\n```\n\nCalling `power(2, 3)` results in a `StackOverflowError`.\n\nWhat modification will fix this issue?",
		"question_difficulty": "Medium",
		"question_type": "SingleChoice",
		"tags": ["java", "recursion", "exponentiation", "stack-overflow"],
		"target": "Exam"
	},
	{
		"answer_explanation": "True. Without a base case for when `p` is 0, the recursion does not terminate, leading to a `StackOverflowError`.",
		"answers": ["True"],
		"choices": [
			{ "key": "True", "value": "True" },
			{ "key": "False", "value": "False" }
		],
		"group_id": "grp4wxyz1234",
		"illustration": "NotSet",
		"key_concept": "Understanding recursion termination",
		"kind": "Group",
		"order": 2,
		"question": "True or False: The `StackOverflowError` in the `power` method occurs because there is no base case to stop the recursion when the exponent reaches zero.",
		"question_difficulty": "Easy",
		"question_type": "TrueFalse",
		"tags": ["java", "recursion", "base-case", "errors"],
		"target": "Exam"
	},
	{
		"answer_explanation": "After adding the base case, the method correctly computes powers for positive integer exponents. It still needs handling for negative exponents if required.",
		"answers": ["b2c3d4e5f6a1", "e8f9g0h1i2j3"],
		"choices": [
			{ "key": "a1b2c3d4e5f6", "value": "It will calculate powers for any integer exponent." },
			{ "key": "b2c3d4e5f6a1", "value": "It will correctly compute powers with positive exponents." },
			{ "key": "c4d5e6f7g8h9", "value": "It will avoid `StackOverflowError` by terminating recursion." },
			{ "key": "d6e7f8g9h0i1", "value": "It will handle zero exponents properly." },
			{ "key": "e8f9g0h1i2j3", "value": "It still won't handle negative exponents without modification." }
		],
		"group_id": "grp4wxyz1234",
		"illustration": "NotSet",
		"key_concept": "Effects of adding base case in recursion",
		"kind": "Group",
		"order": 3,
		"question": "After fixing the `power` method, what are the outcomes? Select all that apply.",
		"question_difficulty": "Hard",
		"question_type": "MultipleChoice",
		"tags": ["java", "recursion", "exponentiation", "method-correction"],
		"target": "Exam"
	},
	{
		"answer_explanation": "The method incorrectly uses `System.out.print(n % 10)` before the recursive call, which reverses the intended order of digits. Swapping these lines fixes the issue.",
		"answers": ["k9l8m7n6o5p4"],
		"choices": [
			{ "key": "f1g2h3i4j5k6", "value": "Change the condition to `if (n >= 10)`." },
			{ "key": "k9l8m7n6o5p4", "value": "Swap the `System.out.print(n % 10)` and recursive call." },
			{ "key": "q3r2s1t0u9v8", "value": "Use integer division instead of modulo." },
			{ "key": "w7x6y5z4a3b2", "value": "Add a base case for `n == 0`." },
			{ "key": "c1d2e3f4g5h6", "value": "Convert `n` to a string before processing." }
		],
		"group_id": "grp5mnop4567",
		"illustration": "Code",
		"key_concept": "Correcting digit order in recursive printing",
		"kind": "Group",
		"order": 1,
		"question": "Use the following scenario for Questions 13-15.\n\nA programmer writes a method to print the digits of an integer in order:\n\n```java\npublic static void printDigits(int n) {\n    if (n < 10) {\n        System.out.print(n);\n    } else {\n        System.out.print(n % 10);\n        printDigits(n / 10);\n    }\n}\n```\n\nWhen calling `printDigits(123)`, the output is `321` instead of `123`.\n\nWhat change can fix the output?",
		"question_difficulty": "Medium",
		"question_type": "SingleChoice",
		"tags": ["java", "recursion", "integer-division", "output-order"],
		"target": "Exam"
	},
	{
		"answer_explanation": "False. The method prints digits in reverse order because it processes the least significant digit first due to the placement of `System.out.print(n % 10)` before the recursive call.",
		"answers": ["False"],
		"choices": [
			{ "key": "True", "value": "True" },
			{ "key": "False", "value": "False" }
		],
		"group_id": "grp5mnop4567",
		"illustration": "NotSet",
		"key_concept": "Understanding order of execution in recursion",
		"kind": "Group",
		"order": 2,
		"question": "True or False: The original `printDigits` method prints the digits in reverse order because it lacks a proper base case.",
		"question_difficulty": "Easy",
		"question_type": "TrueFalse",
		"tags": ["java", "recursion", "output-order", "debugging"],
		"target": "Exam"
	},
	{
		"answer_explanation": "After swapping the print statement and recursive call, the method will correctly print the digits in order, processing the most significant digit first.",
		"answers": ["f1g2h3i4j5k6", "k9l8m7n6o5p4"],
		"choices": [
			{ "key": "f1g2h3i4j5k6", "value": "It will output the digits in the correct order." },
			{ "key": "k9l8m7n6o5p4", "value": "It processes the most significant digit first." },
			{ "key": "q3r2s1t0u9v8", "value": "It will cause a `StackOverflowError`." },
			{ "key": "w7x6y5z4a3b2", "value": "It will skip digits when `n` is less than 10." },
			{ "key": "c1d2e3f4g5h6", "value": "It will output the digits in reverse order again." }
		],
		"group_id": "grp5mnop4567",
		"illustration": "NotSet",
		"key_concept": "Effects of correcting recursion order",
		"kind": "Group",
		"order": 3,
		"question": "After fixing the `printDigits` method, what are the expected outcomes? Select all that apply.",
		"question_difficulty": "Hard",
		"question_type": "MultipleChoice",
		"tags": ["java", "recursion", "method-correction", "integer-output"],
		"target": "Exam"
	}
]
