[
	{
		"answer_explanation": "The `pigLatin` method correctly moves the first consonant to the end of the word and appends \"ay\" to form the Pig Latin equivalent.",
		"answers": ["a1b2c3d4e5f6"],
		"choices": [
			{ "key": "a1b2c3d4e5f6", "value": "pigString = s.substring(1) + s.substring(0,1) + ayString;" },
			{ "key": "g7h8i9j0k1l2", "value": "pigString = s.substring(0, s.length()) + s.substring(0,1) + ayString;" },
			{ "key": "m3n4o5p6q7r8", "value": "pigString = s.substring(0, s.length()-1) + s.substring(0,1) + ayString;" },
			{ "key": "s9t0u1v2w3x4", "value": "pigString = s.substring(1, s.length()-1) + s.substring(0,0) + ayString;" },
			{ "key": "y5z6a7b8c9d0", "value": "pigString = s.substring(1) + s.substring(0,0) + ayString;" }
		],
		"group_id": "",
		"illustration": "Code",
		"key_concept": "String manipulation, substring operations",
		"kind": "Standalone",
		"order": 0,
		"question": "One of the rules for converting English to Pig Latin states: If a word begins with a consonant, move the consonant to the end of the word and add \"ay\". Thus \"dog\" becomes \"ogday,\" and \"crisp\" becomes \"rispcay\". Suppose `s` is a `String` containing an English word that begins with a consonant. Which of the following creates the correct corresponding word in Pig Latin? Assume the declarations:\n\n```java\nString ayString = \"ay\";\nString pigString;\n```\n\n(A) `pigString = s.substring(1) + s.substring(0,1) + ayString;`\n(B) `pigString = s.substring(0, s.length()) + s.substring(0,1) + ayString;`\n(C) `pigString = s.substring(0, s.length()-1) + s.substring(0,1) + ayString;`\n(D) `pigString = s.substring(1, s.length()-1) + s.substring(0,0) + ayString;`\n(E) `pigString = s.substring(1) + s.substring(0,0) + ayString;`",
		"question_difficulty": "Medium",
		"question_type": "SingleChoice",
		"tags": ["java", "string-manipulation", "substring-operations"],
		"target": "Exam"
	},
	{
		"answer_explanation": "The `getString` method extracts the substring from `s1` that starts at the first occurrence of `s2` and spans the length of `s2`. Therefore, it may return a string equal to `s2` or a part of `s1` that matches `s2`.",
		"answers": ["f4g5h6j7k8l9"],
		"choices": [
			{
				"key": "f4g5h6j7k8l9",
				"value": "It may return a string that is equal to s2 or a substring of s1 that matches s2."
			},
			{ "key": "m1n2o3p4q5r6", "value": "It always returns the entire string s1." },
			{ "key": "s7t8u9v0w1x2", "value": "It may return a string that has no characters in common with s2." },
			{ "key": "y3z4a5b6c7d8", "value": "It always returns the first character of s1." },
			{ "key": "e9f0g1h2i3j4", "value": "It returns a string that is the concatenation of s1 and s2." }
		],
		"group_id": "",
		"illustration": "Code",
		"key_concept": "String manipulation, substring extraction, method behavior",
		"kind": "Standalone",
		"order": 0,
		"question": "This question refers to the `getString` method shown below.\n\n```java\npublic static String getString(String s1, String s2) {\n    int index = s1.indexOf(s2);\n    return s1.substring(index, index + s2.length());\n}\n```\n\nWhich is true about `getString`? It may return a string that\nI. Is equal to s2.\nII. Has no characters in common with s2.\nIII. Is equal to s1.\n\n(A) I and III only\n(B) II and III only\n(C) I and II only\n(D) I, II, and III\n(E) None is true.",
		"question_difficulty": "Medium",
		"question_type": "SingleChoice",
		"tags": ["java", "string-methods", "substring-extraction"],
		"target": "Exam"
	},
	{
		"answer_explanation": "The `removeVowels` method correctly removes all vowels from the input string by recursively checking each character and excluding vowels from the result.",
		"answers": ["g5h6i7j8k9l0"],
		"choices": [
			{ "key": "g5h6i7j8k9l0", "value": "pigString = s.substring(1) + s.substring(0,1) + ayString;" },
			{ "key": "m1n2o3p4q5r6", "value": "pigString = s.replaceAll(\"[aeiouAEIOU]\", \"\");" },
			{ "key": "s7t8u9v0w1x2", "value": "pigString = s.substring(0,1).toLowerCase() + s.substring(1).toUpperCase();" },
			{ "key": "y3z4a5b6c7d8", "value": "pigString = new StringBuilder(s).reverse().toString();" },
			{ "key": "e9f0g1h2i3j4", "value": "pigString = s.replaceFirst(\"[aeiouAEIOU]\", \"\");" }
		],
		"group_id": "",
		"illustration": "Code",
		"key_concept": "String manipulation, recursion, character filtering",
		"kind": "Standalone",
		"order": 0,
		"question": "Which of the following methods correctly removes all vowels from a given string `s` using recursion?\n\n(A) `pigString = s.substring(1) + s.substring(0,1) + ayString;`\n(B) `pigString = s.replaceAll(\"[aeiouAEIOU]\", \"\");`\n(C) `pigString = s.substring(0,1).toLowerCase() + s.substring(1).toUpperCase();`\n(D) `pigString = new StringBuilder(s).reverse().toString();`\n(E) `pigString = s.replaceFirst(\"[aeiouAEIOU]\", \"\");`",
		"question_difficulty": "Hard",
		"question_type": "SingleChoice",
		"tags": ["java", "string-manipulation", "recursion", "vowel-removal"],
		"target": "Exam"
	},
	{
		"answer_explanation": "The `countWords` method recursively counts the number of words in a string by checking for spaces and splitting the string accordingly.",
		"answers": ["h6i7j8k9l0m1"],
		"choices": [
			{ "key": "h6i7j8k9l0m1", "value": "It counts the number of words in a string recursively." },
			{ "key": "n2o3p4q5r6s7", "value": "It reverses the order of words in a string recursively." },
			{ "key": "t8u9v0w1x2y3", "value": "It converts all words in a string to uppercase recursively." },
			{ "key": "z4a5b6c7d8e9", "value": "It removes all punctuation from a string recursively." },
			{ "key": "f0g1h2i3j4k5", "value": "It finds the longest word in a string recursively." }
		],
		"group_id": "",
		"illustration": "Code",
		"key_concept": "String manipulation, recursion, word counting",
		"kind": "Standalone",
		"order": 0,
		"question": "Which of the following methods correctly counts the number of words in a given string `s` using recursion?\n\n(A) `pigString = s.substring(1) + s.substring(0,1) + ayString;`\n(B) `int count = (s.isEmpty()) ? 0 : 1 + countWords(s.substring(s.indexOf(' ') + 1));`\n(C) `pigString = s.toUpperCase();`\n(D) `pigString = s.replaceAll(\"[.,!?]\", \"\");`\n(E) `int longest = Arrays.stream(s.split(\" \")).mapToInt(String::length).max().orElse(0);`",
		"question_difficulty": "Hard",
		"question_type": "SingleChoice",
		"tags": ["java", "recursion", "string-manipulation", "word-counting"],
		"target": "Exam"
	},
	{
		"answer_explanation": "The `isPalindrome` method correctly checks if a string is a palindrome by comparing characters from both ends recursively.",
		"answers": ["i7j8k9l0m1n2"],
		"choices": [
			{ "key": "i7j8k9l0m1n2", "value": "It checks if a string is a palindrome recursively." },
			{ "key": "o3p4q5r6s7t8", "value": "It checks if a string contains only unique characters recursively." },
			{ "key": "u9v0w1x2y3z4", "value": "It converts the entire string to lowercase recursively." },
			{ "key": "a5b6c7d8e9f0", "value": "It counts the number of vowels in the string recursively." },
			{ "key": "g1h2i3j4k5l6", "value": "It reverses each word in the string recursively." }
		],
		"group_id": "",
		"illustration": "Code",
		"key_concept": "Recursion, string manipulation, palindrome checking",
		"kind": "Standalone",
		"order": 0,
		"question": "Which of the following methods correctly checks if a given string `s` is a palindrome using recursion?\n\n(A) `return s.equals(new StringBuilder(s).reverse().toString());`\n(B) `return isPalindrome(s, 0, s.length() - 1);`\n(C) `return s.chars().distinct().count() == s.length();`\n(D) `return s.toLowerCase().equals(s.toUpperCase());`\n(E) `return s.replaceAll(\"[aeiouAEIOU]\", \"\").equals(new StringBuilder(s).reverse().toString());`",
		"question_difficulty": "Hard",
		"question_type": "SingleChoice",
		"tags": ["java", "recursion", "string-checking", "palindrome"],
		"target": "Exam"
	},
	{
		"answer_explanation": "The `findFrequency` method correctly calculates the frequency of a target character in a string by recursively traversing the string and counting occurrences.",
		"answers": ["j8k9l0m1n2o3"],
		"choices": [
			{ "key": "j8k9l0m1n2o3", "value": "It calculates the frequency of a target character in a string recursively." },
			{
				"key": "p4q5r6s7t8u9",
				"value": "It finds the first occurrence of a target character in a string recursively."
			},
			{ "key": "v0w1x2y3z4a5", "value": "It removes all instances of a target character from a string recursively." },
			{
				"key": "b6c7d8e9f0g1",
				"value": "It reverses the string and then searches for the target character recursively."
			},
			{ "key": "h2i3j4k5l6m7", "value": "It replaces all vowels in the string with the target character recursively." }
		],
		"group_id": "",
		"illustration": "Code",
		"key_concept": "Recursion, string manipulation, character counting",
		"kind": "Standalone",
		"order": 0,
		"question": "Which of the following methods correctly calculates the frequency of a target character `c` in a string `s` using recursion?\n\n(A) `return s.length() - s.replace(String.valueOf(c), \"\").length();`\n(B) `return findFrequency(s, c, 0, 0);`\n(C) `return s.indexOf(c) != -1;`\n(D) `return s.replaceAll(String.valueOf(c), \"\").length();`\n(E) `return s.replace(String.valueOf(c), \"*\").equals(s);`",
		"question_difficulty": "Medium",
		"question_type": "SingleChoice",
		"tags": ["java", "recursion", "string-manipulation", "character-counting"],
		"target": "Exam"
	},
	{
		"answer_explanation": "The `removeChar` method correctly removes all instances of a specified character from a string by recursively building a new string without the target character.",
		"answers": ["k9l0m1n2o3p4"],
		"choices": [
			{
				"key": "k9l0m1n2o3p4",
				"value": "It removes all instances of a specified character from a string recursively."
			},
			{
				"key": "q5r6s7t8u9v0",
				"value": "It replaces all vowels in the string with a specified character recursively."
			},
			{ "key": "w1x2y3z4a5b6", "value": "It duplicates every character in the string recursively." },
			{ "key": "c7d8e9f0g1h2", "value": "It converts the string to uppercase recursively." },
			{ "key": "i3j4k5l6m7n8", "value": "It counts the number of uppercase letters in the string recursively." }
		],
		"group_id": "",
		"illustration": "Code",
		"key_concept": "Recursion, string manipulation, character removal",
		"kind": "Standalone",
		"order": 0,
		"question": "Which of the following methods correctly removes all instances of a specified character `c` from a string `s` using recursion?\n\n(A) `return s.replaceAll(String.valueOf(c), \"\");`\n(B) `return s.contains(String.valueOf(c));`\n(C) `return removeChar(s, c, 0, \"\");`\n(D) `return s.toLowerCase().replace(String.valueOf(c), \"\");`\n(E) `return s.replaceFirst(String.valueOf(c), \"\");`",
		"question_difficulty": "Medium",
		"question_type": "SingleChoice",
		"tags": ["java", "recursion", "string-manipulation", "character-removal"],
		"target": "Exam"
	},
	{
		"answer_explanation": "The `isBalanced` method correctly determines if a binary tree is height-balanced by checking the height difference between left and right subtrees and ensuring both subtrees are balanced.",
		"answers": ["l0m1n2o3p4q5"],
		"choices": [
			{ "key": "l0m1n2o3p4q5", "value": "It determines if a binary tree is height-balanced recursively." },
			{ "key": "r6s7t8u9v0w1", "value": "It counts the number of nodes in a binary tree recursively." },
			{ "key": "x2y3z4a5b6c7", "value": "It finds the maximum path sum in a binary tree recursively." },
			{ "key": "d8e9f0g1h2i3", "value": "It converts a binary tree into a linked list recursively." },
			{ "key": "j4k5l6m7n8o9", "value": "It checks if a binary tree is a binary search tree recursively." }
		],
		"group_id": "",
		"illustration": "Code",
		"key_concept": "Recursion, binary tree balancing",
		"kind": "Standalone",
		"order": 0,
		"question": "Which of the following methods correctly determines if a binary tree is height-balanced using recursion?\n\n(A) `return isBalanced(root.left) && isBalanced(root.right);`\n(B) `return Math.abs(findHeight(root.left) - findHeight(root.right)) <= 1;`\n(C) `return isBalanced(root.left) && isBalanced(root.right) && Math.abs(findHeight(root.left) - findHeight(root.right)) <= 1;`\n(D) `return findHeight(root.left) + findHeight(root.right) > 1;`\n(E) `return isBalanced(root.left) || isBalanced(root.right);`",
		"question_difficulty": "Hard",
		"question_type": "SingleChoice",
		"tags": ["java", "recursion", "binary-tree", "balanced-check"],
		"target": "Exam"
	},
	{
		"answer_explanation": "The `capitalize` method correctly capitalizes the first letter of each word in a string by recursively processing each word and converting the first character to uppercase.",
		"answers": ["m1n2o3p4q5r6"],
		"choices": [
			{ "key": "m1n2o3p4q5r6", "value": "It capitalizes the first letter of each word in a string recursively." },
			{ "key": "s7t8u9v0w1x2", "value": "It converts the entire string to uppercase recursively." },
			{ "key": "y3z4a5b6c7d8", "value": "It removes all spaces from the string recursively." },
			{ "key": "e9f0g1h2i3j4", "value": "It counts the number of words in the string recursively." },
			{ "key": "k5l6m7n8o9p0", "value": "It reverses each word in the string recursively." }
		],
		"group_id": "",
		"illustration": "Code",
		"key_concept": "Recursion, string manipulation, character case conversion",
		"kind": "Standalone",
		"order": 0,
		"question": "Which of the following methods correctly capitalizes the first letter of each word in a given string `s` using recursion?\n\n(A) `return s.toUpperCase();`\n(B) `return capitalize(s, 0, new StringBuilder());`\n(C) `return s.replaceAll(\"\\\\b\\\\w\", m -> m.group().toUpperCase());`\n(D) `return s.trim();`\n(E) `return s.replace(\" \", \"-\");`",
		"question_difficulty": "Hard",
		"question_type": "SingleChoice",
		"tags": ["java", "recursion", "string-manipulation", "capitalization"],
		"target": "Exam"
	},
	{
		"answer_explanation": "The `removeConsecutiveDuplicates` method correctly removes consecutive duplicate characters from a string by comparing each character with the next and excluding duplicates recursively.",
		"answers": ["n2o3p4q5r6s7"],
		"choices": [
			{ "key": "n2o3p4q5r6s7", "value": "It removes consecutive duplicate characters from a string recursively." },
			{ "key": "t8u9v0w1x2y3", "value": "It removes all vowels from a string recursively." },
			{ "key": "z4a5b6c7d8e9", "value": "It duplicates every character in a string recursively." },
			{ "key": "f0g1h2i3j4k5", "value": "It converts the entire string to lowercase recursively." },
			{ "key": "l6m7n8o9p0q1", "value": "It reverses the string recursively." }
		],
		"group_id": "",
		"illustration": "Code",
		"key_concept": "Recursion, string manipulation, duplicate removal",
		"kind": "Standalone",
		"order": 0,
		"question": "Which of the following methods correctly removes consecutive duplicate characters from a given string `s` using recursion?\n\n(A) `return s.replaceAll(\"(.)\\\\1+\", \"$1\");`\n(B) `return removeConsecutiveDuplicates(s, 0, new StringBuilder());`\n(C) `return s.toLowerCase();`\n(D) `return s.replace(\"aa\", \"a\");`\n(E) `return new StringBuilder(s).reverse().toString();`",
		"question_difficulty": "Medium",
		"question_type": "SingleChoice",
		"tags": ["java", "recursion", "string-manipulation", "duplicate-removal"],
		"target": "Exam"
	},
	{
		"answer_explanation": "The `isAnagram` method correctly determines if two strings are anagrams by recursively removing matching characters and checking if both strings are empty at the end.",
		"answers": ["p4q5r6s7t8u9"],
		"choices": [
			{ "key": "p4q5r6s7t8u9", "value": "It determines if two strings are anagrams recursively." },
			{ "key": "v0w1x2y3z4a5", "value": "It checks if one string is a substring of the other recursively." },
			{ "key": "b6c7d8e9f0g1", "value": "It counts the number of common characters between two strings recursively." },
			{ "key": "h2i3j4k5l6m7", "value": "It concatenates two strings and checks for palindromes recursively." },
			{ "key": "n8o9p0q1r2s3", "value": "It removes all vowels from both strings recursively." }
		],
		"group_id": "",
		"illustration": "Code",
		"key_concept": "Recursion, string manipulation, anagram checking",
		"kind": "Standalone",
		"order": 0,
		"question": "Which of the following methods correctly determines if two strings `s1` and `s2` are anagrams using recursion?\n\n(A) `return s1.equals(new StringBuilder(s2).reverse().toString());`\n(B) `return s1.length() == s2.length() && isAnagram(s1, s2, 0);`\n(C) `return s1.replaceAll(\"[aeiouAEIOU]\", \"\").equals(s2.replaceAll(\"[aeiouAEIOU]\", \"\"));`\n(D) `return s1.substring(1).equals(s2.substring(1));`\n(E) `return isAnagram(s1.toLowerCase(), s2.toLowerCase(), 0);`",
		"question_difficulty": "Hard",
		"question_type": "SingleChoice",
		"tags": ["java", "recursion", "string-checking", "anagram"],
		"target": "Exam"
	},
	{
		"answer_explanation": "The `compressString` method correctly compresses a string by recursively removing consecutive duplicate characters, leaving only one instance of each character.",
		"answers": ["q5r6s7t8u9v0"],
		"choices": [
			{
				"key": "q5r6s7t8u9v0",
				"value": "It compresses a string by removing consecutive duplicate characters recursively."
			},
			{ "key": "w1x2y3z4a5b6", "value": "It expands a compressed string by duplicating each character recursively." },
			{ "key": "c7d8e9f0g1h2", "value": "It converts the string to uppercase recursively." },
			{ "key": "i3j4k5l6m7n8", "value": "It counts the number of unique characters in the string recursively." },
			{ "key": "o9p0q1r2s3t4", "value": "It reverses each word in the string recursively." }
		],
		"group_id": "",
		"illustration": "Code",
		"key_concept": "Recursion, string manipulation, duplicate removal",
		"kind": "Standalone",
		"order": 0,
		"question": "Which of the following methods correctly compresses a string by removing consecutive duplicate characters using recursion?\n\n(A) `return s.replaceAll(\"(.)\\\\1+\", \"$1\");`\n(B) `return compressString(s, 0, new StringBuilder());`\n(C) `return s.toLowerCase();`\n(D) `return s.replace(\"aa\", \"a\");`\n(E) `return new StringBuilder(s).reverse().toString();`",
		"question_difficulty": "Hard",
		"question_type": "SingleChoice",
		"tags": ["java", "recursion", "string-compression", "duplicate-removal"],
		"target": "Exam"
	},
	{
		"answer_explanation": "The `splitCamelCase` method correctly splits a camelCase string into separate words by recursively identifying uppercase letters and inserting spaces before them.",
		"answers": ["r6s7t8u9v0w1x2"],
		"choices": [
			{ "key": "r6s7t8u9v0w1x2", "value": "It splits a camelCase string into separate words recursively." },
			{ "key": "y3z4a5b6c7d8e9", "value": "It converts a camelCase string to snake_case recursively." },
			{ "key": "f0g1h2i3j4k5l6", "value": "It reverses the order of words in a camelCase string recursively." },
			{ "key": "m7n8o9p0q1r2s3", "value": "It removes all uppercase letters from a camelCase string recursively." },
			{ "key": "t4u5v6w7x8y9z0", "value": "It duplicates each uppercase letter in a camelCase string recursively." }
		],
		"group_id": "",
		"illustration": "Code",
		"key_concept": "Recursion, string manipulation, camelCase splitting",
		"kind": "Standalone",
		"order": 0,
		"question": "Which of the following methods correctly splits a camelCase string into separate words using recursion?\n\n(A) `return s.replaceAll(\"([A-Z])\", \" $1\").trim();`\n(B) `return splitCamelCase(s, 0, new StringBuilder());`\n(C) `return s.toUpperCase();`\n(D) `return s.replace(\"Camel\", \" \").replace(\"Case\", \" \");`\n(E) `return new StringBuilder(s).reverse().toString();`",
		"question_difficulty": "Hard",
		"question_type": "SingleChoice",
		"tags": ["java", "recursion", "string-splitting", "camelcase"],
		"target": "Exam"
	},
	{
		"answer_explanation": "The `isSubstring` method correctly checks if one string is a substring of another by recursively searching for the starting index and comparing subsequent characters.",
		"answers": ["s7t8u9v0w1x2y3"],
		"choices": [
			{ "key": "s7t8u9v0w1x2y3", "value": "It checks if one string is a substring of another recursively." },
			{ "key": "z4a5b6c7d8e9f0", "value": "It checks if two strings are anagrams recursively." },
			{ "key": "g1h2i3j4k5l6m7", "value": "It counts the number of vowels in a string recursively." },
			{
				"key": "n8o9p0q1r2s3t4",
				"value": "It reverses a string and then checks if it's equal to the original recursively."
			},
			{ "key": "u5v6w7x8y9z0a1", "value": "It removes all digits from a string recursively." }
		],
		"group_id": "",
		"illustration": "Code",
		"key_concept": "Recursion, string searching, substring checking",
		"kind": "Standalone",
		"order": 0,
		"question": "Which of the following methods correctly checks if string `s2` is a substring of string `s1` using recursion?\n\n(A) `return s1.contains(s2);`\n(B) `return isSubstring(s1, s2, 0, 0);`\n(C) `return s1.replace(s2, \"\").length() < s1.length();`\n(D) `return s1.equals(s2);`\n(E) `return s1.startsWith(s2);`",
		"question_difficulty": "Hard",
		"question_type": "SingleChoice",
		"tags": ["java", "recursion", "string-search", "substring-checking"],
		"target": "Exam"
	},
	{
		"answer_explanation": "The `reverseWords` method correctly reverses the order of words in a string by recursively processing each word and appending them in reverse order.",
		"answers": ["t8u9v0w1x2y3z4"],
		"choices": [
			{ "key": "t8u9v0w1x2y3z4", "value": "It reverses the order of words in a string recursively." },
			{ "key": "a5b6c7d8e9f0g1", "value": "It removes all spaces from a string recursively." },
			{ "key": "h2i3j4k5l6m7n8", "value": "It converts all characters in a string to uppercase recursively." },
			{ "key": "o9p0q1r2s3t4u5", "value": "It duplicates each word in a string recursively." },
			{ "key": "v6w7x8y9z0a1b2", "value": "It checks if the string contains any duplicate words recursively." }
		],
		"group_id": "",
		"illustration": "Code",
		"key_concept": "Recursion, string manipulation, word reversal",
		"kind": "Standalone",
		"order": 0,
		"question": "Which of the following methods correctly reverses the order of words in a given string `s` using recursion?\n\n(A) `return new StringBuilder(s).reverse().toString();`\n(B) `return reverseWords(s, s.length() - 1, new StringBuilder());`\n(C) `return s.split(\" \").stream().collect(Collectors.joining(\" \", Collections.reverseOrder()));`\n(D) `return s.replaceAll(\"\\\\b(\\\\w+)\\\\b\", \"$1 \").trim();`\n(E) `return reverseWords(s);`",
		"question_difficulty": "Hard",
		"question_type": "SingleChoice",
		"tags": ["java", "recursion", "string-manipulation", "word-reversal"],
		"target": "Exam"
	},
	{
		"answer_explanation": "The `capitalizeWords` method correctly capitalizes the first letter of each word in a string by recursively processing each word and converting the first character to uppercase.",
		"answers": ["u9v0w1x2y3z4a5"],
		"choices": [
			{ "key": "u9v0w1x2y3z4a5", "value": "It capitalizes the first letter of each word in a string recursively." },
			{ "key": "b6c7d8e9f0g1h2", "value": "It converts the entire string to lowercase recursively." },
			{ "key": "i3j4k5l6m7n8o9", "value": "It removes all consonants from the string recursively." },
			{ "key": "p0q1r2s3t4u5v6", "value": "It counts the number of words in the string recursively." },
			{ "key": "w7x8y9z0a1b2c3", "value": "It reverses each word in the string recursively." }
		],
		"group_id": "",
		"illustration": "Code",
		"key_concept": "Recursion, string manipulation, capitalization",
		"kind": "Standalone",
		"order": 0,
		"question": "Which of the following methods correctly capitalizes the first letter of each word in a given string `s` using recursion?\n\n(A) `return s.toUpperCase();`\n(B) `return capitalizeWords(s, 0, new StringBuilder());`\n(C) `return s.replaceAll(\"\\\\b\\\\w\", m -> m.group().toUpperCase());`\n(D) `return s.trim();`\n(E) `return s.replace(\" \", \"-\");`",
		"question_difficulty": "Medium",
		"question_type": "SingleChoice",
		"tags": ["java", "recursion", "string-manipulation", "capitalization"],
		"target": "Exam"
	},
	{
		"answer_explanation": "The `findFirstNonRepeating` method correctly finds the first non-repeating character in a string by recursively checking each character's frequency and returning the first one with a count of one.",
		"answers": ["v0w1x2y3z4a5b6"],
		"choices": [
			{ "key": "v0w1x2y3z4a5b6", "value": "It finds the first non-repeating character in a string recursively." },
			{ "key": "c7d8e9f0g1h2i3", "value": "It counts the total number of unique characters in a string recursively." },
			{ "key": "j4k5l6m7n8o9p0", "value": "It removes all repeating characters from a string recursively." },
			{ "key": "q1r2s3t4u5v6w7", "value": "It duplicates each character in the string recursively." },
			{ "key": "x8y9z0a1b2c3d4", "value": "It converts the string to uppercase and then reverses it recursively." }
		],
		"group_id": "",
		"illustration": "Code",
		"key_concept": "Recursion, string manipulation, character frequency",
		"kind": "Standalone",
		"order": 0,
		"question": "Which of the following methods correctly finds the first non-repeating character in a given string `s` using recursion?\n\n(A) `return s.chars().distinct().findFirst().orElse(-1);`\n(B) `return findFirstNonRepeating(s, 0);`\n(C) `return s.replaceAll(\"(.)\\\\1+\", \"$1\").charAt(0);`\n(D) `return s.toLowerCase().chars().filter(c -> s.indexOf(c) == s.lastIndexOf(c)).findFirst().orElse(-1);`\n(E) `return new StringBuilder(s).reverse().toString().charAt(0);`",
		"question_difficulty": "Hard",
		"question_type": "SingleChoice",
		"tags": ["java", "recursion", "string-checking", "non-repeating-character"],
		"target": "Exam"
	},
	{
		"answer_explanation": "The `toUpperCaseRecursive` method correctly converts a string to uppercase by recursively processing each character and converting it if it's lowercase.",
		"answers": ["w1x2y3z4a5b6c7"],
		"choices": [
			{ "key": "w1x2y3z4a5b6c7", "value": "It converts a string to uppercase recursively." },
			{ "key": "d8e9f0g1h2i3j4", "value": "It counts the number of uppercase letters in a string recursively." },
			{ "key": "k5l6m7n8o9p0q1", "value": "It reverses the order of characters in a string recursively." },
			{ "key": "s2t3u4v5w6x7y8", "value": "It removes all vowels from a string recursively." },
			{ "key": "z9a0b1c2d3e4f5", "value": "It duplicates each character in a string recursively." }
		],
		"group_id": "",
		"illustration": "Code",
		"key_concept": "Recursion, string manipulation, character case conversion",
		"kind": "Standalone",
		"order": 0,
		"question": "Which of the following methods correctly converts a given string `s` to uppercase using recursion?\n\n(A) `return s.toUpperCase();`\n(B) `return toUpperCaseRecursive(s, 0, new StringBuilder());`\n(C) `return s.replaceAll(\"[a-z]\", m -> String.valueOf(Character.toUpperCase(m.group().charAt(0))));`\n(D) `return s.trim();`\n(E) `return s.replace(\"a\", \"A\").replace(\"b\", \"B\");`",
		"question_difficulty": "Hard",
		"question_type": "SingleChoice",
		"tags": ["java", "recursion", "string-manipulation", "uppercase-conversion"],
		"target": "Exam"
	},
	{
		"answer_explanation": "The `countDigits` method correctly counts the number of digit characters in a string by recursively checking each character.",
		"answers": ["x2y3z4a5b6c7"],
		"choices": [
			{ "key": "x2y3z4a5b6c7", "value": "It counts the number of digit characters in a string recursively." },
			{ "key": "d9e0f1g2h3i4j5", "value": "It counts the number of alphabetic characters in a string recursively." },
			{ "key": "k6l7m8n9o0p1q2", "value": "It sums all numeric digits in the string recursively." },
			{ "key": "s3t4u5v6w7x8y9", "value": "It removes all non-digit characters from the string recursively." },
			{ "key": "a0b1c2d3e4f5g6", "value": "It converts all digit characters to their word equivalents recursively." }
		],
		"group_id": "",
		"illustration": "Code",
		"key_concept": "Recursion, string manipulation, digit counting",
		"kind": "Standalone",
		"order": 0,
		"question": "Which of the following methods correctly counts the number of digit characters in a given string `s` using recursion?\n\n(A) `return (int) s.chars().filter(Character::isDigit).count();`\n(B) `return countDigits(s, 0);`\n(C) `return s.replaceAll(\"\\\\D\", \"\").length();`\n(D) `return s.length() - s.replaceAll(\"\\\\d\", \"\").length();`\n(E) `return (int) s.chars().filter(c -> c >= '0' && c <= '9').count();`",
		"question_difficulty": "Medium",
		"question_type": "SingleChoice",
		"tags": ["java", "recursion", "string-checking", "digit-counting"],
		"target": "Exam"
	},
	{
		"answer_explanation": "The `removeSpaces` method correctly removes all spaces from a string by recursively processing each character and excluding spaces from the result.",
		"answers": ["y3z4a5b6c7d8e9"],
		"choices": [
			{ "key": "y3z4a5b6c7d8e9", "value": "It removes all spaces from a string recursively." },
			{ "key": "f6g7h8i9j0k1l2", "value": "It counts the number of spaces in a string recursively." },
			{ "key": "m3n4o5p6q7r8s9", "value": "It replaces all spaces with underscores recursively." },
			{ "key": "t0u1v2w3x4y5z6", "value": "It duplicates each space in the string recursively." },
			{ "key": "a7b8c9d0e1f2g3", "value": "It converts all spaces to tabs recursively." }
		],
		"group_id": "",
		"illustration": "Code",
		"key_concept": "Recursion, string manipulation, space removal",
		"kind": "Standalone",
		"order": 0,
		"question": "Which of the following methods correctly removes all spaces from a given string `s` using recursion?\n\n(A) `return s.replaceAll(\" \", \"\");`\n(B) `return removeSpaces(s, 0, new StringBuilder());`\n(C) `return s.trim();`\n(D) `return s.replace(\" \", \"_\");`\n(E) `return s.replaceAll(\" \", \"  \");`",
		"question_difficulty": "Medium",
		"question_type": "SingleChoice",
		"tags": ["java", "recursion", "string-manipulation", "space-removal"],
		"target": "Exam"
	},
	{
		"answer_explanation": "The `encodeRunLength` method correctly performs run-length encoding on a string by recursively counting consecutive characters and encoding them as character-count pairs.",
		"answers": ["z4a5b6c7d8e9f0"],
		"choices": [
			{ "key": "z4a5b6c7d8e9f0", "value": "It performs run-length encoding on a string recursively." },
			{ "key": "g1h2i3j4k5l6m7", "value": "It decodes a run-length encoded string recursively." },
			{ "key": "n8o9p0q1r2s3t4", "value": "It removes all numeric characters from the string recursively." },
			{
				"key": "u5v6w7x8y9z0a1",
				"value": "It converts all characters in the string to their ASCII values recursively."
			},
			{ "key": "b2c3d4e5f6g7h8", "value": "It reverses the run-length encoded string recursively." }
		],
		"group_id": "",
		"illustration": "Code",
		"key_concept": "Recursion, string encoding, run-length encoding",
		"kind": "Standalone",
		"order": 0,
		"question": "Which of the following methods correctly performs run-length encoding on a given string `s` using recursion?\n\n(A) `return s.replaceAll(\"(.)\\\\1+\", \"$1$1\");`\n(B) `return encodeRunLength(s, 0, new StringBuilder());`\n(C) `return s.chars().mapToObj(c -> (char)c).collect(Collectors.groupingBy(Function.identity(), Collectors.counting())).toString();`\n(D) `return s.toCharArray().length + \"\";`\n(E) `return new StringBuilder(s).reverse().toString();`",
		"question_difficulty": "Hard",
		"question_type": "SingleChoice",
		"tags": ["java", "recursion", "string-encoding", "run-length-encoding"],
		"target": "Exam"
	},
	{
		"answer_explanation": "The `decryptPigLatin` method correctly reverses the Pig Latin transformation by removing \"ay\" and moving the last character to the beginning of the string.",
		"answers": ["a8b9c0d1e2f3g4"],
		"choices": [
			{
				"key": "a8b9c0d1e2f3g4",
				"value": "It reverses the Pig Latin transformation by removing \"ay\" and moving the last character to the beginning recursively."
			},
			{ "key": "h5i6j7k8l9m0n1", "value": "It converts the string to uppercase and appends \"ay\" recursively." },
			{ "key": "o2p3q4r5s6t7u8", "value": "It removes all vowels from the string recursively." },
			{ "key": "v9w0x1y2z3a4b5", "value": "It duplicates each consonant in the string recursively." },
			{ "key": "c6d7e8f9g0h1i2", "value": "It reverses the order of all characters in the string recursively." }
		],
		"group_id": "",
		"illustration": "Code",
		"key_concept": "Recursion, string manipulation, Pig Latin transformation",
		"kind": "Standalone",
		"order": 0,
		"question": "Which of the following methods correctly reverses the Pig Latin transformation, converting a Pig Latin word back to English using recursion?\n\n(A) `return s.replaceAll(\"ay\", \"\").substring(s.length() - 1) + s.substring(0, s.length() - 1);`\n(B) `return decryptPigLatin(s, 0, new StringBuilder());`\n(C) `return new StringBuilder(s).reverse().toString().replace(\"ay\", \"\");`\n(D) `return s.replaceFirst(\"ay\", \"a\") + s.charAt(0);`\n(E) `return s.substring(0, s.length()-2).charAt(s.length()-1) + s.substring(0, s.length()-1);`",
		"question_difficulty": "Hard",
		"question_type": "SingleChoice",
		"tags": ["java", "recursion", "string-manipulation", "pig-latin"],
		"target": "Exam"
	},
	{
		"answer_explanation": "The `isUnique` method correctly checks if all characters in a string are unique by recursively ensuring no character repeats.",
		"answers": ["b9c0d1e2f3g4h5"],
		"choices": [
			{ "key": "b9c0d1e2f3g4h5", "value": "It checks if all characters in a string are unique recursively." },
			{ "key": "i6j7k8l9m0n1o2", "value": "It counts the number of vowels in a string recursively." },
			{ "key": "p3q4r5s6t7u8v9", "value": "It reverses each word in the string recursively." },
			{ "key": "w0x1y2z3a4b5c6", "value": "It removes all digits from the string recursively." },
			{ "key": "d7e8f9g0h1i2j3", "value": "It duplicates each character in the string recursively." }
		],
		"group_id": "",
		"illustration": "Code",
		"key_concept": "Recursion, string checking, uniqueness verification",
		"kind": "Standalone",
		"order": 0,
		"question": "Which of the following methods correctly checks if all characters in a given string `s` are unique using recursion?\n\n(A) `return s.chars().distinct().count() == s.length();`\n(B) `return isUnique(s, 0, new HashSet<>());`\n(C) `return s.replaceAll(\"(.)\\\\1\", \"\").equals(s);`\n(D) `return new StringBuilder(s).reverse().toString().equals(s);`\n(E) `return s.replace(\" \", \"\").length() == s.length();`",
		"question_difficulty": "Hard",
		"question_type": "SingleChoice",
		"tags": ["java", "recursion", "string-checking", "uniqueness"],
		"target": "Exam"
	},
	{
		"answer_explanation": "The `isPermutation` method correctly checks if two strings are permutations of each other by recursively comparing characters and ensuring both strings are fully matched.",
		"answers": ["c0d1e2f3g4h5i6"],
		"choices": [
			{ "key": "c0d1e2f3g4h5i6", "value": "It checks if two strings are permutations of each other recursively." },
			{ "key": "j7k8l9m0n1o2p3", "value": "It checks if one string is a substring of the other recursively." },
			{
				"key": "q4r5s6t7u8v9w0",
				"value": "It counts the number of common characters between two strings recursively."
			},
			{ "key": "x1y2z3a4b5c6d7", "value": "It removes all vowels from both strings recursively." },
			{ "key": "e7f8g9h0i1j2k3", "value": "It concatenates the two strings and checks for palindromes recursively." }
		],
		"group_id": "",
		"illustration": "Code",
		"key_concept": "Recursion, string checking, permutation verification",
		"kind": "Standalone",
		"order": 0,
		"question": "Which of the following methods correctly checks if two strings `s1` and `s2` are permutations of each other using recursion?\n\n(A) `return s1.chars().sorted().collect(StringBuilder::new, StringBuilder::appendCodePoint, StringBuilder::append).toString().equals(s2.chars().sorted().collect(StringBuilder::new, StringBuilder::appendCodePoint, StringBuilder::append).toString());`\n(B) `return isPermutation(s1, s2, 0);`\n(C) `return s1.length() == s2.length() && s1.contains(s2);`\n(D) `return s1.replaceAll(\"(.)\\\\1+\", \"$1\").equals(s2.replaceAll(\"(.)\\\\1+\", \"$1\"));`\n(E) `return new StringBuilder(s1).reverse().toString().equals(s2);`",
		"question_difficulty": "Hard",
		"question_type": "SingleChoice",
		"tags": ["java", "recursion", "string-checking", "permutation-verification"],
		"target": "Exam"
	},
	{
		"answer_explanation": "The `removeDigits` method correctly removes all digit characters from a string by recursively processing each character and excluding digits from the result.",
		"answers": ["d1e2f3g4h5i6j7"],
		"choices": [
			{ "key": "d1e2f3g4h5i6j7", "value": "It removes all digit characters from a string recursively." },
			{ "key": "k8l9m0n1o2p3q4", "value": "It counts the number of digit characters in a string recursively." },
			{ "key": "r5s6t7u8v9w0x1", "value": "It replaces all digits with asterisks recursively." },
			{ "key": "y2z3a4b5c6d7e8", "value": "It sums all digit characters in the string recursively." },
			{ "key": "f9g0h1i2j3k4l5", "value": "It converts all digit characters to their word equivalents recursively." }
		],
		"group_id": "",
		"illustration": "Code",
		"key_concept": "Recursion, string manipulation, digit removal",
		"kind": "Standalone",
		"order": 0,
		"question": "Which of the following methods correctly removes all digit characters from a given string `s` using recursion?\n\n(A) `return s.replaceAll(\"\\\\d\", \"\");`\n(B) `return removeDigits(s, 0, new StringBuilder());`\n(C) `return s.chars().filter(c -> !Character.isDigit(c)).collect(StringBuilder::new, StringBuilder::appendCodePoint, StringBuilder::append).toString();`\n(D) `return s.replaceFirst(\"\\\\d\", \"\");`\n(E) `return new StringBuilder(s).reverse().toString();`",
		"question_difficulty": "Medium",
		"question_type": "SingleChoice",
		"tags": ["java", "recursion", "string-manipulation", "digit-removal"],
		"target": "Exam"
	},
	{
		"answer_explanation": "The `isRotated` method correctly checks if one string is a rotation of another by recursively shifting characters and comparing the result.",
		"answers": ["e2f3g4h5i6j7k8"],
		"choices": [
			{ "key": "e2f3g4h5i6j7k8", "value": "It checks if one string is a rotation of another recursively." },
			{ "key": "l9m0n1o2p3q4r5", "value": "It checks if one string is a substring of another recursively." },
			{
				"key": "s6t7u8v9w0x1y2",
				"value": "It counts the number of common characters between two strings recursively."
			},
			{ "key": "z3a4b5c6d7e8f9", "value": "It removes all consonants from both strings recursively." },
			{ "key": "g5h6i7j8k9l0m1", "value": "It concatenates the two strings and checks for palindromes recursively." }
		],
		"group_id": "",
		"illustration": "Code",
		"key_concept": "Recursion, string checking, string rotation",
		"kind": "Standalone",
		"order": 0,
		"question": "Which of the following methods correctly checks if string `s2` is a rotation of string `s1` using recursion?\n\n(A) `return s1.length() == s2.length() && (s1 + s1).contains(s2);`\n(B) `return isRotated(s1, s2, 0);`\n(C) `return s1.equals(new StringBuilder(s2).reverse().toString());`\n(D) `return s1.replaceAll(\"(.)\\\\1+\", \"$1\").equals(s2.replaceAll(\"(.)\\\\1+\", \"$1\"));`\n(E) `return s1.substring(1) + s1.charAt(0).equals(s2);`",
		"question_difficulty": "Hard",
		"question_type": "SingleChoice",
		"tags": ["java", "recursion", "string-checking", "string-rotation"],
		"target": "Exam"
	},
	{
		"answer_explanation": "The `mergeSortedArrays` method correctly merges two sorted arrays into a single sorted array by recursively comparing elements from both arrays and building the result.",
		"answers": ["f3g4h5i6j7k8l9"],
		"choices": [
			{ "key": "f3g4h5i6j7k8l9", "value": "It merges two sorted arrays into a single sorted array recursively." },
			{ "key": "m0n1o2p3q4r5s6", "value": "It sorts a single unsorted array in descending order recursively." },
			{ "key": "t7u8v9w0x1y2z3", "value": "It finds the intersection of two arrays recursively." },
			{ "key": "a4b5c6d7e8f9g0", "value": "It reverses the elements of both arrays recursively." },
			{ "key": "h1i2j3k4l5m6n7", "value": "It splits each array into two halves and sorts them recursively." }
		],
		"group_id": "",
		"illustration": "Code",
		"key_concept": "Recursion, array manipulation, merging sorted arrays",
		"kind": "Standalone",
		"order": 0,
		"question": "Which of the following methods correctly merges two sorted arrays `arr1` and `arr2` into a single sorted array using recursion?\n\n(A) `return IntStream.concat(Arrays.stream(arr1), Arrays.stream(arr2)).sorted().toArray();`\n(B) `return mergeSortedArrays(arr1, arr2, 0, 0, new int[arr1.length + arr2.length]);`\n(C) `return Arrays.stream(arr1).sorted().toArray();`\n(D) `return Arrays.copyOf(arr1, arr1.length + arr2.length);`\n(E) `return new int[]{Arrays.stream(arr1).max().orElse(0), Arrays.stream(arr2).max().orElse(0)};`",
		"question_difficulty": "Hard",
		"question_type": "SingleChoice",
		"tags": ["java", "recursion", "array-merging", "sorted-arrays"],
		"target": "Exam"
	},
	{
		"answer_explanation": "The `findMax` method correctly finds the maximum value in an array by recursively comparing elements and keeping track of the current maximum.",
		"answers": ["g4h5i6j7k8l9m0"],
		"choices": [
			{ "key": "g4h5i6j7k8l9m0", "value": "It finds the maximum value in an array recursively." },
			{ "key": "n1o2p3q4r5s6t7", "value": "It finds the minimum value in an array recursively." },
			{ "key": "u8v9w0x1y2z3a4", "value": "It sums all elements in the array recursively." },
			{ "key": "b5c6d7e8f9g0h1", "value": "It counts the number of positive numbers in the array recursively." },
			{ "key": "i2j3k4l5m6n7o8", "value": "It reverses the array recursively." }
		],
		"group_id": "",
		"illustration": "Code",
		"key_concept": "Recursion, array processing, finding maximum",
		"kind": "Standalone",
		"order": 0,
		"question": "Which of the following methods correctly finds the maximum value in a given integer array `arr` using recursion?\n\n(A) `return Arrays.stream(arr).max().orElse(Integer.MIN_VALUE);`\n(B) `return findMax(arr, arr.length - 1, Integer.MIN_VALUE);`\n(C) `return Arrays.stream(arr).sorted().toArray()[arr.length - 1];`\n(D) `return arr[0];`\n(E) `return Arrays.stream(arr).sum();`",
		"question_difficulty": "Medium",
		"question_type": "SingleChoice",
		"tags": ["java", "recursion", "array-processing", "maximum-finding"],
		"target": "Exam"
	},
	{
		"answer_explanation": "The `removeDuplicates` method correctly removes duplicate characters from a string by recursively building a new string without duplicates.",
		"answers": ["h5i6j7k8l9m0n1"],
		"choices": [
			{ "key": "h5i6j7k8l9m0n1", "value": "It removes duplicate characters from a string recursively." },
			{ "key": "o2p3q4r5s6t7u8", "value": "It counts the number of duplicate characters in a string recursively." },
			{ "key": "v9w0x1y2z3a4b5", "value": "It converts all duplicate characters to uppercase recursively." },
			{ "key": "c6d7e8f9g0h1i2", "value": "It duplicates each character in the string recursively." },
			{ "key": "j3k4l5m6n7o8p9", "value": "It reverses the order of duplicate characters in the string recursively." }
		],
		"group_id": "",
		"illustration": "Code",
		"key_concept": "Recursion, string manipulation, duplicate removal",
		"kind": "Standalone",
		"order": 0,
		"question": "Which of the following methods correctly removes duplicate characters from a given string `s` using recursion?\n\n(A) `return s.chars().distinct().mapToObj(c -> (char)c).collect(Collectors.toList()).toString();`\n(B) `return removeDuplicates(s, 0, new StringBuilder());`\n(C) `return s.replaceAll(\"(.)\\\\1+\", \"$1\");`\n(D) `return s.toLowerCase();`\n(E) `return new StringBuilder(s).reverse().toString();`",
		"question_difficulty": "Hard",
		"question_type": "SingleChoice",
		"tags": ["java", "recursion", "string-manipulation", "duplicate-removal"],
		"target": "Exam"
	}
]
