[
	{
		"answer_explanation": "The `Animal` constructor correctly initializes the `name` and `age` attributes using the provided parameters.",
		"answers": ["a1b2c3d4e5f6"],
		"choices": [
			{ "key": "a1b2c3d4e5f6", "value": "this.name = name;\nthis.age = age;" },
			{ "key": "g7h8i9j0k1l2", "value": "name = this.name;\nage = this.age;" },
			{ "key": "m3n4o5p6q7r8", "value": "this.name = this.name;\nthis.age = this.age;" },
			{ "key": "s9t0u1v2w3x4", "value": "name = name;\nage = age;" },
			{ "key": "y5z6a7b8c9d0", "value": "this.name = name;\nage = this.age;" }
		],
		"group_id": "xpr957qp91",
		"illustration": "Code",
		"key_concept": "Inheritance, Constructors, `this` keyword",
		"kind": "Standalone",
		"order": 1,
		"question": "Consider the following Java classes:\n\n```java\npublic class Animal {\n    protected String name;\n    protected int age;\n\n    public Animal(String name, int age) {\n        /* implementation */\n    }\n}\n\npublic class Dog extends Animal {\n    private String breed;\n\n    public Dog(String name, int age, String breed) {\n        super(name, age);\n        this.breed = breed;\n    }\n}\n```\n\nWhich of the following represents correct /* implementation */ code for the `Animal` constructor?",
		"question_difficulty": "Easy",
		"question_type": "SingleChoice",
		"tags": ["java", "inheritance", "constructors"],
		"target": "Exam"
	},
	{
		"answer_explanation": "The `speak` method in the `Dog` class correctly overrides the `speak` method from the `Animal` class, demonstrating polymorphism.",
		"answers": ["f4g5h6j7k8l9"],
		"choices": [
			{ "key": "f4g5h6j7k8l9", "value": "@Override\npublic void speak() {\n    System.out.println(\"Woof!\");\n}" },
			{
				"key": "m1n2o3p4q5r6",
				"value": "@Override\npublic void speak(String sound) {\n    System.out.println(sound);\n}"
			},
			{ "key": "s7t8u9v0w1x2", "value": "public void speak() {\n    System.out.println(\"Woof!\");\n}" },
			{ "key": "y3z4a5b6c7d8", "value": "@Override\npublic void speak() {\n    System.out.println(\"Bark!\");\n}" },
			{ "key": "e9f0g1h2i3j4", "value": "@Override\npublic String speak() {\n    return \"Woof!\";\n}" }
		],
		"group_id": "xpr957qp91",
		"illustration": "Code",
		"key_concept": "Polymorphism, Method Overriding, Inheritance",
		"kind": "Standalone",
		"order": 2,
		"question": "Given the `Animal` and `Dog` classes above, which of the following correctly overrides the `speak` method in the `Dog` class to print \"Woof!\"?",
		"question_difficulty": "Medium",
		"question_type": "SingleChoice",
		"tags": ["java", "polymorphism", "method-overriding"],
		"target": "Exam"
	},
	{
		"answer_explanation": "The `main` method creates a `Dog` object and calls the overridden `speak` method, which correctly demonstrates polymorphic behavior.",
		"answers": ["i7j8k9l0m1n2o3"],
		"choices": [
			{
				"key": "i7j8k9l0m1n2o3",
				"value": "Animal myDog = new Dog(\"Buddy\", 5, \"Golden Retriever\");\nmyDog.speak();"
			},
			{ "key": "p4q5r6s7t8u9v0", "value": "Dog myDog = new Animal(\"Buddy\", 5);\nmyDog.speak();" },
			{
				"key": "w1x2y3z4a5b6c7",
				"value": "Animal myDog = new Animal(\"Buddy\", 5, \"Golden Retriever\");\nmyDog.speak();"
			},
			{ "key": "d8e9f0g1h2i3j4", "value": "Dog myDog = new Dog(\"Buddy\", 5);\nmyDog.speak();" },
			{
				"key": "k5l6m7n8o9p0q1",
				"value": "Dog myDog = new Dog(\"Buddy\", 5, \"Golden Retriever\");\nmyDog.speak(\"Woof!\");"
			}
		],
		"group_id": "xpr957qp91",
		"illustration": "Code",
		"key_concept": "Polymorphism, Object Creation, Method Overriding",
		"kind": "Standalone",
		"order": 3,
		"question": "Which of the following code snippets correctly demonstrates polymorphism by creating a `Dog` object and calling its `speak` method?",
		"question_difficulty": "Hard",
		"question_type": "SingleChoice",
		"tags": ["java", "polymorphism", "object-creation"],
		"target": "Exam"
	},
	{
		"answer_explanation": "The `addCard` method correctly adds a `Card` object to the `deck` array at the specified index.",
		"answers": ["j9k0l1m2n3o4p5"],
		"choices": [
			{ "key": "j9k0l1m2n3o4p5", "value": "deck[index] = card;" },
			{ "key": "q5r6s7t8u9v0w1", "value": "deck.add(card);" },
			{ "key": "x2y3z4a5b6c7d8", "value": "deck[index].setCard(card);" },
			{ "key": "e9f0g1h2i3j4k5", "value": "deck.insert(card, index);" },
			{ "key": "m6n7o8p9q0r1s2", "value": "deck[index] += card;" }
		],
		"group_id": "ypr648qp92",
		"illustration": "Code",
		"key_concept": "Arrays, Object Manipulation, Method Implementation",
		"kind": "Standalone",
		"order": 1,
		"question": "Consider the following `Deck` class:\n\n```java\npublic class Deck {\n    private Card[] deck;\n    public final static int NUMCARDS = 52;\n\n    public Deck() {\n        deck = new Card[NUMCARDS];\n        // Initialize the deck with Card objects\n    }\n\n    /** Adds a card to the deck at the specified index. */\n    public void addCard(Card card, int index) {\n        /* implementation */\n    }\n}\n```\n\nWhich of the following represents correct /* implementation */ code for the `addCard` method?",
		"question_difficulty": "Easy",
		"question_type": "SingleChoice",
		"tags": ["java", "arrays", "object-manipulation"],
		"target": "Exam"
	},
	{
		"answer_explanation": "The `shuffle` method correctly assigns a random `Card` from the deck to each position, effectively shuffling the deck.",
		"answers": ["s3t4u5v6w7x8y9"],
		"choices": [
			{
				"key": "s3t4u5v6w7x8y9",
				"value": "for (int i = 0; i < NUMCARDS; i++) {\n    int randIndex = (int)(Math.random() * NUMCARDS);\n    Card temp = deck[i];\n    deck[i] = deck[randIndex];\n    deck[randIndex] = temp;\n}"
			},
			{
				"key": "z4a5b6c7d8e9f0",
				"value": "for (int i = 0; i < NUMCARDS; i++) {\n    deck[i] = new Card(\"Hearts\", i);\n}"
			},
			{ "key": "g1h2i3j4k5l6m7", "value": "deck = Arrays.copyOf(deck, NUMCARDS);\n}" },
			{ "key": "n8o9p0q1r2s3t4", "value": "for (Card card : deck) {\n    card.shuffle();\n}" },
			{ "key": "u5v6w7x8y9z0a1", "value": "Collections.shuffle(Arrays.asList(deck));" }
		],
		"group_id": "ypr648qp92",
		"illustration": "Code",
		"key_concept": "Arrays, Randomization, Shuffling Algorithms",
		"kind": "Standalone",
		"order": 2,
		"question": "Which of the following represents correct /* implementation */ code for the `shuffle` method in the `Deck` class to shuffle the deck of cards?",
		"question_difficulty": "Medium",
		"question_type": "SingleChoice",
		"tags": ["java", "arrays", "randomization"],
		"target": "Exam"
	},
	{
		"answer_explanation": "The `writeDeck` method correctly iterates through the `deck` array and prints each `Card` object using its `toString` method.",
		"answers": ["v6w7x8y9z0a1b2"],
		"choices": [
			{ "key": "v6w7x8y9z0a1b2", "value": "for (Card card : deck) {\n    System.out.println(card);\n}" },
			{ "key": "c7d8e9f0g1h2i3", "value": "System.out.println(deck);" },
			{
				"key": "j3k4l5m6n7o8p9",
				"value": "for (int i = 0; i < deck.length; i++) {\n    System.out.println(deck[i].toString());\n}"
			},
			{ "key": "q1r2s3t4u5v6w7", "value": "deck.forEach(card -> System.out.println(card.toString()));" },
			{ "key": "x9y0z1a2b3c4d5", "value": "Arrays.stream(deck).forEach(System.out::println);" }
		],
		"group_id": "ypr648qp92",
		"illustration": "Code",
		"key_concept": "Arrays, For-Each Loop, Object Methods",
		"kind": "Standalone",
		"order": 3,
		"question": "Consider the implementation of a `writeDeck` method that is added to the `Deck` class.\n\n```java\n/** Write the cards in deck, one per line. */\npublic void writeDeck() {\n    /* implementation code */\n}\n```\n\nWhich of the following is correct /* implementation code */?",
		"question_difficulty": "Hard",
		"question_type": "SingleChoice",
		"tags": ["java", "arrays", "object-methods"],
		"target": "Exam"
	},
	{
		"answer_explanation": "The `toString` method correctly formats the card's value and suit. For face cards and Ace, it returns the corresponding face value; otherwise, it returns the numeric value.",
		"answers": ["w7x8y9z0a1b2c3"],
		"choices": [
			{
				"key": "w7x8y9z0a1b2c3",
				"value": "public String toString() {\n    String faceValue = \"\";\n    if (value == 11)\n        faceValue = \"J\";\n    else if (value == 12)\n        faceValue = \"Q\";\n    else if (value == 0)\n        faceValue = \"K\";\n    else if (value == 1)\n        faceValue = \"A\";\n    if (value >= 2 && value <= 10)\n        return value + \" of \" + suit;\n    else\n        return faceValue + \" of \" + suit;\n}"
			},
			{ "key": "d9e0f1g2h3i4j5", "value": "public String toString() {\n    return value + \" of \" + suit;\n}" },
			{ "key": "k6l7m8n9o0p1q2", "value": "public String toString() {\n    return suit + \" \" + value;\n}" },
			{
				"key": "r3s4t5u6v7w8x9",
				"value": "public String toString() {\n    return \"Card: \" + value + \" of \" + suit;\n}"
			},
			{
				"key": "y0z1a2b3c4d5e6",
				"value": "public String toString() {\n    String faceValue = \"\";\n    if (value == 11)\n        faceValue = \"Jack\";\n    else if (value == 12)\n        faceValue = \"Queen\";\n    else if (value == 0)\n        faceValue = \"King\";\n    else if (value == 1)\n        faceValue = \"Ace\";\n    return faceValue + \" of \" + suit;\n}"
			}
		],
		"group_id": "zpr159qp93",
		"illustration": "Code",
		"key_concept": "Method Overriding, String Manipulation, Conditional Statements",
		"kind": "Standalone",
		"order": 1,
		"question": "Given the `Card` class above, which of the following represents correct `toString` method implementation?",
		"question_difficulty": "Medium",
		"question_type": "SingleChoice",
		"tags": ["java", "method-overriding", "string-manipulation"],
		"target": "Exam"
	},
	{
		"answer_explanation": "The `getSuit` method correctly returns the `suit` attribute of the `Card` class.",
		"answers": ["x8y9z0a1b2c3d4"],
		"choices": [
			{ "key": "x8y9z0a1b2c3d4", "value": "public String getSuit() {\n    return suit;\n}" },
			{ "key": "e7f8g9h0i1j2k3", "value": "public String getSuit() {\n    return this.suit;\n}" },
			{ "key": "l4m5n6o7p8q9r0", "value": "public String getSuit() {\n    return getSuit();\n}" },
			{ "key": "s1t2u3v4w5x6y7", "value": "public String getSuit() {\n    return \"Hearts\";\n}" },
			{ "key": "z5a6b7c8d9e0f1", "value": "public String getSuit() {\n    return Suit;\n}" }
		],
		"group_id": "zpr159qp93",
		"illustration": "Code",
		"key_concept": "Accessors, Method Implementation",
		"kind": "Standalone",
		"order": 2,
		"question": "Which of the following represents correct `getSuit` method implementation in the `Card` class?",
		"question_difficulty": "Easy",
		"question_type": "SingleChoice",
		"tags": ["java", "accessors", "method-implementation"],
		"target": "Exam"
	},
	{
		"answer_explanation": "The `getValue` method correctly returns the `value` attribute of the `Card` class.",
		"answers": ["y9z0a1b2c3d4e5"],
		"choices": [
			{ "key": "y9z0a1b2c3d4e5", "value": "public int getValue() {\n    return value;\n}" },
			{ "key": "f6g7h8i9j0k1l2", "value": "public int getValue() {\n    return this.value;\n}" },
			{ "key": "m3n4o5p6q7r8s9", "value": "public int getValue() {\n    return getValue();\n}" },
			{ "key": "t3u4v5w6x7y8z9", "value": "public int getValue() {\n    return 10;\n}" },
			{ "key": "a1b2c3d4e5f6g7", "value": "public int getValue() {\n    return Value;\n}" }
		],
		"group_id": "zpr159qp93",
		"illustration": "Code",
		"key_concept": "Accessors, Method Implementation",
		"kind": "Standalone",
		"order": 3,
		"question": "Which of the following represents correct `getValue` method implementation in the `Card` class?",
		"question_difficulty": "Easy",
		"question_type": "SingleChoice",
		"tags": ["java", "accessors", "method-implementation"],
		"target": "Exam"
	},
	{
		"answer_explanation": "The `shuffle` method correctly swaps each card with another randomly selected card in the deck, effectively shuffling the deck.",
		"answers": ["b2c3d4e5f6g7h8"],
		"choices": [
			{
				"key": "b2c3d4e5f6g7h8",
				"value": "for (int i = 0; i < NUMCARDS; i++) {\n    int randIndex = (int)(Math.random() * NUMCARDS);\n    Card temp = deck[i];\n    deck[i] = deck[randIndex];\n    deck[randIndex] = temp;\n}"
			},
			{ "key": "i6j7k8l9m0n1o2", "value": "for (Card card : deck) {\n    card.shuffle();\n}" },
			{ "key": "p3q4r5s6t7u8v9", "value": "Arrays.sort(deck);" },
			{ "key": "w0x1y2z3a4b5c6", "value": "deck = new Card[NUMCARDS];" },
			{ "key": "d7e8f9g0h1i2j3", "value": "Collections.shuffle(Arrays.asList(deck));" }
		],
		"group_id": "apr753qp94",
		"illustration": "Code",
		"key_concept": "Arrays, Randomization, Shuffling Algorithms",
		"kind": "Standalone",
		"order": 1,
		"question": "Which of the following represents correct `shuffle` method implementation in the `Deck` class to shuffle the deck of cards?",
		"question_difficulty": "Medium",
		"question_type": "SingleChoice",
		"tags": ["java", "arrays", "randomization", "shuffling"],
		"target": "Exam"
	},
	{
		"answer_explanation": "The `removeCard` method correctly removes a `Card` from the deck by shifting all subsequent cards one position to the left and setting the last card to `null`.",
		"answers": ["c3d4e5f6g7h8i9"],
		"choices": [
			{
				"key": "c3d4e5f6g7h8i9",
				"value": "public void removeCard(int index) {\n    for (int i = index; i < NUMCARDS - 1; i++) {\n        deck[i] = deck[i + 1];\n    }\n    deck[NUMCARDS - 1] = null;\n}"
			},
			{
				"key": "j0k1l2m3n4o5p6",
				"value": "public void removeCard(int index) {\n    deck[index] = new Card(\"\", 0);\n}"
			},
			{
				"key": "q7r8s9t0u1v2w3",
				"value": "public void removeCard(int index) {\n    deck = Arrays.copyOf(deck, NUMCARDS - 1);\n}"
			},
			{ "key": "x4y5z6a7b8c9d0", "value": "public void removeCard(int index) {\n    deck[index].remove();\n}" },
			{
				"key": "e1f2g3h4i5j6k7",
				"value": "public void removeCard(int index) {\n    deck[index] = deck[0];\n    deck[0] = null;\n}"
			}
		],
		"group_id": "apr753qp94",
		"illustration": "Code",
		"key_concept": "Arrays, Object Manipulation, Method Implementation",
		"kind": "Standalone",
		"order": 2,
		"question": "Which of the following represents correct `removeCard` method implementation in the `Deck` class to remove a card at a specified index?",
		"question_difficulty": "Hard",
		"question_type": "SingleChoice",
		"tags": ["java", "arrays", "object-manipulation"],
		"target": "Exam"
	},
	{
		"answer_explanation": "The `countCardsBySuit` method correctly counts the number of cards in the deck that match the specified suit by iterating through the deck and incrementing the counter when a match is found.",
		"answers": ["m4n5o6p7q8r9s0"],
		"choices": [
			{
				"key": "m4n5o6p7q8r9s0",
				"value": "public int countCardsBySuit(String suit) {\n    int count = 0;\n    for (Card card : deck) {\n        if (card.getSuit().equals(suit)) {\n            count++;\n        }\n    }\n    return count;\n}"
			},
			{
				"key": "t1u2v3w4x5y6z7",
				"value": "public int countCardsBySuit(String suit) {\n    return (int) Arrays.stream(deck).filter(card -> card.getSuit().equals(suit)).count();\n}"
			},
			{
				"key": "a8b9c0d1e2f3g4",
				"value": "public int countCardsBySuit(String suit) {\n    int count = 0;\n    for (int i = 0; i < deck.length; i++) {\n        if (deck[i].getSuit() == suit) {\n            count += 1;\n        }\n    }\n    return count;\n}"
			},
			{
				"key": "h5i6j7k8l9m0n1",
				"value": "public int countCardsBySuit(String suit) {\n    int count = 0;\n    for (Card card : deck) {\n        if (card.getSuit().contains(suit)) {\n            count++;\n        }\n    }\n    return count;\n}"
			},
			{
				"key": "o2p3q4r5s6t7u8",
				"value": "public int countCardsBySuit(String suit) {\n    return Arrays.stream(deck).map(Card::getSuit).distinct().count();\n}"
			}
		],
		"group_id": "apr753qp94",
		"illustration": "Code",
		"key_concept": "Arrays, Iteration, Conditional Statements",
		"kind": "Standalone",
		"order": 3,
		"question": "Which of the following represents correct `countCardsBySuit` method implementation in the `Deck` class to count the number of cards of a specific suit?",
		"question_difficulty": "Medium",
		"question_type": "SingleChoice",
		"tags": ["java", "arrays", "iteration"],
		"target": "Exam"
	},
	{
		"answer_explanation": "The `main` method correctly creates a new `Deck` object, shuffles it, and writes the deck to the console by calling the respective methods.",
		"answers": ["p4q5r6s7t8u9v0"],
		"choices": [
			{
				"key": "p4q5r6s7t8u9v0",
				"value": "public static void main(String[] args) {\n    Deck deck = new Deck();\n    deck.shuffle();\n    deck.writeDeck();\n}"
			},
			{
				"key": "w1x2y3z4a5b6c7",
				"value": "public static void main(String[] args) {\n    Deck deck = new Deck();\n    deck.removeCard(0);\n    deck.writeDeck();\n}"
			},
			{
				"key": "d8e9f0g1h2i3j4",
				"value": "public static void main(String[] args) {\n    Deck deck = new Deck();\n    deck.writeDeck();\n}"
			},
			{
				"key": "k5l6m7n8o9p0q1",
				"value": "public static void main(String[] args) {\n    Deck deck = new Deck();\n    deck.shuffle();\n    deck.removeCard(0);\n}"
			},
			{
				"key": "r3s4t5u6v7w8x9",
				"value": "public static void main(String[] args) {\n    Deck deck = new Deck();\n    deck.shuffle();\n    deck.countCardsBySuit(\"Hearts\");\n}"
			}
		],
		"group_id": "apr753qp94",
		"illustration": "Code",
		"key_concept": "Object Creation, Method Invocation, Main Method",
		"kind": "Standalone",
		"order": 4,
		"question": "Which of the following represents correct `main` method implementation to create a deck, shuffle it, and write the deck to the console?",
		"question_difficulty": "Hard",
		"question_type": "SingleChoice",
		"tags": ["java", "object-creation", "method-invocation"],
		"target": "Exam"
	},
	{
		"answer_explanation": "The `toString` method in the `Deck` class correctly returns a string representation of the deck by iterating through each `Card` and concatenating their string representations.",
		"answers": ["q6r7s8t9u0v1w2"],
		"choices": [
			{
				"key": "q6r7s8t9u0v1w2",
				"value": "public String toString() {\n    StringBuilder sb = new StringBuilder();\n    for (Card card : deck) {\n        sb.append(card.toString()).append(\"\\n\");\n    }\n    return sb.toString();\n}"
			},
			{ "key": "x3y4z5a6b7c8d9", "value": "public String toString() {\n    return Arrays.toString(deck);\n}" },
			{ "key": "e0f1g2h3i4j5k6", "value": "public String toString() {\n    return \"Deck of Cards\";\n}" },
			{
				"key": "l7m8n9o0p1q2r3",
				"value": "public String toString() {\n    String deckStr = \"\";\n    for (int i = 0; i < deck.length; i++) {\n        deckStr += deck[i].toString() + \", \";\n    }\n    return deckStr;\n}"
			},
			{ "key": "s4t5u6v7w8x9y0", "value": "public String toString() {\n    return deck.toString();\n}" }
		],
		"group_id": "spr864qp95",
		"illustration": "Code",
		"key_concept": "Method Overriding, StringBuilder, Iteration",
		"kind": "Standalone",
		"order": 1,
		"question": "Given the `Deck` class, which of the following represents correct `toString` method implementation to return a string representation of the deck?",
		"question_difficulty": "Medium",
		"question_type": "SingleChoice",
		"tags": ["java", "method-overriding", "stringbuilder"],
		"target": "Exam"
	},
	{
		"answer_explanation": "The `dealCard` method correctly deals the top card by returning the first card in the deck and shifting all subsequent cards one position to the left.",
		"answers": ["t7u8v9w0x1y2z3a4"],
		"choices": [
			{
				"key": "t7u8v9w0x1y2z3a4",
				"value": "public Card dealCard() {\n    Card dealt = deck[0];\n    for (int i = 0; i < NUMCARDS - 1; i++) {\n        deck[i] = deck[i + 1];\n    }\n    deck[NUMCARDS - 1] = null;\n    return dealt;\n}"
			},
			{ "key": "b6c7d8e9f0g1h2", "value": "public Card dealCard() {\n    return deck[NUMCARDS - 1];\n}" },
			{ "key": "i3j4k5l6m7n8o9", "value": "public Card dealCard() {\n    return deck[deck.length / 2];\n}" },
			{
				"key": "p0q1r2s3t4u5v6",
				"value": "public Card dealCard() {\n    Card dealt = deck[0];\n    deck[0] = new Card(\"\", 0);\n    return dealt;\n}"
			},
			{ "key": "w7x8y9z0a1b2c3", "value": "public Card dealCard() {\n    return null;\n}" }
		],
		"group_id": "spr864qp95",
		"illustration": "Code",
		"key_concept": "Arrays, Object Manipulation, Method Implementation",
		"kind": "Standalone",
		"order": 2,
		"question": "Which of the following represents correct `dealCard` method implementation in the `Deck` class to deal the top card from the deck?",
		"question_difficulty": "Hard",
		"question_type": "SingleChoice",
		"tags": ["java", "arrays", "object-manipulation"],
		"target": "Exam"
	},
	{
		"answer_explanation": "The `isEmpty` method correctly checks if the deck is empty by verifying if the first position in the deck is `null`.",
		"answers": ["u9v0w1x2y3z4a5b6"],
		"choices": [
			{ "key": "u9v0w1x2y3z4a5b6", "value": "public boolean isEmpty() {\n    return deck[0] == null;\n}" },
			{ "key": "c7d8e9f0g1h2i3j4", "value": "public boolean isEmpty() {\n    return deck.length == 0;\n}" },
			{
				"key": "k5l6m7n8o9p0q1r2",
				"value": "public boolean isEmpty() {\n    for (Card card : deck) {\n        if (card != null) return false;\n    }\n    return true;\n}"
			},
			{ "key": "s1t2u3v4w5x6y7z8", "value": "public boolean isEmpty() {\n    return true;\n}" },
			{ "key": "e1f2g3h4i5j6k7l8", "value": "public boolean isEmpty() {\n    return deck[NUMCARDS - 1] == null;\n}" }
		],
		"group_id": "spr864qp95",
		"illustration": "Code",
		"key_concept": "Arrays, Conditional Statements, Method Implementation",
		"kind": "Standalone",
		"order": 3,
		"question": "Which of the following represents correct `isEmpty` method implementation in the `Deck` class to check if the deck is empty?",
		"question_difficulty": "Easy",
		"question_type": "SingleChoice",
		"tags": ["java", "arrays", "conditional-statements"],
		"target": "Exam"
	},
	{
		"answer_explanation": "The `toString` method in the `Deck` class correctly iterates through each `Card` in the deck and appends their string representations to the `StringBuilder`, separated by new lines.",
		"answers": ["v1w2x3y4z5a6b7"],
		"choices": [
			{
				"key": "v1w2x3y4z5a6b7",
				"value": "public String toString() {\n    StringBuilder sb = new StringBuilder();\n    for (Card card : deck) {\n        sb.append(card.toString()).append(\"\\n\");\n    }\n    return sb.toString();\n}"
			},
			{ "key": "c8d9e0f1g2h3i4j5", "value": "public String toString() {\n    return Arrays.toString(deck);\n}" },
			{
				"key": "k6l7m8n9o0p1q2r3",
				"value": "public String toString() {\n    String deckStr = \"\";\n    for (int i = 0; i < deck.length; i++) {\n        deckStr += deck[i].toString() + \", \";\n    }\n    return deckStr;\n}"
			},
			{ "key": "s4t5u6v7w8x9y0z1", "value": "public String toString() {\n    return deck.toString();\n}" },
			{
				"key": "e2f3g4h5i6j7k8l9",
				"value": "public String toString() {\n    StringBuilder sb = new StringBuilder();\n    for (Card card : deck) {\n        sb.append(card.toString()).append(\", \");\n    }\n    return sb.toString();\n}"
			}
		],
		"group_id": "apr753qp94",
		"illustration": "Code",
		"key_concept": "Method Overriding, StringBuilder, Iteration",
		"kind": "Standalone",
		"order": 5,
		"question": "Given the `Deck` class, which of the following represents correct `toString` method implementation to return a string representation of the deck?",
		"question_difficulty": "Medium",
		"question_type": "SingleChoice",
		"tags": ["java", "method-overriding", "stringbuilder"],
		"target": "Exam"
	},
	{
		"answer_explanation": "The `shuffle` method correctly shuffles the deck by swapping each card with another randomly selected card in the deck.",
		"answers": ["w2x3y4z5a6b7c8"],
		"choices": [
			{
				"key": "w2x3y4z5a6b7c8",
				"value": "public void shuffle() {\n    for (int i = 0; i < NUMCARDS; i++) {\n        int randIndex = (int)(Math.random() * NUMCARDS);\n        Card temp = deck[i];\n        deck[i] = deck[randIndex];\n        deck[randIndex] = temp;\n    }\n}"
			},
			{ "key": "d9e0f1g2h3i4j5k6", "value": "public void shuffle() {\n    Arrays.sort(deck);\n}" },
			{
				"key": "l7m8n9o0p1q2r3s4",
				"value": "public void shuffle() {\n    Collections.shuffle(Arrays.asList(deck));\n}"
			},
			{
				"key": "t5u6v7w8x9y0z1a2",
				"value": "public void shuffle() {\n    for (Card card : deck) {\n        card.shuffle();\n    }\n}"
			},
			{ "key": "b3c4d5e6f7g8h9i0", "value": "public void shuffle() {\n    deck = new Card[NUMCARDS];\n}" }
		],
		"group_id": "apr753qp94",
		"illustration": "Code",
		"key_concept": "Arrays, Randomization, Shuffling Algorithms",
		"kind": "Standalone",
		"order": 6,
		"question": "Which of the following represents correct `shuffle` method implementation in the `Deck` class to shuffle the deck of cards?",
		"question_difficulty": "Hard",
		"question_type": "SingleChoice",
		"tags": ["java", "arrays", "randomization", "shuffling"],
		"target": "Exam"
	},
	{
		"answer_explanation": "The `Deck` constructor correctly initializes the `deck` array with 52 `Card` objects, one for each suit and value combination.",
		"answers": ["x3y4z5a6b7c8d9"],
		"choices": [
			{
				"key": "x3y4z5a6b7c8d9",
				"value": "public Deck() {\n    String[] suits = {\"Hearts\", \"Diamonds\", \"Clubs\", \"Spades\"};\n    for (int i = 0; i < NUMCARDS; i++) {\n        deck[i] = new Card(suits[i / 13], i % 13);\n    }\n}"
			},
			{
				"key": "e0f1g2h3i4j5k6l7",
				"value": "public Deck() {\n    for (int i = 0; i < NUMCARDS; i++) {\n        deck[i] = new Card(\"Hearts\", i);\n    }\n}"
			},
			{ "key": "m8n9o0p1q2r3s4t5", "value": "public Deck() {\n    deck = new Card[NUMCARDS];\n}" },
			{
				"key": "u6v7w8x9y0z1a2b3",
				"value": "public Deck() {\n    for (int i = 0; i < NUMCARDS; i++) {\n        deck[i] = new Card(\"\", 0);\n    }\n}"
			},
			{
				"key": "c9d0e1f2g3h4i5j6",
				"value": "public Deck() {\n    String suit = \"Hearts\";\n    for (int i = 0; i < NUMCARDS; i++) {\n        deck[i] = new Card(suit, i);\n    }\n}"
			}
		],
		"group_id": "spr864qp95",
		"illustration": "Code",
		"key_concept": "Arrays, Object Creation, Constructors",
		"kind": "Standalone",
		"order": 1,
		"question": "Which of the following represents correct constructor implementation for the `Deck` class to initialize the deck with 52 cards?",
		"question_difficulty": "Hard",
		"question_type": "SingleChoice",
		"tags": ["java", "arrays", "object-creation", "constructors"],
		"target": "Exam"
	},
	{
		"answer_explanation": "The `main` method correctly creates a new `Deck` object, shuffles it, and writes the deck to the console.",
		"answers": ["y4z5a6b7c8d9e0f1"],
		"choices": [
			{
				"key": "y4z5a6b7c8d9e0f1",
				"value": "public static void main(String[] args) {\n    Deck deck = new Deck();\n    deck.shuffle();\n    deck.writeDeck();\n}"
			},
			{
				"key": "g4h5i6j7k8l9m0n1",
				"value": "public static void main(String[] args) {\n    Deck deck = new Deck();\n    deck.removeCard(0);\n    deck.writeDeck();\n}"
			},
			{
				"key": "o2p3q4r5s6t7u8v9",
				"value": "public static void main(String[] args) {\n    Deck deck = new Deck();\n    deck.writeDeck();\n}"
			},
			{
				"key": "w1x2y3z4a5b6c7d8",
				"value": "public static void main(String[] args) {\n    Deck deck = new Deck();\n    deck.shuffle();\n    deck.removeCard(0);\n}"
			},
			{
				"key": "f6g7h8i9j0k1l2m3",
				"value": "public static void main(String[] args) {\n    Deck deck = new Deck();\n    deck.shuffle();\n    deck.countCardsBySuit(\"Hearts\");\n}"
			}
		],
		"group_id": "spr864qp95",
		"illustration": "Code",
		"key_concept": "Object Creation, Method Invocation, Main Method",
		"kind": "Standalone",
		"order": 2,
		"question": "Which of the following represents correct `main` method implementation to create a deck, shuffle it, and write the deck to the console?",
		"question_difficulty": "Medium",
		"question_type": "SingleChoice",
		"tags": ["java", "object-creation", "method-invocation"],
		"target": "Exam"
	},
	{
		"answer_explanation": "The `countCardsBySuit` method correctly counts the number of cards of a specific suit by iterating through the deck and incrementing the count when a matching suit is found.",
		"answers": ["z5a6b7c8d9e0f1g2"],
		"choices": [
			{
				"key": "z5a6b7c8d9e0f1g2",
				"value": "public int countCardsBySuit(String suit) {\n    int count = 0;\n    for (Card card : deck) {\n        if (card.getSuit().equals(suit)) {\n            count++;\n        }\n    }\n    return count;\n}"
			},
			{
				"key": "h2i3j4k5l6m7n8o9",
				"value": "public int countCardsBySuit(String suit) {\n    return (int) Arrays.stream(deck).filter(card -> card.getSuit().equals(suit)).count();\n}"
			},
			{
				"key": "p0q1r2s3t4u5v6w7",
				"value": "public int countCardsBySuit(String suit) {\n    int count = 0;\n    for (int i = 0; i < deck.length; i++) {\n        if (deck[i].getSuit() == suit) {\n            count += 1;\n        }\n    }\n    return count;\n}"
			},
			{
				"key": "x8y9z0a1b2c3d4e5",
				"value": "public int countCardsBySuit(String suit) {\n    int count = 0;\n    for (Card card : deck) {\n        if (card.getSuit().contains(suit)) {\n            count++;\n        }\n    }\n    return count;\n}"
			},
			{
				"key": "f7g8h9i0j1k2l3m4",
				"value": "public int countCardsBySuit(String suit) {\n    return Arrays.stream(deck).map(Card::getSuit).distinct().count();\n}"
			}
		],
		"group_id": "spr864qp95",
		"illustration": "Code",
		"key_concept": "Arrays, Iteration, Conditional Statements",
		"kind": "Standalone",
		"order": 3,
		"question": "Which of the following represents correct `countCardsBySuit` method implementation in the `Deck` class to count the number of cards of a specific suit?",
		"question_difficulty": "Medium",
		"question_type": "SingleChoice",
		"tags": ["java", "arrays", "iteration"],
		"target": "Exam"
	},
	{
		"answer_explanation": "The `getSuit` and `getValue` methods correctly return the `suit` and `value` attributes of the `Card` class, respectively.",
		"answers": ["g7h8i9j0k1l2m3n4"],
		"choices": [
			{
				"key": "g7h8i9j0k1l2m3n4",
				"value": "public String getSuit() {\n    return suit;\n}\n\npublic int getValue() {\n    return value;\n}"
			},
			{
				"key": "o5p6q7r8s9t0u1v2",
				"value": "public String getSuit() {\n    return this.suit.toUpperCase();\n}\n\npublic int getValue() {\n    return this.value + 1;\n}"
			},
			{
				"key": "w3x4y5z6a7b8c9d0",
				"value": "public String getSuit() {\n    return suit.toLowerCase();\n}\n\npublic int getValue() {\n    return this.value;\n}"
			},
			{
				"key": "e1f2g3h4i5j6k7l8",
				"value": "public String getSuit() {\n    return getSuit();\n}\n\npublic int getValue() {\n    return getValue();\n}"
			},
			{
				"key": "m9n0o1p2q3r4s5t6",
				"value": "public String getSuit() {\n    return \"Unknown\";\n}\n\npublic int getValue() {\n    return -1;\n}"
			}
		],
		"group_id": "spr864qp95",
		"illustration": "Code",
		"key_concept": "Accessors, Method Implementation",
		"kind": "Standalone",
		"order": 4,
		"question": "Which of the following represents correct implementations of the `getSuit` and `getValue` methods in the `Card` class?",
		"question_difficulty": "Easy",
		"question_type": "SingleChoice",
		"tags": ["java", "accessors", "method-implementation"],
		"target": "Exam"
	},
	{
		"answer_explanation": "The `getCard` method correctly returns the `Card` object at the specified index in the deck.",
		"answers": ["h6i7j8k9l0m1n2o3"],
		"choices": [
			{ "key": "h6i7j8k9l0m1n2o3", "value": "public Card getCard(int index) {\n    return deck[index];\n}" },
			{
				"key": "p4q5r6s7t8u9v0w1",
				"value": "public Card getCard(int index) {\n    return new Card(deck[index].getSuit(), deck[index].getValue());\n}"
			},
			{ "key": "x2y3z4a5b6c7d8e9", "value": "public Card getCard(int index) {\n    return null;\n}" },
			{ "key": "f0g1h2i3j4k5l6m7", "value": "public Card getCard(int index) {\n    return deck[0];\n}" },
			{
				"key": "n8o9p0q1r2s3t4u5",
				"value": "public Card getCard(int index) {\n    return deck[index].toString();\n}"
			}
		],
		"group_id": "spr864qp95",
		"illustration": "Code",
		"key_concept": "Arrays, Accessors, Method Implementation",
		"kind": "Standalone",
		"order": 5,
		"question": "Which of the following represents correct `getCard` method implementation in the `Deck` class to return the card at a specified index?",
		"question_difficulty": "Easy",
		"question_type": "SingleChoice",
		"tags": ["java", "arrays", "accessors"],
		"target": "Exam"
	}
]
