[
	{
		"question": "Consider the following `BankAccount` class:\n\n```java\npublic class BankAccount {\n    private String accountHolder;\n    private double balance;\n\n    /**\n     * Constructor: Creates a BankAccount object with the given holder and initial balance.\n     * @param holder the name of the account holder\n     * @param initialBalance the initial balance of the account\n     */\n    public BankAccount(String holder, double initialBalance) {\n        // implementation needed\n    }\n\n    /**\n     * Deposits the specified amount into the account.\n     * @param amount the amount to deposit\n     */\n    public void deposit(double amount) {\n        // implementation needed\n    }\n\n    /**\n     * Returns the current balance of the account.\n     */\n    public double getBalance() {\n        return balance;\n    }\n}\n```\n\n**Question 1:**\nWhich of the following is the correct implementation code for the constructor in the `BankAccount` class?",
		"choices": [
			{
				"key": "a1b2c3d4",
				"value": "accountHolder = holder;\nbalance = initialBalance;"
			},
			{
				"key": "e5f6g7h8",
				"value": "holder = accountHolder;\ninitialBalance = balance;"
			},
			{
				"key": "i9j0k1l2",
				"value": "this(holder, initialBalance);"
			},
			{
				"key": "m3n4o5p6",
				"value": "new BankAccount(holder, initialBalance);"
			},
			{
				"key": "q7r8s9t0",
				"value": "accountHolder = this.getAccountHolder();\nbalance = this.getBalance();"
			}
		],
		"answers": ["a1b2c3d4"],
		"illustration": "Code",
		"kind": "Group",
		"group_id": "X1Y2Z3A4",
		"order": 1,
		"question_type": "SingleChoice",
		"question_difficulty": "Easy",
		"key_concept": "Constructors and instance variables",
		"answer_explanation": "Option 'a1b2c3d4' correctly assigns the parameters to the instance variables. This is the proper way to initialize the object's state within the constructor.",
		"tags": ["constructors", "instance-variables", "java"],
		"target": "Exam"
	},
	{
		"question": "**Question 2:**\nWhich of the following represents the correct implementation of the `deposit` method to ensure encapsulation?",
		"choices": [
			{
				"key": "u1v2w3x4",
				"value": "balance += amount;"
			},
			{
				"key": "y5z6a7b8",
				"value": "this.balance = this.balance + amount;"
			},
			{
				"key": "c9d0e1f2",
				"value": "public void deposit(double amount) {\n    balance = amount;\n}"
			},
			{
				"key": "g3h4i5j6",
				"value": "private void deposit(double amount) {\n    balance += amount;\n}"
			},
			{
				"key": "k7l8m9n0",
				"value": "balance = getBalance() + amount;"
			}
		],
		"answers": ["u1v2w3x4", "y5z6a7b8", "k7l8m9n0"],
		"illustration": "NotSet",
		"kind": "Group",
		"group_id": "X1Y2Z3A4",
		"order": 2,
		"question_type": "MultipleChoice",
		"question_difficulty": "Medium",
		"key_concept": "Encapsulation and method implementation",
		"answer_explanation": "Options 'u1v2w3x4', 'y5z6a7b8', and 'k7l8m9n0' correctly update the balance while maintaining encapsulation. Option 'c9d0e1f2' replaces the balance with the deposit amount, which is incorrect. Option 'g3h4i5j6' makes the method private, preventing access from outside the class.",
		"tags": ["methods", "encapsulation", "java"],
		"target": "Exam"
	},
	{
		"question": "**Question 3:**\nSuppose an object of `BankAccount` is created as follows:\n\n```java\nBankAccount myAccount = new BankAccount(\"Alice\", 1000);\n```\n\nWhich of the following statements correctly accesses the balance of `myAccount`?",
		"choices": [
			{
				"key": "o1p2q3r4",
				"value": "System.out.println(myAccount.balance);"
			},
			{
				"key": "s5t6u7v8",
				"value": "System.out.println(myAccount.getBalance());"
			},
			{
				"key": "w9x0y1z2",
				"value": "System.out.println(BankAccount.getBalance());"
			},
			{
				"key": "a3b4c5d6",
				"value": "System.out.println(getBalance());"
			},
			{
				"key": "e7f8g9h0",
				"value": "System.out.println(myAccount.accountHolder);"
			}
		],
		"answers": ["s5t6u7v8"],
		"illustration": "Code",
		"kind": "Group",
		"group_id": "X1Y2Z3A4",
		"order": 3,
		"question_type": "SingleChoice",
		"question_difficulty": "Medium",
		"key_concept": "Accessing object methods and encapsulation",
		"answer_explanation": "Option 's5t6u7v8' correctly calls the public method `getBalance()` to access the private `balance` variable. Directly accessing `balance` or `accountHolder` would violate encapsulation.",
		"tags": ["objects", "method-calling", "encapsulation"],
		"target": "Exam"
	},
	{
		"question": "Consider the following `Rectangle` class:\n\n```java\npublic class Rectangle {\n    private int width;\n    private int height;\n\n    /**\n     * Constructor: Creates a Rectangle with specified width and height.\n     * @param w the width of the rectangle\n     * @param h the height of the rectangle\n     */\n    public Rectangle(int w, int h) {\n        width = w;\n        height = h;\n    }\n\n    /**\n     * Calculates and returns the area of the rectangle.\n     */\n    public int getArea() {\n        return width * height;\n    }\n}\n```\n\n**Question 1:**\nWhat is the purpose of the constructor in the `Rectangle` class?",
		"choices": [
			{
				"key": "i1j2k3l4",
				"value": "To initialize the `Rectangle` object with specific width and height."
			},
			{
				"key": "m5n6o7p8",
				"value": "To calculate the area of the rectangle."
			},
			{
				"key": "q9r0s1t2",
				"value": "To print the dimensions of the rectangle."
			},
			{
				"key": "u3v4w5x6",
				"value": "To set default values for width and height."
			},
			{
				"key": "y7z8a9b0",
				"value": "To enforce encapsulation of the rectangle's properties."
			}
		],
		"answers": ["i1j2k3l4"],
		"illustration": "Code",
		"kind": "Group",
		"group_id": "B5C6D7E8",
		"order": 1,
		"question_type": "SingleChoice",
		"question_difficulty": "Easy",
		"key_concept": "Understanding constructors",
		"answer_explanation": "The constructor initializes the `Rectangle` object by setting its width and height to the provided values.",
		"tags": ["constructors", "class-initialization", "java"],
		"target": "Exam"
	},
	{
		"question": "**Question 2:**\nIf you want to prevent the `width` and `height` of a `Rectangle` from being negative, which of the following modifications to the constructor would achieve that?",
		"choices": [
			{
				"key": "c1d2e3f4",
				"value": "Adding a check: `if (w > 0) width = w; else width = 0;`"
			},
			{
				"key": "g5h6i7j8",
				"value": "Removing the parameters `w` and `h` from the constructor."
			},
			{
				"key": "k9l0m1n2",
				"value": "Setting `width` and `height` to absolute values: `width = Math.abs(w);`"
			},
			{
				"key": "o3p4q5r6",
				"value": "Changing `width` and `height` to public variables."
			},
			{
				"key": "s7t8u9v0",
				"value": "Throwing an exception if `w` or `h` is negative."
			}
		],
		"answers": ["c1d2e3f4", "s7t8u9v0"],
		"illustration": "NotSet",
		"kind": "Group",
		"group_id": "B5C6D7E8",
		"order": 2,
		"question_type": "MultipleChoice",
		"question_difficulty": "Medium",
		"key_concept": "Implementing constructors with validation",
		"answer_explanation": "Options 'c1d2e3f4' and 's7t8u9v0' correctly handle negative inputs by setting them to zero or throwing an exception. This ensures `width` and `height` are not negative.",
		"tags": ["constructors", "input-validation", "java"],
		"target": "Exam"
	},
	{
		"question": "**Question 3:**\nAn instance of `Rectangle` is created:\n\n```java\nRectangle rect = new Rectangle(5, 10);\n```\n\nWhich of the following statements correctly accesses the area of `rect`?",
		"choices": [
			{
				"key": "w1x2y3z4",
				"value": "int area = rect.getArea();"
			},
			{
				"key": "a5b6c7d8",
				"value": "int area = Rectangle.getArea();"
			},
			{
				"key": "e9f0g1h2",
				"value": "int area = rect.width * rect.height;"
			},
			{
				"key": "i3j4k5l6",
				"value": "int area = getArea();"
			},
			{
				"key": "m7n8o9p0",
				"value": "int area = rect.area;"
			}
		],
		"answers": ["w1x2y3z4"],
		"illustration": "Code",
		"kind": "Group",
		"group_id": "B5C6D7E8",
		"order": 3,
		"question_type": "SingleChoice",
		"question_difficulty": "Medium",
		"key_concept": "Accessing methods and encapsulation",
		"answer_explanation": "Option 'w1x2y3z4' correctly calls the `getArea()` method on the `rect` object. Other options either attempt to access private variables or incorrectly call the method.",
		"tags": ["methods", "objects", "encapsulation"],
		"target": "Exam"
	},
	{
		"question": "Consider the following `Student` class:\n\n```java\npublic class Student {\n    private String name;\n    private int gradeLevel;\n    private static int studentCount = 0;\n\n    /**\n     * Constructor: Initializes a Student with a name and grade level.\n     * @param name the student's name\n     * @param grade the student's grade level\n     */\n    public Student(String name, int grade) {\n        this.name = name;\n        gradeLevel = grade;\n        studentCount++;\n    }\n\n    /**\n     * Returns the total number of Student instances created.\n     */\n    public static int getStudentCount() {\n        return studentCount;\n    }\n}\n```\n\n**Question 1:**\nWhat is the purpose of the `static` variable `studentCount` in the `Student` class?",
		"choices": [
			{
				"key": "q1w2e3r4",
				"value": "To keep track of the number of `Student` objects created."
			},
			{
				"key": "t5y6u7i8",
				"value": "To store the grade level of each student."
			},
			{
				"key": "o9p0a1s2",
				"value": "To represent the maximum number of students allowed."
			},
			{
				"key": "d3f4g5h6",
				"value": "To share the student's name across all instances."
			},
			{
				"key": "j7k8l9z0",
				"value": "To reset the student data when needed."
			}
		],
		"answers": ["q1w2e3r4"],
		"illustration": "Code",
		"kind": "Group",
		"group_id": "E1F2G3H4",
		"order": 1,
		"question_type": "SingleChoice",
		"question_difficulty": "Easy",
		"key_concept": "Understanding static variables",
		"answer_explanation": "The `static` variable `studentCount` is shared among all instances and increments each time a new `Student` is created.",
		"tags": ["static-variables", "class-variables", "java"],
		"target": "Exam"
	},
	{
		"question": "**Question 2:**\nWhich of the following statements correctly retrieves the total number of students created?",
		"choices": [
			{
				"key": "x1c2v3b4",
				"value": "int total = Student.getStudentCount();"
			},
			{
				"key": "n5m6a7s8",
				"value": "int total = getStudentCount();"
			},
			{
				"key": "d9f0g1h2",
				"value": "int total = studentCount;"
			},
			{
				"key": "j3k4l5z6",
				"value": "int total = Student.studentCount;"
			},
			{
				"key": "x7c8v9b0",
				"value": "int total = new Student().getStudentCount();"
			}
		],
		"answers": ["x1c2v3b4"],
		"illustration": "NotSet",
		"kind": "Group",
		"group_id": "E1F2G3H4",
		"order": 2,
		"question_type": "SingleChoice",
		"question_difficulty": "Medium",
		"key_concept": "Accessing static methods",
		"answer_explanation": "Option 'x1c2v3b4' correctly calls the static method `getStudentCount()` using the class name.",
		"tags": ["static-methods", "method-calling", "java"],
		"target": "Exam"
	},
	{
		"question": "**Question 3:**\nWhat principle is demonstrated by making the `studentCount` variable `private` and providing a `public` static method to access it?",
		"choices": [
			{
				"key": "v1b2n3m4",
				"value": "Encapsulation"
			},
			{
				"key": "q5w6e7r8",
				"value": "Inheritance"
			},
			{
				"key": "t9y0u1i2",
				"value": "Polymorphism"
			},
			{
				"key": "o3p4a5s6",
				"value": "Abstraction"
			},
			{
				"key": "d7f8g9h0",
				"value": "Overloading"
			}
		],
		"answers": ["v1b2n3m4"],
		"illustration": "NotSet",
		"kind": "Group",
		"group_id": "E1F2G3H4",
		"order": 3,
		"question_type": "SingleChoice",
		"question_difficulty": "Medium",
		"key_concept": "Encapsulation in object-oriented programming",
		"answer_explanation": "Encapsulation is demonstrated by restricting direct access to `studentCount` and providing a method to retrieve its value.",
		"tags": ["encapsulation", "oop-principles", "java"],
		"target": "Exam"
	},
	{
		"question": "Consider the following `Circle` class:\n\n```java\npublic class Circle {\n    private double radius;\n\n    /**\n     * Constructor: Creates a Circle with the specified radius.\n     * @param radius the radius of the circle\n     */\n    public Circle(double radius) {\n        this.radius = radius;\n    }\n\n    /**\n     * Calculates and returns the area of the circle.\n     */\n    public double getArea() {\n        return Math.PI * radius * radius;\n    }\n\n    /**\n     * Calculates and returns the circumference of the circle.\n     */\n    public double getCircumference() {\n        return 2 * Math.PI * radius;\n    }\n}\n```\n\n**Question 1:**\nWhich method signature would correctly overload the constructor to allow creating a `Circle` with no parameters, defaulting the radius to 1?",
		"choices": [
			{
				"key": "s1d2f3g4",
				"value": "public Circle()"
			},
			{
				"key": "h5j6k7l8",
				"value": "public void Circle()"
			},
			{
				"key": "z9x0c1v2",
				"value": "public Circle(double radius, double diameter)"
			},
			{
				"key": "b3n4m5q6",
				"value": "public static Circle()"
			},
			{
				"key": "w7e8r9t0",
				"value": "public Circle(double r)"
			}
		],
		"answers": ["s1d2f3g4"],
		"illustration": "Code",
		"kind": "Group",
		"group_id": "I9J8K7L6",
		"order": 1,
		"question_type": "SingleChoice",
		"question_difficulty": "Medium",
		"key_concept": "Constructor overloading",
		"answer_explanation": "Option 's1d2f3g4' correctly defines a no-argument constructor to overload the existing one.",
		"tags": ["constructors", "overloading", "java"],
		"target": "Exam"
	},
	{
		"question": "**Question 2:**\nImplement the no-argument constructor so that it sets the `radius` to 1.",
		"choices": [
			{
				"key": "y1u2i3o4",
				"value": "public Circle() {\n    radius = 1;\n}"
			},
			{
				"key": "p5a6s7d8",
				"value": "public Circle() {\n    this(1);\n}"
			},
			{
				"key": "f9g0h1j2",
				"value": "public Circle() {\n    Circle(1);\n}"
			},
			{
				"key": "k3l4z5x6",
				"value": "public Circle() {\n    super(1);\n}"
			},
			{
				"key": "c7v8b9n0",
				"value": "public void Circle() {\n    radius = 1;\n}"
			}
		],
		"answers": ["y1u2i3o4", "p5a6s7d8"],
		"illustration": "Code",
		"kind": "Group",
		"group_id": "I9J8K7L6",
		"order": 2,
		"question_type": "MultipleChoice",
		"question_difficulty": "Hard",
		"key_concept": "Constructor implementation and overloading",
		"answer_explanation": "Both options 'y1u2i3o4' and 'p5a6s7d8' correctly initialize `radius` to 1. Option 'p5a6s7d8' uses constructor chaining.",
		"tags": ["constructors", "overloading", "java"],
		"target": "Exam"
	},
	{
		"question": "**Question 3:**\nWhich of the following statements correctly creates a `Circle` object with a radius of 1 using the new constructor?",
		"choices": [
			{
				"key": "v1b2n3m4",
				"value": "Circle c = new Circle();"
			},
			{
				"key": "q5w6e7r8",
				"value": "Circle c = new Circle(1);"
			},
			{
				"key": "t9y0u1i2",
				"value": "Circle c = Circle();"
			},
			{
				"key": "o3p4a5s6",
				"value": "Circle c = new Circle(0);"
			},
			{
				"key": "d7f8g9h0",
				"value": "Circle c = new Circle(radius:1);"
			}
		],
		"answers": ["v1b2n3m4"],
		"illustration": "Code",
		"kind": "Group",
		"group_id": "I9J8K7L6",
		"order": 3,
		"question_type": "SingleChoice",
		"question_difficulty": "Easy",
		"key_concept": "Creating objects with constructors",
		"answer_explanation": "Option 'v1b2n3m4' correctly uses the no-argument constructor to create a `Circle` with a default radius of 1.",
		"tags": ["objects", "constructors", "java"],
		"target": "Exam"
	},
	{
		"question": "Consider the following `Employee` class:\n\n```java\npublic class Employee {\n    private String name;\n    private double salary;\n\n    /**\n     * Constructor: Initializes an Employee with a name and salary.\n     * @param name the employee's name\n     * @param salary the employee's salary\n     */\n    public Employee(String name, double salary) {\n        this.name = name;\n        this.salary = salary;\n    }\n\n    /**\n     * Increases the salary by a specified percentage.\n     * @param percent the percentage increase\n     */\n    public void raiseSalary(double percent) {\n        // implementation needed\n    }\n}\n```\n\n**Question 1:**\nWhich of the following is the correct implementation code for the `raiseSalary` method?",
		"choices": [
			{
				"key": "s1d2f3g4",
				"value": "salary += salary * percent / 100;"
			},
			{
				"key": "h5j6k7l8",
				"value": "salary = salary + percent;"
			},
			{
				"key": "z9x0c1v2",
				"value": "this.salary(percent);"
			},
			{
				"key": "b3n4m5q6",
				"value": "salary = percent / 100;"
			},
			{
				"key": "w7e8r9t0",
				"value": "salary = salary * percent;"
			}
		],
		"answers": ["s1d2f3g4"],
		"illustration": "Code",
		"kind": "Group",
		"group_id": "M1N2O3P4",
		"order": 1,
		"question_type": "SingleChoice",
		"question_difficulty": "Medium",
		"key_concept": "Implementing methods with calculations",
		"answer_explanation": "Option 's1d2f3g4' correctly calculates the new salary by increasing it by the given percentage.",
		"tags": ["methods", "calculations", "java"],
		"target": "Exam"
	},
	{
		"question": "**Question 2:**\nWhich concept is demonstrated by the use of `this` keyword in the constructor?",
		"choices": [
			{
				"key": "y1u2i3o4",
				"value": "Differentiating instance variables from parameters"
			},
			{
				"key": "p5a6s7d8",
				"value": "Calling another constructor"
			},
			{
				"key": "f9g0h1j2",
				"value": "Accessing static variables"
			},
			{
				"key": "k3l4z5x6",
				"value": "Implementing inheritance"
			},
			{
				"key": "c7v8b9n0",
				"value": "Overriding methods"
			}
		],
		"answers": ["y1u2i3o4"],
		"illustration": "NotSet",
		"kind": "Group",
		"group_id": "M1N2O3P4",
		"order": 2,
		"question_type": "SingleChoice",
		"question_difficulty": "Easy",
		"key_concept": "Understanding the 'this' keyword",
		"answer_explanation": "The `this` keyword is used to refer to the current object's instance variables, distinguishing them from parameters with the same name.",
		"tags": ["this-keyword", "instance-variables", "java"],
		"target": "Exam"
	},
	{
		"question": "**Question 3:**\nAn `Employee` object is created:\n\n```java\nEmployee emp = new Employee(\"Bob\", 50000);\n```\n\nAfter calling `emp.raiseSalary(10);`, what will be the new salary?",
		"choices": [
			{
				"key": "v1b2n3m4",
				"value": "55000.0"
			},
			{
				"key": "q5w6e7r8",
				"value": "50010.0"
			},
			{
				"key": "t9y0u1i2",
				"value": "60000.0"
			},
			{
				"key": "o3p4a5s6",
				"value": "5000.0"
			},
			{
				"key": "d7f8g9h0",
				"value": "None of the above"
			}
		],
		"answers": ["v1b2n3m4"],
		"illustration": "NotSet",
		"kind": "Group",
		"group_id": "M1N2O3P4",
		"order": 3,
		"question_type": "SingleChoice",
		"question_difficulty": "Hard",
		"key_concept": "Applying method logic",
		"answer_explanation": "A 10% increase on $50,000 is $5,000, so the new salary is $55,000.",
		"tags": ["methods", "calculations", "java"],
		"target": "Exam"
	}
]
