[
	{
		"answer_explanation": "The constructor correctly initializes the `name` and `age` instance variables using the provided parameters.",
		"answers": ["a1b2c3d4"],
		"choices": [
			{
				"key": "a1b2c3d4",
				"value": "public Person(String personName, int personAge) {\n    name = personName;\n    age = personAge;\n}"
			},
			{
				"key": "e5f6g7h8",
				"value": "public Person(String name, int age) {\n    this.name = name;\n    this.age = age;\n}"
			},
			{
				"key": "i9j0k1l2",
				"value": "public void Person(String name, int age) {\n    this.name = name;\n    this.age = age;\n}"
			},
			{
				"key": "m3n4o5p6",
				"value": "public Person() {\n    name = \"\";\n    age = 0;\n}"
			}
		],
		"group_id": "G1H2J3K4",
		"illustration": "Code",
		"key_concept": "constructors",
		"kind": "Group",
		"order": 1,
		"question": "Consider the following `Person` class:\n\n```java\npublic class Person {\n    private String name;\n    private int age;\n\n    // Constructor goes here\n}\n```\n\nWhich of the following represents a correct constructor implementation for the `Person` class?",
		"question_difficulty": "Easy",
		"question_type": "SingleChoice",
		"tags": ["java-constructors", "class-definition", "object-initialization"],
		"target": "Exam"
	},
	{
		"answer_explanation": "Option B correctly uses `this` keyword to differentiate between instance variables and parameters.",
		"answers": ["b2c3d4e5"],
		"choices": [
			{
				"key": "a1b2c3d4",
				"value": "name = name;\nage = age;"
			},
			{
				"key": "b2c3d4e5",
				"value": "this.name = name;\nthis.age = age;"
			},
			{
				"key": "c3d4e5f6",
				"value": "Person.name = name;\nPerson.age = age;"
			},
			{
				"key": "d4e5f6g7",
				"value": "name = this.name;\nage = this.age;"
			}
		],
		"group_id": "G1H2J3K4",
		"illustration": "NotSet",
		"key_concept": "this-keyword",
		"kind": "Group",
		"order": 2,
		"question": "In the constructor of the `Person` class, how can you differentiate between the instance variables and the constructor parameters?",
		"question_difficulty": "Medium",
		"question_type": "SingleChoice",
		"tags": ["this-keyword", "variable-scope", "object-initialization"],
		"target": "Exam"
	},
	{
		"answer_explanation": "Option C correctly overloads the `greet` method by changing its parameters.",
		"answers": ["c3d4e5f6"],
		"choices": [
			{
				"key": "a1b2c3d4",
				"value": "public void greet() {\n    System.out.println(\"Hello!\");\n}"
			},
			{
				"key": "b2c3d4e5",
				"value": "public int greet(String message) {\n    System.out.println(message);\n    return 0;\n}"
			},
			{
				"key": "c3d4e5f6",
				"value": "public void greet(String message) {\n    System.out.println(message);\n}"
			},
			{
				"key": "d4e5f6g7",
				"value": "public void greet(String message, int times) {\n    for(int i = 0; i < times; i++) {\n        System.out.println(message);\n    }\n}"
			}
		],
		"group_id": "G1H2J3K4",
		"illustration": "NotSet",
		"key_concept": "method-overloading",
		"kind": "Group",
		"order": 3,
		"question": "Which of the following method signatures correctly overloads the `greet` method in the `Person` class?",
		"question_difficulty": "Medium",
		"question_type": "SingleChoice",
		"tags": ["method-overloading", "class-methods", "java-methods"],
		"target": "Exam"
	},
	{
		"answer_explanation": "The `BankAccount` class encapsulates the `balance` variable by keeping it private and providing public methods to access and modify it.",
		"answers": ["f6g7h8i9"],
		"choices": [
			{
				"key": "a1b2c3d4",
				"value": "public double balance;"
			},
			{
				"key": "b2c3d4e5",
				"value": "protected double balance;"
			},
			{
				"key": "c3d4e5f6",
				"value": "double balance;"
			},
			{
				"key": "f6g7h8i9",
				"value": "private double balance;\npublic double getBalance() {\n    return balance;\n}\npublic void setBalance(double balance) {\n    this.balance = balance;\n}"
			}
		],
		"group_id": "L5M6N7O8",
		"illustration": "Code",
		"key_concept": "encapsulation",
		"kind": "Group",
		"order": 1,
		"question": "Examine the following `BankAccount` class:\n\n```java\npublic class BankAccount {\n    // Variable declaration\n}\n```\n\nWhich implementation correctly encapsulates the `balance` variable?",
		"question_difficulty": "Easy",
		"question_type": "SingleChoice",
		"tags": ["encapsulation", "access-modifiers", "data-privacy"],
		"target": "Exam"
	},
	{
		"answer_explanation": "Option D correctly modifies the `deposit` method to update the `balance` by adding the `amount` parameter.",
		"answers": ["d4e5f6g7"],
		"choices": [
			{
				"key": "a1b2c3d4",
				"value": "public void deposit(double amount) {\n    balance = amount;\n}"
			},
			{
				"key": "b2c3d4e5",
				"value": "public double deposit(double amount) {\n    return balance + amount;\n}"
			},
			{
				"key": "c3d4e5f6",
				"value": "public void deposit() {\n    balance += amount;\n}"
			},
			{
				"key": "d4e5f6g7",
				"value": "public void deposit(double amount) {\n    balance += amount;\n}"
			}
		],
		"group_id": "L5M6N7O8",
		"illustration": "NotSet",
		"key_concept": "mutator-methods",
		"kind": "Group",
		"order": 2,
		"question": "How should the `deposit` method be implemented to correctly add funds to the `balance`?",
		"question_difficulty": "Easy",
		"question_type": "SingleChoice",
		"tags": ["mutator-methods", "balance-update", "data-encapsulation"],
		"target": "Exam"
	},
	{
		"answer_explanation": "Option A correctly provides an accessor method to retrieve the `balance`.",
		"answers": ["a1b2c3d4"],
		"choices": [
			{
				"key": "a1b2c3d4",
				"value": "public double getBalance() {\n    return balance;\n}"
			},
			{
				"key": "b2c3d4e5",
				"value": "public void getBalance() {\n    System.out.println(balance);\n}"
			},
			{
				"key": "c3d4e5f6",
				"value": "public double retrieveBalance() {\n    return balance;\n}"
			},
			{
				"key": "d4e5f6g7",
				"value": "public double balance() {\n    return this.balance;\n}"
			}
		],
		"group_id": "L5M6N7O8",
		"illustration": "NotSet",
		"key_concept": "accessor-methods",
		"kind": "Group",
		"order": 3,
		"question": "Which method correctly serves as an accessor for the `balance` variable in the `BankAccount` class?",
		"question_difficulty": "Easy",
		"question_type": "SingleChoice",
		"tags": ["accessor-methods", "data-retrieval", "encapsulation"],
		"target": "Exam"
	},
	{
		"answer_explanation": "The `Car` class demonstrates encapsulation by keeping its fields private and providing public getter and setter methods.",
		"answers": ["e5f6g7h8"],
		"choices": [
			{
				"key": "a1b2c3d4",
				"value": "public class Car {\n    public String model;\n    public int year;\n}"
			},
			{
				"key": "b2c3d4e5",
				"value": "class Car {\n    String model;\n    int year;\n}"
			},
			{
				"key": "c3d4e5f6",
				"value": "public class Car {\n    private String model;\n    private int year;\n}"
			},
			{
				"key": "e5f6g7h8",
				"value": "public class Car {\n    private String model;\n    private int year;\n\n    public String getModel() {\n        return model;\n    }\n\n    public void setModel(String model) {\n        this.model = model;\n    }\n\n    public int getYear() {\n        return year;\n    }\n\n    public void setYear(int year) {\n        this.year = year;\n    }\n}"
			}
		],
		"group_id": "P9Q0R1S2",
		"illustration": "Code",
		"key_concept": "encapsulation",
		"kind": "Group",
		"order": 1,
		"question": "Which of the following `Car` class implementations correctly encapsulates its fields?",
		"question_difficulty": "Easy",
		"question_type": "SingleChoice",
		"tags": ["encapsulation", "class-design", "data-privacy"],
		"target": "Exam"
	},
	{
		"answer_explanation": "Option B correctly uses a constructor to initialize the `Car` object's `model` and `year`.",
		"answers": ["b2c3d4e5"],
		"choices": [
			{
				"key": "a1b2c3d4",
				"value": "public void Car(String model, int year) {\n    this.model = model;\n    this.year = year;\n}"
			},
			{
				"key": "b2c3d4e5",
				"value": "public Car(String model, int year) {\n    this.model = model;\n    this.year = year;\n}"
			},
			{
				"key": "c3d4e5f6",
				"value": "public Car() {\n    model = \"\";\n    year = 0;\n}"
			},
			{
				"key": "d4e5f6g7",
				"value": "public Car(String model) {\n    this.model = model;\n}"
			}
		],
		"group_id": "P9Q0R1S2",
		"illustration": "NotSet",
		"key_concept": "constructors",
		"kind": "Group",
		"order": 2,
		"question": "How should the constructor of the `Car` class be defined to initialize both `model` and `year`?",
		"question_difficulty": "Easy",
		"question_type": "SingleChoice",
		"tags": ["constructors", "object-initialization", "class-methods"],
		"target": "Exam"
	},
	{
		"answer_explanation": "Option D correctly defines getter and setter methods for both `model` and `year`.",
		"answers": ["d4e5f6g7"],
		"choices": [
			{
				"key": "a1b2c3d4",
				"value": "public String getModel() {\n    return model;\n}"
			},
			{
				"key": "b2c3d4e5",
				"value": "public void setYear(int year) {\n    this.year = year;\n}"
			},
			{
				"key": "c3d4e5f6",
				"value": "public String model() {\n    return model;\n}\npublic int year() {\n    return year;\n}"
			},
			{
				"key": "d4e5f6g7",
				"value": "public String getModel() {\n    return model;\n}\n\npublic void setModel(String model) {\n    this.model = model;\n}\n\npublic int getYear() {\n    return year;\n}\n\npublic void setYear(int year) {\n    this.year = year;\n}"
			}
		],
		"group_id": "P9Q0R1S2",
		"illustration": "NotSet",
		"key_concept": "accessor-mutator-methods",
		"kind": "Group",
		"order": 3,
		"question": "Which of the following implementations correctly provides both getter and setter methods for the `Car` class?",
		"question_difficulty": "Medium",
		"question_type": "SingleChoice",
		"tags": ["accessor-methods", "mutator-methods", "encapsulation"],
		"target": "Exam"
	},
	{
		"answer_explanation": "Option A correctly creates an instance of the `Rectangle` class using the constructor with width and height.",
		"answers": ["a1b2c3d4"],
		"choices": [
			{
				"key": "a1b2c3d4",
				"value": "Rectangle rect = new Rectangle(5, 10);"
			},
			{
				"key": "b2c3d4e5",
				"value": "Rectangle rect = Rectangle(5, 10);"
			},
			{
				"key": "c3d4e5f6",
				"value": "Rectangle rect = new Rectangle();\nrect.width = 5;\nrect.height = 10;"
			},
			{
				"key": "d4e5f6g7",
				"value": "Rectangle rect = Rectangle.new(5, 10);"
			}
		],
		"group_id": "T3U4V5W6",
		"illustration": "Code",
		"key_concept": "object-creation",
		"kind": "Group",
		"order": 1,
		"question": "Given the following `Rectangle` class:\n\n```java\npublic class Rectangle {\n    private int width;\n    private int height;\n\n    public Rectangle(int w, int h) {\n        width = w;\n        height = h;\n    }\n}\n```\n\nHow do you create a new `Rectangle` object with a width of 5 and a height of 10?",
		"question_difficulty": "Easy",
		"question_type": "SingleChoice",
		"tags": ["object-creation", "constructors", "class-initialization"],
		"target": "Exam"
	},
	{
		"answer_explanation": "Option C correctly calls the `getArea` method on the `rect` object to retrieve the area.",
		"answers": ["c3d4e5f6"],
		"choices": [
			{
				"key": "a1b2c3d4",
				"value": "int area = Rectangle.getArea();"
			},
			{
				"key": "b2c3d4e5",
				"value": "int area = getArea(rect);"
			},
			{
				"key": "c3d4e5f6",
				"value": "int area = rect.getArea();"
			},
			{
				"key": "d4e5f6g7",
				"value": "int area = getArea();"
			}
		],
		"group_id": "T3U4V5W6",
		"illustration": "Code",
		"key_concept": "method-calling",
		"kind": "Group",
		"order": 2,
		"question": "Assuming the `Rectangle` class has a method `public int getArea()`, how would you call this method on the `rect` object to get the area?",
		"question_difficulty": "Easy",
		"question_type": "SingleChoice",
		"tags": ["method-calling", "object-methods", "java-methods"],
		"target": "Exam"
	},
	{
		"answer_explanation": "Option D correctly implements the `getArea` method by multiplying `width` and `height`.",
		"answers": ["d4e5f6g7"],
		"choices": [
			{
				"key": "a1b2c3d4",
				"value": "public int getArea() {\n    return width + height;\n}"
			},
			{
				"key": "b2c3d4e5",
				"value": "public void getArea() {\n    return width * height;\n}"
			},
			{
				"key": "c3d4e5f6",
				"value": "public int calculateArea() {\n    return width * height;\n}"
			},
			{
				"key": "d4e5f6g7",
				"value": "public int getArea() {\n    return width * height;\n}"
			}
		],
		"group_id": "T3U4V5W6",
		"illustration": "NotSet",
		"key_concept": "method-implementation",
		"kind": "Group",
		"order": 3,
		"question": "How should the `getArea` method be implemented to correctly calculate the area of the rectangle?",
		"question_difficulty": "Medium",
		"question_type": "SingleChoice",
		"tags": ["method-implementation", "class-methods", "object-behavior"],
		"target": "Exam"
	},
	{
		"answer_explanation": "The `Student` class demonstrates encapsulation by keeping its fields private and providing public getter and setter methods.",
		"answers": ["g7h8i9j0"],
		"choices": [
			{
				"key": "a1b2c3d4",
				"value": "public class Student {\n    public String name;\n    public int id;\n}"
			},
			{
				"key": "b2c3d4e5",
				"value": "class Student {\n    String name;\n    int id;\n}"
			},
			{
				"key": "c3d4e5f6",
				"value": "public class Student {\n    private String name;\n    private int id;\n}"
			},
			{
				"key": "g7h8i9j0",
				"value": "public class Student {\n    private String name;\n    private int id;\n\n    public String getName() {\n        return name;\n    }\n\n    public void setName(String name) {\n        this.name = name;\n    }\n\n    public int getId() {\n        return id;\n    }\n\n    public void setId(int id) {\n        this.id = id;\n    }\n}"
			}
		],
		"group_id": "K1L2M3N4",
		"illustration": "Code",
		"key_concept": "encapsulation",
		"kind": "Group",
		"order": 1,
		"question": "Which of the following `Student` class implementations correctly encapsulates its fields?",
		"question_difficulty": "Easy",
		"question_type": "SingleChoice",
		"tags": ["encapsulation", "class-design", "data-privacy"],
		"target": "Exam"
	},
	{
		"answer_explanation": "Option B correctly initializes the `Student` object with the provided `name` and `id` using the constructor.",
		"answers": ["b2c3d4e5"],
		"choices": [
			{
				"key": "a1b2c3d4",
				"value": "public Student(String name) {\n    this.name = name;\n}"
			},
			{
				"key": "b2c3d4e5",
				"value": "public Student(String name, int id) {\n    this.name = name;\n    this.id = id;\n}"
			},
			{
				"key": "c3d4e5f6",
				"value": "public Student() {\n    name = \"\";\n    id = 0;\n}"
			},
			{
				"key": "d4e5f6g7",
				"value": "public Student(int id) {\n    this.id = id;\n}"
			}
		],
		"group_id": "K1L2M3N4",
		"illustration": "NotSet",
		"key_concept": "constructors",
		"kind": "Group",
		"order": 2,
		"question": "How should the constructor of the `Student` class be defined to initialize both `name` and `id`?",
		"question_difficulty": "Easy",
		"question_type": "SingleChoice",
		"tags": ["constructors", "object-initialization", "class-methods"],
		"target": "Exam"
	},
	{
		"answer_explanation": "Option D correctly implements both getter and setter methods for `name` and `id`.",
		"answers": ["d4e5f6g7"],
		"choices": [
			{
				"key": "a1b2c3d4",
				"value": "public String getName() {\n    return name;\n}"
			},
			{
				"key": "b2c3d4e5",
				"value": "public void setId(int id) {\n    this.id = id;\n}"
			},
			{
				"key": "c3d4e5f6",
				"value": "public String name() {\n    return name;\n}\npublic int id() {\n    return id;\n}"
			},
			{
				"key": "d4e5f6g7",
				"value": "public String getName() {\n    return name;\n}\n\npublic void setName(String name) {\n    this.name = name;\n}\n\npublic int getId() {\n    return id;\n}\n\npublic void setId(int id) {\n    this.id = id;\n}"
			}
		],
		"group_id": "K1L2M3N4",
		"illustration": "NotSet",
		"key_concept": "accessor-mutator-methods",
		"kind": "Group",
		"order": 3,
		"question": "Which of the following implementations correctly provides both getter and setter methods for the `Student` class?",
		"question_difficulty": "Medium",
		"question_type": "SingleChoice",
		"tags": ["accessor-methods", "mutator-methods", "encapsulation"],
		"target": "Exam"
	},
	{
		"answer_explanation": "The `Library` class demonstrates encapsulation by keeping the `books` array private and providing methods to manipulate it.",
		"answers": ["h8i9j0k1"],
		"choices": [
			{
				"key": "a1b2c3d4",
				"value": "public class Library {\n    public String[] books;\n}"
			},
			{
				"key": "b2c3d4e5",
				"value": "class Library {\n    String[] books;\n}"
			},
			{
				"key": "c3d4e5f6",
				"value": "public class Library {\n    private String[] books;\n}"
			},
			{
				"key": "h8i9j0k1",
				"value": "public class Library {\n    private String[] books;\n\n    public Library(int size) {\n        books = new String[size];\n    }\n\n    public void addBook(String book) {\n        for(int i = 0; i < books.length; i++) {\n            if(books[i] == null) {\n                books[i] = book;\n                break;\n            }\n        }\n    }\n\n    public String getBook(int index) {\n        if(index >= 0 && index < books.length) {\n            return books[index];\n        }\n        return null;\n    }\n}"
			}
		],
		"group_id": "U2V3W4X5",
		"illustration": "Code",
		"key_concept": "encapsulation",
		"kind": "Group",
		"order": 1,
		"question": "Which `Library` class implementation correctly encapsulates the `books` array and provides methods to add and retrieve books?",
		"question_difficulty": "Easy",
		"question_type": "SingleChoice",
		"tags": ["encapsulation", "class-design", "data-privacy"],
		"target": "Exam"
	},
	{
		"answer_explanation": "Option B correctly initializes the `Library` object with a specified size for the `books` array using the constructor.",
		"answers": ["b2c3d4e5"],
		"choices": [
			{
				"key": "a1b2c3d4",
				"value": "public Library() {\n    books = new String[10];\n}"
			},
			{
				"key": "b2c3d4e5",
				"value": "public Library(int size) {\n    books = new String[size];\n}"
			},
			{
				"key": "c3d4e5f6",
				"value": "public void Library(int size) {\n    books = new String[size];\n}"
			},
			{
				"key": "d4e5f6g7",
				"value": "public Library(String[] books) {\n    this.books = books;\n}"
			}
		],
		"group_id": "U2V3W4X5",
		"illustration": "NotSet",
		"key_concept": "constructors",
		"kind": "Group",
		"order": 2,
		"question": "How should the constructor of the `Library` class be defined to initialize the `books` array with a specified size?",
		"question_difficulty": "Easy",
		"question_type": "SingleChoice",
		"tags": ["constructors", "object-initialization", "class-methods"],
		"target": "Exam"
	},
	{
		"answer_explanation": "Option D correctly implements the `addBook` method by iterating through the `books` array and adding the book to the first available slot.",
		"answers": ["d4e5f6g7"],
		"choices": [
			{
				"key": "a1b2c3d4",
				"value": "public void addBook(String book) {\n    books[0] = book;\n}"
			},
			{
				"key": "b2c3d4e5",
				"value": "public void addBook(String book) {\n    for(String b : books) {\n        b = book;\n    }\n}"
			},
			{
				"key": "c3d4e5f6",
				"value": "public void addBook(String book) {\n    books[books.length] = book;\n}"
			},
			{
				"key": "d4e5f6g7",
				"value": "public void addBook(String book) {\n    for(int i = 0; i < books.length; i++) {\n        if(books[i] == null) {\n            books[i] = book;\n            break;\n        }\n    }\n}"
			}
		],
		"group_id": "U2V3W4X5",
		"illustration": "NotSet",
		"key_concept": "mutator-methods",
		"kind": "Group",
		"order": 3,
		"question": "How should the `addBook` method be implemented to add a book to the first available slot in the `books` array?",
		"question_difficulty": "Medium",
		"question_type": "SingleChoice",
		"tags": ["mutator-methods", "array-manipulation", "class-methods"],
		"target": "Exam"
	}
]
