{
	"$schema": "http://json-schema.org/draft-07/schema#",
	"title": "BookingDetails",
	"type": "object",
	"properties": {
		"booking_type": {
			"type": "string",
			"minLength": 1,
			"maxLength": 255,
			"enum": ["Mentoring", "Tutoring", "Interviewing"],
			"pattern": "^(?!0$).*$"
		},
		"topic": {
			"type": "string",
			"minLength": 1,
			"maxLength": 255,
			"pattern": "^(?!0$).*$"
		},
		"summary": {
			"type": "string",
			"minLength": 8,
			"maxLength": 1024
		}
	},
	"required": ["booking_type", "topic", "summary"]
}
