{
	"$schema": "http://json-schema.org/draft-07/schema#",
	"type": "object",
	"properties": {
		"name": {
			"type": "string",
			"minLength": 1,
			"maxLength": 255,
			"description": "The name of the course."
		},
		"slug": {
			"type": "string",
			"minLength": 1,
			"maxLength": 255,
			"description": "A URL-friendly slug for the course."
		},
		"tags": {
			"type": "string",
			"minLength": 1,
			"maxLength": 255,
			"description": "Tags for filtering courses"
		},
		"meta_description": {
			"type": "string",
			"minLength": 1,
			"maxLength": 160,
			"description": "Meta description for SEO purposes."
		},
		"summary": {
			"type": "string",
			"minLength": 1,
			"maxLength": 2048,
			"description": "A short summary of the course."
		},
		"metadata": {
			"type": "array",
			"description": "Additional metadata for the course.",
			"items": {
				"type": "object",
				"properties": {
					"key": {
						"type": "string",
						"minLength": 1,
						"maxLength": 64,
						"description": "The metadata key."
					},
					"value": {
						"type": "string",
						"minLength": 1,
						"maxLength": 255,
						"description": "The metadata value associated with the key."
					}
				},
				"required": ["key", "value"]
			}
		},
		"disclaimer": {
			"type": ["string", "null"],
			"maxLength": 512,
			"description": "Any disclaimers associated with the course, if provided."
		},
		"intent": {
			"type": ["string", "null"],
			"maxLength": 512,
			"description": "The main intent or purpose of the course, if provided."
		},
		"restricted_words": {
			"type": ["array", "null"],
			"description": "A list of restricted words for the course, if provided.",
			"items": {
				"type": "string",
				"maxLength": 512
			}
		}
	},
	"required": ["name", "slug", "meta_description", "summary", "metadata", "tags"]
}
