{
	"$schema": "http://json-schema.org/draft-07/schema#",
	"type": "array",
	"items": {
		"type": "object",
		"properties": {
			"question": {
				"type": "string",
				"minLength": 1,
				"maxLength": 1024,
				"description": "The text of the question being asked"
			},
			"choices": {
				"type": "array",
				"items": {
					"type": "object",
					"properties": {
						"key": {
							"type": "string",
							"minLength": 4,
							"maxLength": 4,
							"description": "alphanumeric random key to identify the choice"
						},
						"value": {
							"type": "string",
							"minLength": 1,
							"maxLength": 1024,
							"description": "The textual value associated with the choice"
						}
					},
					"required": ["key", "value"]
				},
				"minItems": 2,
				"maxItems": 6,
				"description": "A list of possible answer choices for the question"
			},
			"answers": {
				"type": "array",
				"items": {
					"type": "string",
					"minLength": 4,
					"maxLength": 4,
					"description": "The correct answer(s) for the question. Must be one or more of the choice keys"
				},
				"minItems": 1,
				"description": "A list of correct answers for the question"
			},
			"question_type": {
				"type": "string",
				"enum": [
					"MultipleChoice",
					"SingleChoice",
					"TrueFalse",
					"FillInTheBlank",
					"ShortAnswer",
					"LongAnswer"
				],
				"description": "The type of the question (e.g., multiple choice, single choice, true/false)"
			},
			"key_concept": {
				"type": "string",
				"minLength": 1,
				"maxLength": 512,
				"description": "The key concept that the question is testing"
			},
			"question_difficulty": {
				"type": "string",
				"enum": ["Easy", "Medium", "Hard"],
				"description": "The difficulty level of the question"
			},
			"answer_explanation": {
				"type": "string",
				"minLength": 1,
				"maxLength": 512,
				"description": "An explanation for the correct answer(s) to help the learner"
			}
		},
		"required": [
			"question",
			"choices",
			"answers",
			"question_type",
			"key_concept",
			"question_difficulty",
			"answer_explanation"
		]
	}
}
