{
	"$schema": "http://json-schema.org/draft-07/schema#",
	"type": "array",
	"items": {
		"type": "object",
		"properties": {
			"name": {
				"type": "string",
				"minLength": 1,
				"maxLength": 255
			},
			"meta_description": {
				"type": "string",
				"minLength": 1,
				"maxLength": 160
			},
			"markdown": {
				"type": "string",
				"minLength": 1,
				"maxLength": 65535
			},
			"tags": {
				"type": "array",
				"items": {
					"type": "string",
					"minLength": 1,
					"maxLength": 255
				}
			},
			"scope": {
				"type": "string",
				"enum": ["Public", "Authenticated", "Paid", "Restricted", "Hidden"]
			},
			"slug": {
				"type": "string",
				"minLength": 1,
				"maxLength": 255
			},
			"topic_number": {
				"type": "integer",
				"minimum": 1
			},
			"summary": {
				"type": "string",
				"minLength": 1,
				"maxLength": 1024
			}
		},
		"required": ["name", "meta_description", "markdown", "tags", "scope", "slug", "topic_number", "summary"]
	}
}
