{
	"$schema": "http://json-schema.org/draft-07/schema#",
	"type": "array",
	"items": {
		"type": "object",
		"properties": {
			"name": {
				"type": "string",
				"minLength": 1,
				"maxLength": 255,
				"description": "The name of the unit"
			},
			"description": {
				"type": "string",
				"minLength": 1,
				"maxLength": 160,
				"description": "A 160-char or less HTML meta description of the unit"
			},
			"slug": {
				"type": "string",
				"minLength": 1,
				"maxLength": 255,
				"description": "A URL-friendly slug for the unit"
			},
			"metadata": {
				"type": "array",
				"items": {
					"type": "object",
					"properties": {
						"key": {
							"type": "string",
							"minLength": 1,
							"maxLength": 64,
							"description": "The metadata key"
						},
						"value": {
							"type": "array",
							"items": {
								"type": "string",
								"minLength": 1,
								"maxLength": 255
							},
							"description": "A list of metadata values associated with the key"
						}
					},
					"required": ["key", "value"]
				},
				"description": "Additional key-value metadata for the unit"
			},
			"unit_number": {
				"type": "integer",
				"minimum": 1,
				"description": "The number representing the unit"
			}
		},
		"required": ["name", "description", "slug", "metadata", "unit_number"]
	}
}
