{
	"/": [
		"src/routes/+page.ts",
		"src/routes/+layout.ts",
		"src/routes/+layout.ts"
	],
	"/chats": [
		"src/routes/chats/+page.ts",
		"src/routes/+layout.ts"
	],
	"/courses": [
		"src/routes/courses/+page.ts",
		"src/routes/+layout.ts"
	],
	"/practice/[slug]": [
		"src/routes/practice/[slug]/+page.ts",
		"src/routes/+layout.ts"
	],
	"/results": [
		"src/routes/results/+page.ts",
		"src/routes/+layout.ts"
	],
	"/result/[...slug]": [
		"src/routes/result/[...slug]/+page.ts",
		"src/routes/+layout.ts"
	],
	"/topic/[...slug]": [
		"src/routes/topic/[...slug]/+page.ts",
		"src/routes/+layout.ts"
	],
	"/units/[slug]": [
		"src/routes/units/[slug]/+page.ts",
		"src/routes/+layout.ts"
	]
}