{
  "$schema": "http://json-schema.org/draft-07/schema#",
  "title": "CourseContext",
  "type": "object",
  "required": [
    "course_slug",
    "metadata",
    "name",
    "units"
  ],
  "properties": {
    "course_slug": {
      "type": "string"
    },
    "metadata": {
      "type": "array",
      "items": {
        "$ref": "#/definitions/MetadataContext"
      }
    },
    "name": {
      "type": "string"
    },
    "units": {
      "type": "array",
      "items": {
        "$ref": "#/definitions/UnitContext"
      }
    }
  },
  "definitions": {
    "MetadataContext": {
      "type": "object",
      "required": [
        "key",
        "value"
      ],
      "properties": {
        "key": {
          "type": "string"
        },
        "value": {
          "type": "string"
        }
      }
    },
    "TopicContext": {
      "type": "object",
      "required": [
        "metadata",
        "name",
        "topic_slug"
      ],
      "properties": {
        "metadata": {
          "type": "array",
          "items": {
            "$ref": "#/definitions/MetadataContext"
          }
        },
        "name": {
          "type": "string"
        },
        "topic_slug": {
          "type": "string"
        }
      }
    },
    "UnitContext": {
      "type": "object",
      "required": [
        "metadata",
        "name",
        "topics",
        "unit_slug"
      ],
      "properties": {
        "metadata": {
          "type": "array",
          "items": {
            "$ref": "#/definitions/MetadataContext"
          }
        },
        "name": {
          "type": "string"
        },
        "topics": {
          "type": "array",
          "items": {
            "$ref": "#/definitions/TopicContext"
          }
        },
        "unit_slug": {
          "type": "string"
        }
      }
    }
  }
}