[
	{
		"course_slug": "ap-computer-science-a",
		"unit_slug": "2d-arrays",
		"generated_path": "./generated/2d-array-single-2.json"
	},
	{
		"course_slug": "ap-computer-science-a",
		"unit_slug": "2d-arrays",
		"generated_path": "./generated/2d-array-single.json"
	},
	{
		"course_slug": "ap-computer-science-a",
		"unit_slug": "arrays",
		"generated_path": "./generated/array-algorithm-single.json"
	},
	{
		"course_slug": "ap-computer-science-a",
		"unit_slug": "arraylist",
		"generated_path": "./generated/arraylist-single-2.json"
	},
	{
		"course_slug": "ap-computer-science-a",
		"unit_slug": "arraylist",
		"generated_path": "./generated/arraylist-single-3-1.json"
	},
	{
		"course_slug": "ap-computer-science-a",
		"unit_slug": "arraylist",
		"generated_path": "./generated/arraylist-single-3.json"
	},
	{
		"course_slug": "ap-computer-science-a",
		"unit_slug": "arraylist",
		"generated_path": "./generated/arraylist-single.json"
	},
	{
		"course_slug": "ap-computer-science-a",
		"unit_slug": "inheritance",
		"generated_path": "./generated/banner-inheritance.json"
	},
	{
		"course_slug": "ap-computer-science-a",
		"unit_slug": "boolean-expressions-if-statements",
		"generated_path": "./generated/boolean-single.json"
	},
	{
		"course_slug": "ap-computer-science-a",
		"unit_slug": "writing-classes",
		"generated_path": "./generated/classes-single-2.json"
	},
	{
		"course_slug": "ap-computer-science-a",
		"unit_slug": "writing-classes",
		"generated_path": "./generated/classes-single.json"
	},

	{
		"course_slug": "ap-computer-science-a",
		"unit_slug": "using-objects",
		"generated_path": "./generated/objects-single.json"
	},

	{
		"course_slug": "ap-computer-science-a",
		"unit_slug": "recursion",
		"generated_path": "./generated/recursion-single.json"
	},
	{
		"course_slug": "ap-computer-science-a",
		"unit_slug": "using-objects",
		"generated_path": "./generated/string-single.json"
	},
	{
		"course_slug": "ap-computer-science-a",
		"unit_slug": "writing-classes",
		"generated_path": "./generated/writing-classes-2.json"
	},
	{
		"course_slug": "ap-computer-science-a",
		"unit_slug": "writing-classes",
		"generated_path": "./generated/writing-classes.json"
	}
]
