{
	"questions": [
		{
			"question": "Consider the following Java class structure for a simple bank account system.",
			"question_type": "MultipleChoice",
			"choices": [
				{
					"key": "a1b2c3d4",
					"value": "```java\npublic class BankAccount {\n    private String accountHolder;\n    private double balance;\n\n    public BankAccount(String holder, double initialBalance) {\n        accountHolder = holder;\n        balance = initialBalance;\n    }\n\n    public void deposit(double amount) {\n        balance += amount;\n    }\n\n    public void withdraw(double amount) {\n        balance -= amount;\n    }\n\n    public double getBalance() {\n        return balance;\n    }\n}\n```"
				}
			],
			"answers": ["a1b2c3d4"],
			"illustration": "Code",
			"group_id": "b4d7e8f9",
			"order": 1,
			"kind": "Group",
			"question_difficulty": "Easy",
			"target": "Exercise",
			"answer_explanation": "This code snippet shows a basic class structure for a bank account with fields, a constructor, and methods.",
			"key_concept": "Class Structure",
			"tags": ["java-classes", "bank-account", "class-structure"]
		},
		{
			"question": "What is the purpose of the constructor in the `BankAccount` class?",
			"question_type": "SingleChoice",
			"choices": [
				{ "key": "e5f6g7h8", "value": "To initialize the account holder and balance." },
				{ "key": "i9j0k1l2", "value": "To perform operations like deposit and withdraw." },
				{ "key": "m3n4o5p6", "value": "To retrieve the current balance." },
				{ "key": "q7r8s9t0", "value": "To set the account holder's name only." }
			],
			"answers": ["e5f6g7h8"],
			"illustration": "NotSet",
			"group_id": "b4d7e8f9",
			"order": 2,
			"kind": "Group",
			"question_difficulty": "Medium",
			"target": "Exercise",
			"answer_explanation": "The constructor initializes the account holder and balance when a new `BankAccount` object is created.",
			"key_concept": "Constructor",
			"tags": ["java-constructor", "object-initialization", "bank-account"]
		},
		{
			"question": "Why is encapsulation important in the `BankAccount` class?",
			"question_type": "MultipleChoice",
			"choices": [
				{ "key": "u1v2w3x4", "value": "It protects the balance from being accessed directly." },
				{ "key": "y5z6a7b8", "value": "It allows the account holder to be modified directly." },
				{ "key": "c9d0e1f2", "value": "It ensures that operations on the balance are done through defined methods." },
				{ "key": "g3h4i5j6", "value": "It makes the class more readable." }
			],
			"answers": ["u1v2w3x4", "c9d0e1f2"],
			"illustration": "NotSet",
			"group_id": "b4d7e8f9",
			"order": 3,
			"kind": "Group",
			"question_difficulty": "Hard",
			"target": "Exercise",
			"answer_explanation": "Encapsulation restricts direct access to the balance, ensuring all changes are made through controlled methods.",
			"key_concept": "Encapsulation",
			"tags": ["encapsulation", "data-privacy", "java-classes"]
		},
		{
			"question": "Given the following Java code snippet for a library book system, identify the correct implementation of the constructor.",
			"question_type": "MultipleChoice",
			"choices": [
				{
					"key": "k7l8m9n0",
					"value": "```java\npublic class Book {\n    private String title;\n    private String author;\n\n    public Book(String bookTitle, String bookAuthor) {\n        title = bookTitle;\n        author = bookAuthor;\n    }\n}\n```"
				},
				{
					"key": "o1p2q3r4",
					"value": "```java\npublic class Book {\n    private String title;\n    private String author;\n\n    public Book(String bookTitle, String bookAuthor) {\n        bookTitle = title;\n        bookAuthor = author;\n    }\n}\n```"
				},
				{
					"key": "s5t6u7v8",
					"value": "```java\npublic class Book {\n    private String title;\n    private String author;\n\n    public Book() {\n        title = \"Unknown\";\n        author = \"Unknown\";\n    }\n}\n```"
				},
				{
					"key": "w9x0y1z2",
					"value": "```java\npublic class Book {\n    private String title;\n    private String author;\n\n    public Book(String bookTitle, String bookAuthor) {\n        this.title = bookTitle;\n        this.author = bookAuthor;\n    }\n}\n```"
				}
			],
			"answers": ["k7l8m9n0", "w9x0y1z2"],
			"illustration": "Code",
			"group_id": "z1x2c3v4",
			"order": 1,
			"kind": "Group",
			"question_difficulty": "Medium",
			"target": "Exercise",
			"answer_explanation": "Both implementations correctly initialize the title and author using the constructor parameters.",
			"key_concept": "Constructor",
			"tags": ["java-constructor", "library-system", "book-class"]
		},
		{
			"question": "What is the role of the `getTitle` method in the `Book` class?",
			"question_type": "SingleChoice",
			"choices": [
				{ "key": "a2b3c4d5", "value": "To modify the title of the book." },
				{ "key": "e6f7g8h9", "value": "To retrieve the title of the book." },
				{ "key": "i0j1k2l3", "value": "To set a default title for the book." },
				{ "key": "m4n5o6p7", "value": "To compare the title with another book." }
			],
			"answers": ["e6f7g8h9"],
			"illustration": "NotSet",
			"group_id": "z1x2c3v4",
			"order": 2,
			"kind": "Group",
			"question_difficulty": "Easy",
			"target": "Exercise",
			"answer_explanation": "The `getTitle` method is an accessor method used to retrieve the title of the book.",
			"key_concept": "Accessor Method",
			"tags": ["accessor-method", "java-methods", "book-class"]
		},
		{
			"question": "How does the `setAuthor` method contribute to encapsulation in the `Book` class?",
			"question_type": "MultipleChoice",
			"choices": [
				{ "key": "q8r9s0t1", "value": "It allows controlled modification of the author." },
				{ "key": "u2v3w4x5", "value": "It prevents direct access to the author variable." },
				{ "key": "y6z7a8b9", "value": "It ensures the author can only be set once." },
				{ "key": "c0d1e2f3", "value": "It makes the class less flexible." }
			],
			"answers": ["q8r9s0t1", "u2v3w4x5"],
			"illustration": "NotSet",
			"group_id": "z1x2c3v4",
			"order": 3,
			"kind": "Group",
			"question_difficulty": "Hard",
			"target": "Exercise",
			"answer_explanation": "The `setAuthor` method allows for controlled changes to the author, maintaining data privacy.",
			"key_concept": "Mutator Method",
			"tags": ["mutator-method", "encapsulation", "java-methods"]
		}
	]
}
