{"course":{"slug":"ap-computer-science-principles","name":"Ap Computer Science Principles","user_prompt":"Develop Ap Computer Science Principles course for High School Student in json format using the given schema. More info that you must use in generating the content: {additional_context}","system_prompt":"You are an expert Ap Computer Science Principles course author. Use active voice and short, simple sentences that a High School Student can understand. You have to generate the content in json format. Strictly follow the provided schema for your responses. Use additional context to fill the metadata field. ","json_schema":{"name":"CourseRequestModel","schema":{"definitions":{"KeyValue":{"type":"object","required":["key","value"],"properties":{"key":{"type":"string","maxLength":64,"minLength":1},"value":{"type":"string","maxLength":2048,"minLength":1}}}},"properties":{"disclaimer":{"type":["string","null"]},"intent":{"type":["string","null"]},"meta_description":{"type":"string","maxLength":156,"minLength":64},"metadata":{"type":"array","items":{"$ref":"#/definitions/KeyValue"},"maxItems":16,"minItems":1},"name":{"type":"string","maxLength":64,"minLength":8},"restricted_words":{"type":["array","null"],"items":{"type":"string"}},"slug":{"type":"string","maxLength":64,"minLength":4},"summary":{"type":"string","maxLength":2048,"minLength":64},"tags":{"type":"string","maxLength":256,"minLength":4}},"type":"object","required":["meta_description","metadata","name","slug","summary","tags"]}}},"units":[{"unit":{"slug":"big-idea-2-data","name":"Big Idea 2: Data","user_prompt":"Generate content for course: Ap Computer Science Principles unit: Big Idea 2: Data per system instructions. More info that you must use in generating the content: {additional_context}","system_prompt":"You are an expert Ap Computer Science Principles course author. Use active voice and short, simple sentences that a High School Student can understand. You have to generate the content in json format. Strictly follow the provided schema for your responses. Use additional context to fill the metadata field.","json_schema":{"name":"UnitUploadModel","schema":{"definitions":{"KeyValues":{"type":"object","required":["key","value"],"properties":{"key":{"type":"string"},"value":{"type":"array","items":{"type":"string"}}}}},"properties":{"description":{"type":"string","maxLength":156,"minLength":64},"metadata":{"type":"array","items":{"$ref":"#/definitions/KeyValues"},"maxItems":16,"minItems":1},"name":{"type":"string","maxLength":64,"minLength":1},"slug":{"type":"string","maxLength":64,"minLength":4},"unit_number":{"type":"integer","format":"uint32","maximum":256.0,"minimum":1.0}},"type":"object","required":["description","metadata","name","slug","unit_number"]}}},"topics":[{"slug":"binary-numbers","name":"Binary Numbers","user_prompt":"Generate content for course: Ap Computer Science Principles unit: Big Idea 2: Data, topic: Binary Numbers, per system instructions. Learning objectives (LO) and essential knowledge (EK): {additional_context}","system_prompt":"You are an expert Ap Computer Science Principles course author and you are helping me write tutorials. Read and follow the following instructions carefully: I am developing an application that's why I need you to generate the content in json format. Strictly conform to the associated json schema in this request to generate the json. Use active voice and short, simple sentences that a High School Student can understand. Show, don't tell. Use code fragments and real-world examples. Explain why this topic is necessary for the exam. In the markdown field, generate json-safe content in markdown syntax. Maintain a well-formatted hierarchy and structure starting with an h2, without including the name field as the header. Start with a short overview of the contents, summarize essential knowledge (EK) and learning objectives (LO) after the overview without using alphanuemrical codes, and end with a conclusion. Ensure that we explain all the listed concepts using analogies and simple code examples, and provide practical uses.","json_schema":{"name":"TopicCreateModel","schema":{"definitions":{"TopicScope":{"type":"string","enum":["Public","Authenticated","Paid","Restricted","Hidden"]}},"properties":{"markdown":{"type":"string","maxLength":10192,"minLength":1024},"meta_description":{"type":"string","maxLength":156,"minLength":64},"name":{"type":"string","maxLength":64,"minLength":1},"scope":{"$ref":"#/definitions/TopicScope"},"slug":{"type":"string","maxLength":64,"minLength":4},"summary":{"type":"string","maxLength":1024,"minLength":256},"tags":{"type":"array","items":{"type":"string"},"maxItems":8,"minItems":1},"topic_number":{"type":"integer","format":"uint32","maximum":256.0,"minimum":1.0}},"type":"object","required":["markdown","meta_description","name","scope","slug","summary","tags","topic_number"]}}},{"slug":"data-compression","name":"Data Compression","user_prompt":"Generate content for course: Ap Computer Science Principles unit: Big Idea 2: Data, topic: Data Compression, per system instructions. Learning objectives (LO) and essential knowledge (EK): {additional_context}","system_prompt":"You are an expert Ap Computer Science Principles course author and you are helping me write tutorials. Read and follow the following instructions carefully: I am developing an application that's why I need you to generate the content in json format. Strictly conform to the associated json schema in this request to generate the json. Use active voice and short, simple sentences that a High School Student can understand. Show, don't tell. Use code fragments and real-world examples. Explain why this topic is necessary for the exam. In the markdown field, generate json-safe content in markdown syntax. Maintain a well-formatted hierarchy and structure starting with an h2, without including the name field as the header. Start with a short overview of the contents, summarize essential knowledge (EK) and learning objectives (LO) after the overview without using alphanuemrical codes, and end with a conclusion. Ensure that we explain all the listed concepts using analogies and simple code examples, and provide practical uses.","json_schema":{"name":"TopicCreateModel","schema":{"definitions":{"TopicScope":{"type":"string","enum":["Public","Authenticated","Paid","Restricted","Hidden"]}},"properties":{"markdown":{"type":"string","maxLength":10192,"minLength":1024},"meta_description":{"type":"string","maxLength":156,"minLength":64},"name":{"type":"string","maxLength":64,"minLength":1},"scope":{"$ref":"#/definitions/TopicScope"},"slug":{"type":"string","maxLength":64,"minLength":4},"summary":{"type":"string","maxLength":1024,"minLength":256},"tags":{"type":"array","items":{"type":"string"},"maxItems":8,"minItems":1},"topic_number":{"type":"integer","format":"uint32","maximum":256.0,"minimum":1.0}},"type":"object","required":["markdown","meta_description","name","scope","slug","summary","tags","topic_number"]}}},{"slug":"extracting-information-from-data","name":"Extracting Information from Data","user_prompt":"Generate content for course: Ap Computer Science Principles unit: Big Idea 2: Data, topic: Extracting Information from Data, per system instructions. Learning objectives (LO) and essential knowledge (EK): {additional_context}","system_prompt":"You are an expert Ap Computer Science Principles course author and you are helping me write tutorials. Read and follow the following instructions carefully: I am developing an application that's why I need you to generate the content in json format. Strictly conform to the associated json schema in this request to generate the json. Use active voice and short, simple sentences that a High School Student can understand. Show, don't tell. Use code fragments and real-world examples. Explain why this topic is necessary for the exam. In the markdown field, generate json-safe content in markdown syntax. Maintain a well-formatted hierarchy and structure starting with an h2, without including the name field as the header. Start with a short overview of the contents, summarize essential knowledge (EK) and learning objectives (LO) after the overview without using alphanuemrical codes, and end with a conclusion. Ensure that we explain all the listed concepts using analogies and simple code examples, and provide practical uses.","json_schema":{"name":"TopicCreateModel","schema":{"definitions":{"TopicScope":{"type":"string","enum":["Public","Authenticated","Paid","Restricted","Hidden"]}},"properties":{"markdown":{"type":"string","maxLength":10192,"minLength":1024},"meta_description":{"type":"string","maxLength":156,"minLength":64},"name":{"type":"string","maxLength":64,"minLength":1},"scope":{"$ref":"#/definitions/TopicScope"},"slug":{"type":"string","maxLength":64,"minLength":4},"summary":{"type":"string","maxLength":1024,"minLength":256},"tags":{"type":"array","items":{"type":"string"},"maxItems":8,"minItems":1},"topic_number":{"type":"integer","format":"uint32","maximum":256.0,"minimum":1.0}},"type":"object","required":["markdown","meta_description","name","scope","slug","summary","tags","topic_number"]}}},{"slug":"using-programs-with-data","name":"Using Programs with Data","user_prompt":"Generate content for course: Ap Computer Science Principles unit: Big Idea 2: Data, topic: Using Programs with Data, per system instructions. Learning objectives (LO) and essential knowledge (EK): {additional_context}","system_prompt":"You are an expert Ap Computer Science Principles course author and you are helping me write tutorials. Read and follow the following instructions carefully: I am developing an application that's why I need you to generate the content in json format. Strictly conform to the associated json schema in this request to generate the json. Use active voice and short, simple sentences that a High School Student can understand. Show, don't tell. Use code fragments and real-world examples. Explain why this topic is necessary for the exam. In the markdown field, generate json-safe content in markdown syntax. Maintain a well-formatted hierarchy and structure starting with an h2, without including the name field as the header. Start with a short overview of the contents, summarize essential knowledge (EK) and learning objectives (LO) after the overview without using alphanuemrical codes, and end with a conclusion. Ensure that we explain all the listed concepts using analogies and simple code examples, and provide practical uses.","json_schema":{"name":"TopicCreateModel","schema":{"definitions":{"TopicScope":{"type":"string","enum":["Public","Authenticated","Paid","Restricted","Hidden"]}},"properties":{"markdown":{"type":"string","maxLength":10192,"minLength":1024},"meta_description":{"type":"string","maxLength":156,"minLength":64},"name":{"type":"string","maxLength":64,"minLength":1},"scope":{"$ref":"#/definitions/TopicScope"},"slug":{"type":"string","maxLength":64,"minLength":4},"summary":{"type":"string","maxLength":1024,"minLength":256},"tags":{"type":"array","items":{"type":"string"},"maxItems":8,"minItems":1},"topic_number":{"type":"integer","format":"uint32","maximum":256.0,"minimum":1.0}},"type":"object","required":["markdown","meta_description","name","scope","slug","summary","tags","topic_number"]}}}]}]}