{
	"course": {
		"slug": "ap-computer-science-a",
		"name": "AP Computer Science A",
		"user_prompt": "Develop AP Computer Science A course for High School Student in json format using the given schema. Syllabus: {additional_context}",
		"system_prompt": "You are an expert AP Computer Science A course author. Use active voice and short, simple sentences that a High School Student can understand. You have to generate the content in json format. Strictly follow the provided schema for your responses. Use additional context to fill the metadata field. ",
		"json_schema": {
			"name": "CourseRequestModel",
			"schema": {
				"definitions": {
					"KeyValue": {
						"type": "object",
						"required": ["key", "value"],
						"properties": {
							"key": { "type": "string", "maxLength": 64, "minLength": 1 },
							"value": { "type": "string", "maxLength": 2048, "minLength": 1 }
						}
					}
				},
				"properties": {
					"disclaimer": { "type": ["string", "null"] },
					"intent": { "type": ["string", "null"] },
					"meta_description": { "type": "string", "maxLength": 156, "minLength": 64 },
					"metadata": { "type": "array", "items": { "$ref": "#/definitions/KeyValue" }, "maxItems": 16, "minItems": 1 },
					"name": { "type": "string", "maxLength": 64, "minLength": 8 },
					"restricted_words": { "type": ["array", "null"], "items": { "type": "string" } },
					"slug": { "type": "string", "maxLength": 64, "minLength": 4 },
					"summary": { "type": "string", "maxLength": 2048, "minLength": 64 },
					"tags": { "type": "string", "maxLength": 256, "minLength": 4 }
				},
				"type": "object",
				"required": ["meta_description", "metadata", "name", "slug", "summary", "tags"]
			}
		}
	},
	"units": [
		{
			"unit": {
				"slug": "recursion",
				"name": "Recursion",
				"user_prompt": "Generate content for course: AP Computer Science A unit: Recursion per system instructions. Syllabus: {additional_context}",
				"system_prompt": "You are an expert AP Computer Science A course author. Use active voice and short, simple sentences that a High School Student can understand. You have to generate the content in json format. Strictly follow the provided schema for your responses. Use additional context to fill the metadata field.",
				"json_schema": {
					"name": "UnitUploadModel",
					"schema": {
						"definitions": {
							"KeyValues": {
								"type": "object",
								"required": ["key", "value"],
								"properties": {
									"key": { "type": "string" },
									"value": { "type": "array", "items": { "type": "string" } }
								}
							}
						},
						"properties": {
							"description": { "type": "string", "maxLength": 156, "minLength": 64 },
							"metadata": {
								"type": "array",
								"items": { "$ref": "#/definitions/KeyValues" },
								"maxItems": 16,
								"minItems": 1
							},
							"name": { "type": "string", "maxLength": 64, "minLength": 1 },
							"slug": { "type": "string", "maxLength": 64, "minLength": 4 },
							"unit_number": { "type": "integer", "format": "uint32", "maximum": 256.0, "minimum": 1.0 }
						},
						"type": "object",
						"required": ["description", "metadata", "name", "slug", "unit_number"]
					}
				}
			},
			"topics": [
				{
					"slug": "recursion",
					"name": "Recursion",
					"user_prompt": "Generate content for course: AP Computer Science A unit: Recursion, topic: Recursion, per system instructions. Syllabus: {additional_context}",
					"system_prompt": "You are an expert AP Computer Science A course author and you are helping me write tutorials. Read and follow the following instructions carefully: I am developing an application that's why I need you to generate the content in json format. Strictly conform to the associated json schema in this request to generate the json. Use active voice and short, simple sentences that a High School Student can understand. Show, don't tell. Use code fragments and real-world examples. Explain why this topic is necessary for the exam. In the markdown field, generate json-safe content in markdown syntax. Maintain a well-formatted hierarchy and structure starting with an h2, without including the name field as the header. Start with a short overview of the contents and end with a conclusion to help the reader summarize. Use the Syllabus in the user message to generate the tutorial ensuring that you explain (using analogies and simple code examples) and provide practical uses for all the points.",
					"json_schema": {
						"name": "TopicCreateModel",
						"schema": {
							"definitions": {
								"TopicScope": { "type": "string", "enum": ["Public", "Authenticated", "Paid", "Restricted", "Hidden"] }
							},
							"properties": {
								"markdown": { "type": "string", "maxLength": 10192, "minLength": 1024 },
								"meta_description": { "type": "string", "maxLength": 156, "minLength": 64 },
								"name": { "type": "string", "maxLength": 64, "minLength": 1 },
								"scope": { "$ref": "#/definitions/TopicScope" },
								"slug": { "type": "string", "maxLength": 64, "minLength": 4 },
								"summary": { "type": "string", "maxLength": 1024, "minLength": 256 },
								"tags": { "type": "array", "items": { "type": "string" }, "maxItems": 8, "minItems": 1 },
								"topic_number": { "type": "integer", "format": "uint32", "maximum": 256.0, "minimum": 1.0 }
							},
							"type": "object",
							"required": ["markdown", "meta_description", "name", "scope", "slug", "summary", "tags", "topic_number"]
						}
					}
				},
				{
					"slug": "recursive-searching-and-sorting",
					"name": "Recursive Searching and Sorting",
					"user_prompt": "Generate content for course: AP Computer Science A unit: Recursion, topic: Recursive Searching and Sorting, per system instructions. Syllabus: {additional_context}",
					"system_prompt": "You are an expert AP Computer Science A course author and you are helping me write tutorials. Read and follow the following instructions carefully: I am developing an application that's why I need you to generate the content in json format. Strictly conform to the associated json schema in this request to generate the json. Use active voice and short, simple sentences that a High School Student can understand. Show, don't tell. Use code fragments and real-world examples. Explain why this topic is necessary for the exam. In the markdown field, generate json-safe content in markdown syntax. Maintain a well-formatted hierarchy and structure starting with an h2, without including the name field as the header. Start with a short overview of the contents and end with a conclusion to help the reader summarize. Use the Syllabus in the user message to generate the tutorial ensuring that you explain (using analogies and simple code examples) and provide practical uses for all the points.",
					"json_schema": {
						"name": "TopicCreateModel",
						"schema": {
							"definitions": {
								"TopicScope": { "type": "string", "enum": ["Public", "Authenticated", "Paid", "Restricted", "Hidden"] }
							},
							"properties": {
								"markdown": { "type": "string", "maxLength": 10192, "minLength": 1024 },
								"meta_description": { "type": "string", "maxLength": 156, "minLength": 64 },
								"name": { "type": "string", "maxLength": 64, "minLength": 1 },
								"scope": { "$ref": "#/definitions/TopicScope" },
								"slug": { "type": "string", "maxLength": 64, "minLength": 4 },
								"summary": { "type": "string", "maxLength": 1024, "minLength": 256 },
								"tags": { "type": "array", "items": { "type": "string" }, "maxItems": 8, "minItems": 1 },
								"topic_number": { "type": "integer", "format": "uint32", "maximum": 256.0, "minimum": 1.0 }
							},
							"type": "object",
							"required": ["markdown", "meta_description", "name", "scope", "slug", "summary", "tags", "topic_number"]
						}
					}
				}
			]
		}
	]
}
