{
	"course_slug": "ap-computer-science-a",
	"metadata": [
		{
			"key": "preparing-for-exam",
			"value": "This course helps students prepare for the AP Computer Science A exam by covering required concepts and computational practices."
		},
		{
			"key": "computational-thinking",
			"value": "Students will develop computational thinking through program design, algorithm development, and code implementation."
		},
		{
			"key": "big-ideas",
			"value": "The course is structured around four big ideas: Modularity, Variables, Control, and Impact of Computing."
		}
	],
	"name": "AP Computer Science A",
	"units": [
		{
			"unit_slug": "primitive-types",
			"name": "Primitive Types",
			"metadata": [
				{
					"key": "preparing-for-exam",
					"value": "Focus on understanding primitive data types, variables, and basic operators, as these are fundamental to solving basic coding problems."
				},
				{
					"key": "computational-thinking",
					"value": "This unit introduces how to store and manipulate data using primitive types and how to write simple expressions."
				},
				{
					"key": "big-ideas",
					"value": "The big idea of Variables (VAR) is emphasized, where students learn to store, manipulate, and use data in programming."
				},
				{
					"key": "exam-weight",
					"value": "2.5-5%"
				}
			],
			"topics": [
				{
					"topic_slug": "why-programming-why-java",
					"name": "Why Programming? Why Java?",
					"metadata": [
						{
							"key": "learning-objective",
							"value": "MOD-1.A: Call System class methods to generate output to the console."
						},
						{
							"key": "essential-knowledge",
							"value": "MOD-1.A.1: System.out.print and System.out.println display information on the computer monitor."
						},
						{
							"key": "essential-knowledge",
							"value": "MOD-1.A.2: System.out.println moves the cursor to a new line after the information has been displayed, while System.out.print does not."
						},
						{
							"key": "learning-objective",
							"value": "VAR-1.A: Create string literals."
						},
						{
							"key": "essential-knowledge",
							"value": "VAR-1.A.1: A string literal is enclosed in double quotes."
						}
					]
				},
				{
					"topic_slug": "variables-and-data-types",
					"name": "Variables and Data Types",
					"metadata": [
						{
							"key": "learning-objective",
							"value": "VAR-1.B: Identify the most appropriate data type category for a particular specification."
						},
						{
							"key": "essential-knowledge",
							"value": "VAR-1.B.1: A type is a set of values (a domain) and a set of operations on them."
						},
						{
							"key": "essential-knowledge",
							"value": "VAR-1.B.2: Data types can be categorized as either primitive or reference."
						},
						{
							"key": "learning-objective",
							"value": "VAR-1.C: Declare variables of the correct types to represent primitive data."
						},
						{
							"key": "essential-knowledge",
							"value": "VAR-1.C.1: The three primitive data types used in this course are int, double, and boolean."
						},
						{
							"key": "essential-knowledge",
							"value": "VAR-1.C.2: Each variable has associated memory that is used to hold its value."
						},
						{
							"key": "essential-knowledge",
							"value": "VAR-1.C.3: The memory associated with a variable of a primitive type holds an actual primitive value."
						},
						{
							"key": "essential-knowledge",
							"value": "VAR-1.C.4: When a variable is declared final, its value cannot be changed once it is initialized."
						}
					]
				},
				{
					"topic_slug": "expressions-and-assignment-statements",
					"name": "Expressions and Assignment Statements",
					"metadata": [
						{
							"key": "learning-objective",
							"value": "CON-1.A: Evaluate arithmetic expressions in a program code."
						},
						{
							"key": "essential-knowledge",
							"value": "CON-1.A.1: A literal is the source code representation of a fixed value."
						},
						{
							"key": "essential-knowledge",
							"value": "CON-1.A.2: Arithmetic expressions include expressions of type int and double."
						},
						{
							"key": "essential-knowledge",
							"value": "CON-1.A.3: The arithmetic operators consist of +, −, *, /, and %."
						},
						{
							"key": "essential-knowledge",
							"value": "CON-1.A.4: An arithmetic operation that uses two int values will evaluate to an int value."
						},
						{
							"key": "essential-knowledge",
							"value": "CON-1.A.5: An arithmetic operation that uses a double value will evaluate to a double value."
						},
						{
							"key": "essential-knowledge",
							"value": "CON-1.A.6: Operators can be used to construct compound expressions."
						},
						{
							"key": "essential-knowledge",
							"value": "CON-1.A.7: During evaluation, operands are associated with operators according to operator precedence to determine how they are grouped."
						},
						{
							"key": "essential-knowledge",
							"value": "CON-1.A.8: An attempt to divide an integer by zero will result in an ArithmeticException."
						},
						{
							"key": "learning-objective",
							"value": "CON-1.B: Evaluate what is stored in a variable as a result of an expression with an assignment statement."
						},
						{
							"key": "essential-knowledge",
							"value": "CON-1.B.1: The assignment operator (=) allows a program to initialize or change the value stored in a variable."
						},
						{
							"key": "essential-knowledge",
							"value": "CON-1.B.2: During execution, expressions are evaluated to produce a single value."
						},
						{
							"key": "essential-knowledge",
							"value": "CON-1.B.3: The value of an expression has a type based on the evaluation of the expression."
						}
					]
				},
				{
					"topic_slug": "compound-assignment-operators",
					"name": "Compound Assignment Operators",
					"metadata": [
						{
							"key": "learning-objective",
							"value": "CON-1.B: Evaluate what is stored in a variable as a result of an expression with an assignment statement."
						},
						{
							"key": "essential-knowledge",
							"value": "CON-1.B.4: Compound assignment operators (+=, −=, *=, /=, %=) can be used in place of the assignment operator."
						},
						{
							"key": "essential-knowledge",
							"value": "CON-1.B.5: The increment operator (++) and decrement operator (−−) are used to add 1 or subtract 1 from the stored value of a variable or an array element."
						}
					]
				},
				{
					"topic_slug": "casting-and-ranges-of-variables",
					"name": "Casting and Ranges of Variables",
					"metadata": [
						{
							"key": "learning-objective",
							"value": "CON-1.C: Evaluate arithmetic expressions that use casting."
						},
						{
							"key": "essential-knowledge",
							"value": "CON-1.C.1: The casting operators (int) and (double) can be used to create a temporary value converted to a different data type."
						},
						{
							"key": "essential-knowledge",
							"value": "CON-1.C.2: Casting a double value to an int causes the digits to the right of the decimal point to be truncated."
						},
						{
							"key": "essential-knowledge",
							"value": "CON-1.C.3: Some programming code causes int values to be automatically cast (widened) to double values."
						},
						{
							"key": "essential-knowledge",
							"value": "CON-1.C.4: Integer values in Java are represented by values of type int, which are stored using a finite amount (4 bytes) of memory."
						},
						{
							"key": "essential-knowledge",
							"value": "CON-1.C.5: If an expression would evaluate to an int value outside of the allowed range, an integer overflow occurs."
						},
						{
							"key": "essential-knowledge",
							"value": "CON-1.C.6: Integer overflow could result in an incorrect value being assigned to a variable."
						}
					]
				}
			]
		},
		{
			"unit_slug": "using-objects",
			"name": "Using Objects",
			"metadata": [
				{
					"key": "preparing-for-exam",
					"value": "Students should be comfortable creating and using objects, understanding methods, and recognizing how object-oriented programming works."
				},
				{
					"key": "computational-thinking",
					"value": "Emphasizes object-oriented thinking and problem-solving through the use of objects and method calls."
				},
				{
					"key": "big-ideas",
					"value": "This unit covers Modularity (MOD), where students learn to break down problems using classes and objects."
				},
				{
					"key": "exam-weight",
					"value": "5-7.5%"
				}
			],
			"topics": [
				{
					"topic_slug": "objects-instances-of-classes",
					"name": "Objects: Instances of Classes",
					"metadata": [
						{
							"key": "learning-objective",
							"value": "MOD-1.B: Explain the relationship between a class and an object."
						},
						{
							"key": "essential-knowledge",
							"value": "MOD-1.B.1: An object is a specific instance of a class with defined attributes."
						},
						{
							"key": "essential-knowledge",
							"value": "MOD-1.B.2: A class is the formal implementation, or blueprint, of the attributes and behaviors of an object."
						}
					]
				},
				{
					"topic_slug": "creating-and-storing-objects",
					"name": "Creating and Storing Objects (Instantiation)",
					"metadata": [
						{
							"key": "learning-objective",
							"value": "MOD-1.C: Identify, using its signature, the correct constructor being called."
						},
						{
							"key": "essential-knowledge",
							"value": "MOD-1.C.1: A signature consists of the constructor name and the parameter list."
						},
						{
							"key": "essential-knowledge",
							"value": "MOD-1.C.2: The parameter list, in the header of a constructor, lists the types of the values that are passed and their variable names."
						},
						{
							"key": "essential-knowledge",
							"value": "MOD-1.C.3: A parameter is a value that is passed into a constructor."
						},
						{
							"key": "essential-knowledge",
							"value": "MOD-1.C.4: Constructors are said to be overloaded when there are multiple constructors with the same name but a different signature."
						},
						{
							"key": "learning-objective",
							"value": "MOD-1.D: Create objects by calling constructors with or without parameters."
						},
						{
							"key": "essential-knowledge",
							"value": "MOD-1.D.1: Every object is created using the keyword new followed by a call to one of the class’s constructors."
						},
						{
							"key": "essential-knowledge",
							"value": "MOD-1.D.2: A class contains constructors that are invoked to create objects."
						},
						{
							"key": "essential-knowledge",
							"value": "MOD-1.D.4: Parameters allow values to be passed to the constructor to establish the initial state of the object."
						}
					]
				},
				{
					"topic_slug": "calling-a-void-method",
					"name": "Calling a Void Method",
					"metadata": [
						{
							"key": "learning-objective",
							"value": "MOD-1.E: Call non-static void methods without parameters."
						},
						{
							"key": "essential-knowledge",
							"value": "MOD-1.E.1: An object’s behavior refers to what the object can do (or what can be done to it) and is defined by methods."
						},
						{
							"key": "essential-knowledge",
							"value": "MOD-1.E.2: Procedural abstraction allows a programmer to use a method by knowing what the method does even if they do not know how the method was written."
						},
						{
							"key": "essential-knowledge",
							"value": "MOD-1.E.3: A method signature for a method without parameters consists of the method name and an empty parameter list."
						},
						{
							"key": "essential-knowledge",
							"value": "MOD-1.E.4: A method or constructor call interrupts the sequential execution of statements, causing the program to first execute the statements in the method or constructor before continuing."
						},
						{
							"key": "essential-knowledge",
							"value": "MOD-1.E.5: Non-static methods are called through objects of the class."
						},
						{
							"key": "essential-knowledge",
							"value": "MOD-1.E.6: The dot operator is used along with the object name to call non-static methods."
						}
					]
				},
				{
					"topic_slug": "calling-a-void-method-with-parameters",
					"name": "Calling a Void Method with Parameters",
					"metadata": [
						{
							"key": "learning-objective",
							"value": "MOD-1.F: Call non-static void methods with parameters."
						},
						{
							"key": "essential-knowledge",
							"value": "MOD-1.F.1: A method signature for a method with parameters consists of the method name and the ordered list of parameter types."
						},
						{
							"key": "essential-knowledge",
							"value": "MOD-1.F.2: Values provided in the parameter list need to correspond to the order and type in the method signature."
						},
						{
							"key": "essential-knowledge",
							"value": "MOD-1.F.3: Methods are said to be overloaded when there are multiple methods with the same name but a different signature."
						}
					]
				},
				{
					"topic_slug": "calling-a-non-void-method",
					"name": "Calling a Non-void Method",
					"metadata": [
						{
							"key": "learning-objective",
							"value": "MOD-1.G: Call non-static non-void methods with or without parameters."
						},
						{
							"key": "essential-knowledge",
							"value": "MOD-1.G.1: Non-void methods return a value that is the same type as the return type in the signature."
						},
						{
							"key": "essential-knowledge",
							"value": "MOD-1.G.2: To use the return value when calling a non-void method, it must be stored in a variable or used as part of an expression."
						}
					]
				},
				{
					"topic_slug": "string-objects-concatenation-literals",
					"name": "String Objects: Concatenation, Literals, and More",
					"metadata": [
						{
							"key": "learning-objective",
							"value": "VAR-1.E: Create String objects and call String methods."
						},
						{
							"key": "essential-knowledge",
							"value": "VAR-1.E.1: String objects can be created using string literals or by calling the String class constructor."
						},
						{
							"key": "essential-knowledge",
							"value": "VAR-1.E.2: String objects are immutable."
						},
						{
							"key": "essential-knowledge",
							"value": "VAR-1.E.3: String objects can be concatenated using the + or += operator."
						},
						{
							"key": "essential-knowledge",
							"value": "VAR-1.E.4: Primitive values can be concatenated with a String object, causing implicit conversion to String."
						},
						{
							"key": "essential-knowledge",
							"value": "VAR-1.E.5: Escape sequences start with a \\ and have a special meaning in Java, such as \", \\, and \\n."
						}
					]
				},
				{
					"topic_slug": "string-methods",
					"name": "String Methods",
					"metadata": [
						{
							"key": "learning-objective",
							"value": "VAR-1.E: Call String methods."
						},
						{
							"key": "essential-knowledge",
							"value": "VAR-1.E.6: The String class provides several methods, including length, substring, indexOf, equals, and compareTo."
						},
						{
							"key": "essential-knowledge",
							"value": "VAR-1.E.7: StringIndexOutOfBoundsException is thrown if an invalid index is accessed."
						},
						{
							"key": "essential-knowledge",
							"value": "VAR-1.E.8: String concatenation with an object reference implicitly calls the object's toString method."
						}
					]
				},
				{
					"topic_slug": "wrapper-classes-integer-double",
					"name": "Wrapper Classes: Integer and Double",
					"metadata": [
						{
							"key": "learning-objective",
							"value": "VAR-1.F: Create Integer and Double objects and call their methods."
						},
						{
							"key": "essential-knowledge",
							"value": "VAR-1.F.1: Integer and Double wrapper classes allow primitive types to be used as objects."
						},
						{
							"key": "essential-knowledge",
							"value": "VAR-1.F.2: Autoboxing converts primitives into their corresponding wrapper class."
						},
						{
							"key": "essential-knowledge",
							"value": "VAR-1.F.3: Unboxing is the automatic conversion from the wrapper class to its primitive type."
						},
						{
							"key": "essential-knowledge",
							"value": "VAR-1.F.4: Integer and Double wrapper classes are part of the java.lang package."
						}
					]
				},
				{
					"topic_slug": "using-the-math-class",
					"name": "Using the Math Class",
					"metadata": [
						{
							"key": "learning-objective",
							"value": "MOD-1.H: Call static methods."
						},
						{
							"key": "essential-knowledge",
							"value": "MOD-1.H.1: Static methods are called using the dot operator along with the class name unless they are defined in the enclosing class."
						},
						{
							"key": "learning-objective",
							"value": "CON-1.D: Evaluate expressions that use Math class methods."
						},
						{
							"key": "essential-knowledge",
							"value": "CON-1.D.1: The Math class is part of the java.lang package."
						},
						{
							"key": "essential-knowledge",
							"value": "CON-1.D.2: The Math class contains only static methods."
						},
						{
							"key": "essential-knowledge",
							"value": "CON-1.D.3: The following static Math methods—including abs, pow, sqrt, and random—are part of the Java Quick Reference."
						},
						{
							"key": "essential-knowledge",
							"value": "CON-1.D.4: The values returned from Math.random can be manipulated to produce a random int or double in a defined range."
						}
					]
				}
			]
		},
		{
			"unit_slug": "boolean-expressions-if-statements",
			"name": "Boolean Expressions and if Statements",
			"metadata": [
				{
					"key": "preparing-for-exam",
					"value": "Focus on mastering conditional logic and boolean expressions, which are key to controlling program flow in decision-making scenarios."
				},
				{
					"key": "computational-thinking",
					"value": "Introduces logical thinking and control structures, helping students develop algorithms that involve conditions."
				},
				{
					"key": "big-ideas",
					"value": "This unit emphasizes Control (CON), teaching students how to direct the flow of a program through conditional statements."
				},
				{
					"key": "exam-weight",
					"value": "15-17.5%"
				}
			],
			"topics": []
		},
		{
			"unit_slug": "iteration",
			"name": "Iteration",
			"metadata": [
				{
					"key": "preparing-for-exam",
					"value": "Students should focus on mastering loops and iteration patterns, as they are essential for solving problems involving repetition."
				},
				{
					"key": "computational-thinking",
					"value": "Students learn how to use loops to iterate over data sets and solve problems requiring repeated actions."
				},
				{
					"key": "big-ideas",
					"value": "The Control (CON) big idea is reinforced through loops, allowing students to repeat actions and develop efficient algorithms."
				},
				{
					"key": "exam-weight",
					"value": "17.5-22.5%"
				}
			],
			"topics": []
		},
		{
			"unit_slug": "writing-classes",
			"name": "Writing Classes",
			"metadata": [
				{
					"key": "preparing-for-exam",
					"value": "This unit is crucial for understanding object-oriented programming and building custom classes for more complex programs."
				},
				{
					"key": "computational-thinking",
					"value": "Focuses on designing custom classes, constructors, and methods, reinforcing modular design and problem-solving."
				},
				{
					"key": "big-ideas",
					"value": "Modularity (MOD) is at the heart of this unit, where students learn how to create reusable code through class design."
				},
				{
					"key": "exam-weight",
					"value": "5-7.5%"
				}
			],
			"topics": []
		},
		{
			"unit_slug": "arrays",
			"name": "Arrays",
			"metadata": [
				{
					"key": "preparing-for-exam",
					"value": "Mastering arrays and the ability to traverse them efficiently will be critical for solving problems on the AP exam."
				},
				{
					"key": "computational-thinking",
					"value": "This unit introduces data structures, focusing on how to store, traverse, and manipulate collections of data."
				},
				{
					"key": "big-ideas",
					"value": "The Variables (VAR) big idea is central here, as students learn to manage collections of variables through arrays."
				},
				{
					"key": "exam-weight",
					"value": "10-15%"
				}
			],
			"topics": []
		},
		{
			"unit_slug": "arraylist",
			"name": "ArrayList",
			"metadata": [
				{
					"key": "preparing-for-exam",
					"value": "Focus on dynamic data structures like ArrayList, including how to add, remove, and manipulate elements."
				},
				{
					"key": "computational-thinking",
					"value": "Introduces dynamic data structures that grow and shrink as needed, reinforcing problem-solving with flexible data."
				},
				{
					"key": "big-ideas",
					"value": "The Variables (VAR) big idea continues here, with a focus on flexible data structures and managing larger sets of data."
				},
				{
					"key": "exam-weight",
					"value": "2.5-7.5%"
				}
			],
			"topics": []
		},
		{
			"unit_slug": "2d-array",
			"name": "2D Array",
			"metadata": [
				{
					"key": "preparing-for-exam",
					"value": "Understand how to manipulate data in two dimensions, crucial for solving grid-based problems on the exam."
				},
				{
					"key": "computational-thinking",
					"value": "Teaches how to work with two-dimensional data structures, building on the concept of arrays to solve more complex problems."
				},
				{
					"key": "big-ideas",
					"value": "The Variables (VAR) big idea is extended here, as students work with more complex data structures in multiple dimensions."
				},
				{
					"key": "exam-weight",
					"value": "7.5-10%"
				}
			],
			"topics": []
		},
		{
			"unit_slug": "inheritance",
			"name": "Inheritance",
			"metadata": [
				{
					"key": "preparing-for-exam",
					"value": "Master inheritance concepts, as they are key to understanding object-oriented programming and class relationships."
				},
				{
					"key": "computational-thinking",
					"value": "Focuses on code reuse and hierarchy, reinforcing problem-solving through inheritance and polymorphism."
				},
				{
					"key": "big-ideas",
					"value": "Modularity (MOD) is a key idea here, as students learn to extend and reuse code through inheritance."
				},
				{
					"key": "exam-weight",
					"value": "5-10%"
				}
			],
			"topics": []
		},
		{
			"unit_slug": "recursion",
			"name": "Recursion",
			"metadata": [
				{
					"key": "preparing-for-exam",
					"value": "Understand recursive algorithms, a powerful tool for solving problems by breaking them down into smaller, similar subproblems."
				},
				{
					"key": "computational-thinking",
					"value": "Teaches problem-solving through recursive thinking, where a problem is solved by solving smaller instances of the same problem."
				},
				{
					"key": "big-ideas",
					"value": "The Control (CON) big idea is emphasized here, with a focus on recursion as a form of iterative control."
				},
				{
					"key": "exam-weight",
					"value": "5-7.5%"
				}
			],
			"topics": []
		}
	]
}
