{
	"course_slug": "ap-computer-science-principles",
	"name": "Ap Computer Science Principles",
	"metadata": [
		{
			"key": "course_description",
			"value": "AP Computer Science Principles introduces students to computing, data, algorithms, and the impact of computing."
		},
		{
			"key": "effective_date",
			"value": "Fall 2023"
		}
	],
	"units": [
		{
			"unit_slug": "creative-development",
			"name": "Big Idea 1: Creative Development",
			"metadata": [
				{
					"key": "exam-weight",
					"value": "10-13%"
				}
			],
			"topics": [
				{
					"topic_slug": "collaboration",
					"name": "Collaboration",
					"metadata": [
						{
							"key": "learning-objective",
							"value": "CRD-1.A: Explain how computing innovations are improved through collaboration."
						},
						{
							"key": "essential-knowledge",
							"value": "CRD-1.A.1: A computing innovation includes a program as an integral part of its function."
						},
						{
							"key": "essential-knowledge",
							"value": "CRD-1.A.2: A computing innovation can be physical (e.g., self-driving car), nonphysical computing software (e.g., picture editing software), or a nonphysical computing concept (e.g., e-commerce)."
						},
						{
							"key": "essential-knowledge",
							"value": "CRD-1.A.3: Effective collaboration produces a computing innovation that reflects the diversity of talents and perspectives of those who designed it."
						},
						{
							"key": "essential-knowledge",
							"value": "CRD-1.A.4: Collaboration that includes diverse perspectives helps avoid bias in the development of computing innovations."
						},
						{
							"key": "essential-knowledge",
							"value": "CRD-1.A.5: Consultation and communication with users are important aspects of the development of computing innovations."
						},
						{
							"key": "essential-knowledge",
							"value": "CRD-1.A.6: Information gathered from potential users can be used to understand the purpose of a program from diverse perspectives and to develop a program that fully incorporates these perspectives."
						}
					]
				},
				{
					"topic_slug": "program-function-and-purpose",
					"name": "Program Function and Purpose",
					"metadata": [
						{
							"key": "learning-objective",
							"value": "CRD-2.A: Describe the purpose of a computing innovation."
						},
						{
							"key": "essential-knowledge",
							"value": "CRD-2.A.1: The purpose of computing innovations is to solve problems or to pursue interests through creative expression."
						},
						{
							"key": "essential-knowledge",
							"value": "CRD-2.A.2: An understanding of the purpose of a computing innovation provides developers with an improved ability to develop that computing innovation."
						},
						{
							"key": "learning-objective",
							"value": "CRD-2.B: Explain how a program or code segment functions."
						},
						{
							"key": "essential-knowledge",
							"value": "CRD-2.B.1: A program is a collection of program statements that performs a specific task when run by a computer."
						},
						{
							"key": "essential-knowledge",
							"value": "CRD-2.B.2: A code segment is a collection of program statements that is part of a program."
						},
						{
							"key": "essential-knowledge",
							"value": "CRD-2.B.3: A program needs to work for a variety of inputs and situations."
						},
						{
							"key": "essential-knowledge",
							"value": "CRD-2.B.4: The behavior of a program is how it functions during execution, often described by how a user interacts with it."
						},
						{
							"key": "essential-knowledge",
							"value": "CRD-2.B.5: A program can be described broadly by what it does or in more detail by both what the program does and how the program statements accomplish this function."
						}
					]
				},
				{
					"topic_slug": "program-design-and-development",
					"name": "Program Design and Development",
					"metadata": [
						{
							"key": "learning-objective",
							"value": "CRD-2.D: Develop a program using a development process."
						},
						{
							"key": "essential-knowledge",
							"value": "CRD-2.D.1: A development process can be ordered and intentional or exploratory in nature."
						},
						{
							"key": "essential-knowledge",
							"value": "CRD-2.D.2: There are multiple development processes. The following phases are commonly used: investigating and reflecting, designing, prototyping, and testing."
						},
						{
							"key": "essential-knowledge",
							"value": "CRD-2.D.3: A development process that is iterative requires refinement and revision based on feedback, testing, or reflection throughout the process."
						},
						{
							"key": "essential-knowledge",
							"value": "CRD-2.D.4: A development process that is incremental breaks the problem into smaller pieces and ensures each piece works before adding it to the whole."
						}
					]
				},
				{
					"topic_slug": "identifying-and-correcting-errors",
					"name": "Identifying and Correcting Errors",
					"metadata": [
						{
							"key": "learning-objective",
							"value": "CRD-2.G: Identify and correct errors in a program."
						},
						{
							"key": "essential-knowledge",
							"value": "CRD-2.G.1: Identifying errors includes finding both runtime and logic errors."
						},
						{
							"key": "essential-knowledge",
							"value": "CRD-2.G.2: Testing is a common method for finding and correcting errors."
						},
						{
							"key": "essential-knowledge",
							"value": "CRD-2.G.3: Programmers use techniques such as print statements to identify and correct errors."
						},
						{
							"key": "essential-knowledge",
							"value": "CRD-2.G.4: Debugging involves locating and fixing problems within the code to ensure the program behaves as expected."
						}
					]
				}
			]
		}
	]
}
