{
	"course_slug": "ap-computer-science-a",
	"metadata": [
		{
			"key": "grade-level",
			"value": "High School"
		},
		{
			"key": "subject",
			"value": "Computer Science"
		}
	],
	"name": "AP Computer Science A",
	"units": [
		{
			"unit_slug": "inheritance",
			"name": "Inheritance",
			"metadata": [
				{
					"key": "exam-weight",
					"value": "5-10%"
				},
				{
					"key": "class-periods",
					"value": "13-15"
				}
			],
			"topics": [
				{
					"topic_slug": "creating-superclasses-and-subclasses",
					"name": "Creating Superclasses and Subclasses",
					"metadata": [
						{
							"key": "learning-objective",
							"value": "MOD-3.B: Create an inheritance relationship from a subclass to the superclass."
						},
						{
							"key": "essential-knowledge",
							"value": "MOD-3.B.1: A class hierarchy can be developed by putting common attributes and behaviors of related classes into a single class called a superclass."
						},
						{
							"key": "essential-knowledge",
							"value": "MOD-3.B.2: Classes that extend a superclass, called subclasses, can draw upon the existing attributes and behaviors of the superclass without repeating these in the code."
						},
						{
							"key": "essential-knowledge",
							"value": "MOD-3.B.3: Extending a subclass from a superclass creates an 'is-a' relationship from the subclass to the superclass."
						},
						{
							"key": "essential-knowledge",
							"value": "MOD-3.B.4: The keyword 'extends' is used to establish an inheritance relationship between a subclass and a superclass."
						}
					]
				},
				{
					"topic_slug": "writing-constructors-for-subclasses",
					"name": "Writing Constructors for Subclasses",
					"metadata": [
						{
							"key": "learning-objective",
							"value": "MOD-3.B: Create an inheritance relationship from a subclass to the superclass."
						},
						{
							"key": "essential-knowledge",
							"value": "MOD-3.B.5: Constructors are not inherited."
						},
						{
							"key": "essential-knowledge",
							"value": "MOD-3.B.6: The superclass constructor can be called from the first line of a subclass constructor by using the keyword 'super' and passing appropriate parameters."
						},
						{
							"key": "essential-knowledge",
							"value": "MOD-3.B.7: The actual parameters passed in the call to the superclass constructor provide values that the constructor can use to initialize the object’s instance variables."
						},
						{
							"key": "essential-knowledge",
							"value": "MOD-3.B.8: When a subclass’s constructor does not explicitly call a superclass’s constructor, Java inserts a call to the superclass’s no-argument constructor."
						},
						{
							"key": "essential-knowledge",
							"value": "MOD-3.B.9: Regardless of whether the superclass constructor is called implicitly or explicitly, the process of calling superclass constructors continues until the Object constructor is called."
						}
					]
				},
				{
					"topic_slug": "overriding-methods",
					"name": "Overriding Methods",
					"metadata": [
						{
							"key": "learning-objective",
							"value": "MOD-3.B: Create an inheritance relationship from a subclass to the superclass."
						},
						{
							"key": "essential-knowledge",
							"value": "MOD-3.B.10: Method overriding occurs when a public method in a subclass has the same method signature as a public method in the superclass."
						},
						{
							"key": "essential-knowledge",
							"value": "MOD-3.B.11: Any method that is called must be defined within its own class or its superclass."
						},
						{
							"key": "essential-knowledge",
							"value": "MOD-3.B.12: A subclass is usually designed to have modified (overridden) or additional methods or instance variables."
						},
						{
							"key": "essential-knowledge",
							"value": "MOD-3.B.13: A subclass will inherit all public methods from the superclass; these methods remain public in the subclass."
						}
					]
				},
				{
					"topic_slug": "super-keyword",
					"name": "super Keyword",
					"metadata": [
						{
							"key": "learning-objective",
							"value": "MOD-3.B: Create an inheritance relationship from a subclass to the superclass."
						},
						{
							"key": "essential-knowledge",
							"value": "MOD-3.B.14: The keyword 'super' can be used to call a superclass’s constructors and methods."
						},
						{
							"key": "essential-knowledge",
							"value": "MOD-3.B.15: The superclass method can be called in a subclass by using the keyword 'super' with the method name."
						}
					]
				},
				{
					"topic_slug": "creating-references-using-inheritance-hierarchies",
					"name": "Creating References Using Inheritance Hierarchies",
					"metadata": [
						{
							"key": "learning-objective",
							"value": "MOD-3.C: Define reference variables of a superclass to be assigned to an object of a subclass in the same hierarchy."
						},
						{
							"key": "essential-knowledge",
							"value": "MOD-3.C.1: When a class S 'is-a' class T, T is referred to as a superclass, and S is referred to as a subclass."
						}
					]
				},
				{
					"topic_slug": "polymorphism",
					"name": "Polymorphism",
					"metadata": [
						{
							"key": "learning-objective",
							"value": "MOD-3.D: Call methods in an inheritance relationship."
						},
						{
							"key": "essential-knowledge",
							"value": "MOD-3.D.1: At compile time, methods in or inherited by the declared type determine the correctness of a non-static method call."
						},
						{
							"key": "essential-knowledge",
							"value": "MOD-3.D.2: Utilize the Object class through inheritance."
						},
						{
							"key": "essential-knowledge",
							"value": "MOD-3.D.3: At run-time, the method in the actual object type is executed for a non-static method call."
						}
					]
				},
				{
					"topic_slug": "object-superclass",
					"name": "Object Superclass",
					"metadata": [
						{
							"key": "learning-objective",
							"value": "MOD-3.E: Call Object class methods through inheritance."
						},
						{
							"key": "essential-knowledge",
							"value": "MOD-3.E.1: The Object class is the superclass of all other classes in Java."
						},
						{
							"key": "essential-knowledge",
							"value": "MOD-3.E.2: The Object class is part of the java.lang package."
						},
						{
							"key": "essential-knowledge",
							"value": "MOD-3.E.3: The following Object class methods and constructors are part of the Java Quick Reference: `boolean equals(Object other)`, `String toString()`."
						},
						{
							"key": "essential-knowledge",
							"value": "MOD-3.E.4: Subclasses of Object often override the equals and toString methods with class-specific implementations."
						}
					]
				}
			]
		}
	]
}
