{
	"course_slug": "ap-computer-science-a",
	"metadata": [
		{
			"key": "grade-level",
			"value": "High School"
		},
		{
			"key": "subject",
			"value": "Computer Science"
		}
	],
	"name": "AP Computer Science A",
	"units": [
		{
			"unit_slug": "recursion",
			"name": "Recursion",
			"metadata": [
				{
					"key": "exam-weight",
					"value": "5-7.5%"
				},
				{
					"key": "class-periods",
					"value": "3-5"
				}
			],
			"topics": [
				{
					"topic_slug": "recursion",
					"name": "Recursion",
					"metadata": [
						{
							"key": "learning-objective",
							"value": "CON-2.O: Determine the result of executing recursive methods."
						},
						{
							"key": "essential-knowledge",
							"value": "CON-2.O.1: A recursive method is a method that calls itself."
						},
						{
							"key": "essential-knowledge",
							"value": "CON-2.O.2: Recursive methods contain at least one base case, which halts the recursion, and at least one recursive call."
						},
						{
							"key": "essential-knowledge",
							"value": "CON-2.O.3: Each recursive call has its own set of local variables, including the formal parameters."
						},
						{
							"key": "essential-knowledge",
							"value": "CON-2.O.4: Parameter values capture the progress of a recursive process, much like loop control variable values capture the progress of a loop."
						},
						{
							"key": "essential-knowledge",
							"value": "CON-2.O.5: Any recursive solution can be replicated through the use of an iterative approach."
						},
						{
							"key": "essential-knowledge",
							"value": "CON-2.O.6: Recursion can be used to traverse String, array, and ArrayList objects."
						}
					]
				},
				{
					"topic_slug": "recursive-searching-and-sorting",
					"name": "Recursive Searching and Sorting",
					"metadata": [
						{
							"key": "learning-objective",
							"value": "CON-2.P: Apply recursive search algorithms to information in String, 1D array, or ArrayList objects."
						},
						{
							"key": "essential-knowledge",
							"value": "CON-2.P.1: Data must be in sorted order to use the binary search algorithm."
						},
						{
							"key": "essential-knowledge",
							"value": "CON-2.P.2: The binary search algorithm starts at the middle of a sorted array or ArrayList and eliminates half of the array or ArrayList in each iteration until the desired value is found or all elements have been eliminated."
						},
						{
							"key": "essential-knowledge",
							"value": "CON-2.P.3: Binary search can be more efficient than sequential/linear search."
						},
						{
							"key": "essential-knowledge",
							"value": "CON-2.P.4: The binary search algorithm can be written either iteratively or recursively."
						},
						{
							"key": "learning-objective",
							"value": "CON-2.Q: Apply recursive algorithms to sort elements of array or ArrayList objects."
						},
						{
							"key": "essential-knowledge",
							"value": "CON-2.Q.1: Merge sort is a recursive sorting algorithm that can be used to sort elements in an array or ArrayList."
						}
					]
				}
			]
		}
	]
}
