{
	"course_slug": "ap-computer-science-principles",
	"metadata": [
		{
			"key": "subject",
			"value": "Computer Science"
		},
		{
			"key": "level",
			"value": "AP"
		}
	],
	"name": "AP Computer Science Principles",
	"units": [
		{
			"metadata": [
				{
					"key": "exam_weighting",
					"value": "30–35%"
				},
				{
					"key": "computational_thinking",
					"value": "Algorithms and Program Development"
				},
				{
					"key": "preparing_for_ap_exam",
					"value": "Assign multiple-choice questions and performance tasks"
				}
			],
			"name": "Big Idea 3: Algorithms and Programming",
			"unit_slug": "algorithms-and-programming",
			"topics": [
				{
					"topic_slug": "variables-and-assignments",
					"name": "Variables and Assignments",
					"metadata": [
						{
							"key": "learning-objective",
							"value": "AAP-1.A: Represent a value with a variable."
						},
						{
							"key": "essential-knowledge",
							"value": "AAP-1.A.1: A variable is an abstraction inside a program that can hold a value. Each variable has associated data storage that represents one value at a time, but that value can be a list or other collection that in turn contains multiple values."
						},
						{
							"key": "essential-knowledge",
							"value": "AAP-1.A.2: Using meaningful variable names helps with the readability of program code and understanding of what values are represented by the variables."
						},
						{
							"key": "essential-knowledge",
							"value": "AAP-1.A.3: Some programming languages provide types to represent data, which are referenced using variables. These types include numbers, Booleans, lists, and strings."
						},
						{
							"key": "essential-knowledge",
							"value": "AAP-1.A.4: Some values are better suited to representation using one type of datum rather than another."
						},
						{
							"key": "learning-objective",
							"value": "AAP-1.B: Determine the value of a variable as a result of an assignment."
						},
						{
							"key": "essential-knowledge",
							"value": "AAP-1.B.1: The assignment operator allows a program to change the value represented by a variable."
						},
						{
							"key": "essential-knowledge",
							"value": "AAP-1.B.2: The exam reference sheet provides the \"←\" operator to use for assignment. For example:\nText:\na ← expression\nBlock:\na ← expression\nevaluates expression and then assigns a copy of the result to the variable a."
						},
						{
							"key": "essential-knowledge",
							"value": "AAP-1.B.3: The value stored in a variable will be the most recent value assigned. For example:\na ← 1\nb ← a\na ← 2\nDISPLAY(b)\nstill displays 1."
						}
					]
				},
				{
					"topic_slug": "data-abstraction",
					"name": "Data Abstraction",
					"metadata": [
						{
							"key": "learning-objective",
							"value": "AAP-1.C: Represent a list or string using a variable."
						},
						{
							"key": "essential-knowledge",
							"value": "AAP-1.C.1: A list is an ordered sequence of elements. For example, [value1, value2, value3, ...] describes a list where value1 is the first element, value2 is the second element, value3 is the third element, and so on."
						},
						{
							"key": "essential-knowledge",
							"value": "AAP-1.C.2: An element is an individual value in a list that is assigned a unique index."
						},
						{
							"key": "essential-knowledge",
							"value": "AAP-1.C.3: An index is a common method for referencing the elements in a list or string using natural numbers."
						},
						{
							"key": "essential-knowledge",
							"value": "AAP-1.C.4: A string is an ordered sequence of characters."
						},
						{
							"key": "learning-objective",
							"value": "AAP-1.D: a. Develop data abstractions using lists to store multiple elements.\nb. Explain how the use of data abstraction manages complexity in program code."
						},
						{
							"key": "essential-knowledge",
							"value": "AAP-1.D.1: Data abstraction provides a separation between the abstract properties of a data type and the concrete details of its representation."
						},
						{
							"key": "essential-knowledge",
							"value": "AAP-1.D.2: Data abstractions manage complexity in programs by giving a collection of data a name without referencing the specific details of the representation."
						},
						{
							"key": "essential-knowledge",
							"value": "AAP-1.D.3: Data abstractions can be created using lists."
						},
						{
							"key": "essential-knowledge",
							"value": "AAP-1.D.4: Developing a data abstraction to implement in a program can result in a program that is easier to develop and maintain."
						},
						{
							"key": "essential-knowledge",
							"value": "AAP-1.D.5: Data abstractions often contain different types of elements."
						},
						{
							"key": "essential-knowledge",
							"value": "AAP-1.D.6: The use of lists allows multiple related items to be treated as a single value. Lists are referred to by different names, such as array, depending on the programming language."
						},
						{
							"key": "essential-knowledge",
							"value": "AAP-1.D.7: The exam reference sheet provides the notation [value1, value2, value3, ...] to create a list with those values as the first, second, third, and so on items."
						},
						{
							"key": "essential-knowledge",
							"value": "AAP-1.D.8: The exam reference sheet describes a list structure whose index values are 1 through the number of elements in the list, inclusive."
						}
					]
				},
				{
					"topic_slug": "mathematical-expressions",
					"name": "Mathematical Expressions",
					"metadata": [
						{
							"key": "learning-objective",
							"value": "AAP-2.A: Express an algorithm that uses sequencing without using a programming language."
						},
						{
							"key": "essential-knowledge",
							"value": "AAP-2.A.1: An algorithm is a finite set of instructions that accomplish a specific task."
						},
						{
							"key": "essential-knowledge",
							"value": "AAP-2.A.2: Beyond visual and textual programming languages, algorithms can be expressed in a variety of ways, such as natural language, diagrams, and pseudocode."
						},
						{
							"key": "essential-knowledge",
							"value": "AAP-2.A.3: Algorithms executed by programs are implemented using programming languages."
						},
						{
							"key": "essential-knowledge",
							"value": "AAP-2.A.4: Every algorithm can be constructed using combinations of sequencing, selection, and iteration."
						},
						{
							"key": "learning-objective",
							"value": "AAP-2.B: Represent a step-by-step algorithmic process using sequential code statements."
						},
						{
							"key": "essential-knowledge",
							"value": "AAP-2.B.1: Sequencing is the application of each step of an algorithm in the order in which the code statements are given."
						},
						{
							"key": "essential-knowledge",
							"value": "AAP-2.B.2: A code statement is a part of program code that expresses an action to be carried out."
						},
						{
							"key": "essential-knowledge",
							"value": "AAP-2.B.3: An expression can consist of a value, a variable, an operator, or a procedure call that returns a value."
						},
						{
							"key": "essential-knowledge",
							"value": "AAP-2.B.4: Expressions are evaluated to produce a single value."
						},
						{
							"key": "essential-knowledge",
							"value": "AAP-2.B.5: The evaluation of expressions follows a set order of operations defined by the programming language."
						},
						{
							"key": "essential-knowledge",
							"value": "AAP-2.B.6: Sequential statements execute in the order they appear in the code segment."
						},
						{
							"key": "essential-knowledge",
							"value": "AAP-2.B.7: Clarity and readability are important considerations when expressing an algorithm in a programming language."
						},
						{
							"key": "learning-objective",
							"value": "AAP-2.C: Evaluate expressions that use arithmetic operators."
						},
						{
							"key": "essential-knowledge",
							"value": "AAP-2.C.1: Arithmetic operators are part of most programming languages and include addition, subtraction, multiplication, division, and modulus operators."
						},
						{
							"key": "essential-knowledge",
							"value": "AAP-2.C.2: The exam reference sheet provides a MOD b, which evaluates to the remainder when a is divided by b. Assume that a is an integer greater than or equal to 0 and b is an integer greater than 0. For example, 17 MOD 5 evaluates to 2."
						},
						{
							"key": "essential-knowledge",
							"value": "AAP-2.C.3: The exam reference sheet provides the arithmetic operators +, -, *, /, and MOD."
						},
						{
							"key": "essential-knowledge",
							"value": "AAP-2.C.4: The order of operations used in mathematics applies when evaluating expressions. The MOD operator has the same precedence as the * and / operators."
						}
					]
				},
				{
					"topic_slug": "strings",
					"name": "Strings",
					"metadata": [
						{
							"key": "learning-objective",
							"value": "AAP-2.D: Evaluate expressions that manipulate strings."
						},
						{
							"key": "essential-knowledge",
							"value": "AAP-2.D.1: String concatenation joins together two or more strings end-to-end to make a new string."
						},
						{
							"key": "essential-knowledge",
							"value": "AAP-2.D.2: A substring is part of an existing string."
						}
					]
				},
				{
					"topic_slug": "boolean-expressions",
					"name": "Boolean Expressions",
					"metadata": [
						{
							"key": "learning-objective",
							"value": "AAP-2.E: a. Write expressions using relational operators.\nb. Evaluate expressions that use relational operators."
						},
						{
							"key": "essential-knowledge",
							"value": "AAP-2.E.1: A Boolean value is either true or false."
						},
						{
							"key": "essential-knowledge",
							"value": "AAP-2.E.2: The exam reference sheet provides the following relational operators: =, ≠, >, <, ≥, and ≤."
						},
						{
							"key": "learning-objective",
							"value": "AAP-2.F: a. Write expressions using logical operators.\nb. Evaluate expressions that use logical operators."
						},
						{
							"key": "essential-knowledge",
							"value": "AAP-2.F.1: The exam reference sheet provides the logical operators NOT, AND, and OR, which evaluate to a Boolean value."
						},
						{
							"key": "essential-knowledge",
							"value": "AAP-2.F.2: The exam reference sheet provides NOT condition, which evaluates to true if condition is false; otherwise, it evaluates to false."
						},
						{
							"key": "essential-knowledge",
							"value": "AAP-2.F.3: The exam reference sheet provides condition1 AND condition2, which evaluates to true if both condition1 and condition2 are true; otherwise, it evaluates to false."
						},
						{
							"key": "essential-knowledge",
							"value": "AAP-2.F.4: The exam reference sheet provides condition1 OR condition2, which evaluates to true if condition1 is true or if condition2 is true or if both are true; otherwise, it evaluates to false."
						},
						{
							"key": "essential-knowledge",
							"value": "AAP-2.F.5: The operand for a logical operator is either a Boolean expression or a single Boolean value."
						}
					]
				},
				{
					"topic_slug": "conditionals",
					"name": "Conditionals",
					"metadata": [
						{
							"key": "learning-objective",
							"value": "AAP-2.G: Express an algorithm that uses selection without using a programming language."
						},
						{
							"key": "essential-knowledge",
							"value": "AAP-2.G.1: Selection determines which parts of an algorithm are executed based on a condition being true or false."
						},
						{
							"key": "learning-objective",
							"value": "AAP-2.H: a. Write conditional statements.\nb. Determine the result of conditional statements."
						},
						{
							"key": "essential-knowledge",
							"value": "AAP-2.H.1: Conditional statements, or 'if-statements,' affect the sequential flow of control by executing different statements based on the value of a Boolean expression."
						},
						{
							"key": "essential-knowledge",
							"value": "AAP-2.H.2: The exam reference sheet provides IF(condition) { <block of statements> }, where the code in the block is executed if the condition evaluates to true."
						},
						{
							"key": "essential-knowledge",
							"value": "AAP-2.H.3: The exam reference sheet provides IF(condition) { <first block> } ELSE { <second block> }, where the first block is executed if the condition is true; otherwise, the second block is executed."
						}
					]
				},
				{
					"topic_slug": "nested-conditionals",
					"name": "Nested Conditionals",
					"metadata": [
						{
							"key": "learning-objective",
							"value": "AAP-2.I: a. Write nested conditional statements.\nb. Determine the result of nested conditional statements."
						},
						{
							"key": "essential-knowledge",
							"value": "AAP-2.I.1: Nested conditional statements consist of conditional statements within conditional statements."
						}
					]
				},
				{
					"topic_slug": "iteration",
					"name": "Iteration",
					"metadata": [
						{
							"key": "learning-objective",
							"value": "AAP-2.J: Express an algorithm that uses iteration without using a programming language."
						},
						{
							"key": "essential-knowledge",
							"value": "AAP-2.J.1: Iteration is a repeating portion of an algorithm. Iteration repeats a specified number of times or until a given condition is met."
						},
						{
							"key": "learning-objective",
							"value": "AAP-2.K: a. Write iteration statements.\nb. Determine the result or side effect of iteration statements."
						},
						{
							"key": "essential-knowledge",
							"value": "AAP-2.K.1: Iteration statements change the sequential flow of control by repeating a set of statements zero or more times, until a stopping condition is met."
						},
						{
							"key": "essential-knowledge",
							"value": "AAP-2.K.2: The exam reference sheet provides REPEAT n TIMES { <block of statements> }, where the block is executed n times."
						},
						{
							"key": "essential-knowledge",
							"value": "AAP-2.K.3: The exam reference sheet provides REPEAT UNTIL(condition) { <block of statements> }, where the block is repeated until the condition evaluates to true."
						},
						{
							"key": "essential-knowledge",
							"value": "AAP-2.K.4: In REPEAT UNTIL(condition) iteration, an infinite loop occurs when the ending condition will never evaluate to true."
						},
						{
							"key": "essential-knowledge",
							"value": "AAP-2.K.5: In REPEAT UNTIL(condition) iteration, if the conditional evaluates to true initially, the loop body is not executed at all."
						}
					]
				},
				{
					"topic_slug": "developing-algorithms",
					"name": "Developing Algorithms",
					"metadata": [
						{
							"key": "learning-objective",
							"value": "AAP-2.L: Compare multiple algorithms to determine if they yield the same side effect or result."
						},
						{
							"key": "essential-knowledge",
							"value": "AAP-2.L.1: Algorithms can be written in different ways and still accomplish the same tasks."
						},
						{
							"key": "essential-knowledge",
							"value": "AAP-2.L.2: Algorithms that appear similar can yield different side effects or results."
						},
						{
							"key": "essential-knowledge",
							"value": "AAP-2.L.3: Some conditional statements can be written as equivalent Boolean expressions."
						},
						{
							"key": "essential-knowledge",
							"value": "AAP-2.L.4: Some Boolean expressions can be written as equivalent conditional statements."
						},
						{
							"key": "essential-knowledge",
							"value": "AAP-2.L.5: Different algorithms can be developed or used to solve the same problem."
						},
						{
							"key": "learning-objective",
							"value": "AAP-2.M: a. Create algorithms.\nb. Combine and modify existing algorithms."
						},
						{
							"key": "essential-knowledge",
							"value": "AAP-2.M.1: Algorithms can be created from an idea, by combining existing algorithms, or by modifying existing algorithms."
						},
						{
							"key": "essential-knowledge",
							"value": "AAP-2.M.2: Knowledge of existing algorithms can help in constructing new ones."
						},
						{
							"key": "essential-knowledge",
							"value": "AAP-2.M.3: Using existing correct algorithms as building blocks for constructing another algorithm has benefits such as reducing development time, reducing testing, and simplifying the identification of errors."
						}
					]
				},
				{
					"topic_slug": "lists",
					"name": "Lists",
					"metadata": [
						{
							"key": "learning-objective",
							"value": "AAP-2.N: a. Write expressions that use list indexing and list procedures.\nb. Evaluate expressions that use list indexing and list procedures."
						},
						{
							"key": "essential-knowledge",
							"value": "AAP-2.N.1: The exam reference sheet provides basic operations on lists, including accessing elements by index, assigning values, inserting elements, appending elements, removing elements, and determining the length of a list."
						},
						{
							"key": "essential-knowledge",
							"value": "AAP-2.N.2: List procedures are implemented in accordance with the syntax rules of the programming language."
						},
						{
							"key": "learning-objective",
							"value": "AAP-2.O: a. Write iteration statements to traverse a list.\nb. Determine the result of an algorithm that includes list traversals."
						},
						{
							"key": "essential-knowledge",
							"value": "AAP-2.O.1: Traversing a list can be a complete traversal, where all elements in the list are accessed, or a partial traversal, where only a portion of elements are accessed."
						},
						{
							"key": "essential-knowledge",
							"value": "AAP-2.O.2: Iteration statements can be used to traverse a list."
						},
						{
							"key": "essential-knowledge",
							"value": "AAP-2.O.3: The exam reference sheet provides FOR EACH item IN aList { <block of statements> }, where the block is executed for each element in the list."
						},
						{
							"key": "essential-knowledge",
							"value": "AAP-2.O.4: Knowledge of existing algorithms that use iteration can help in constructing new algorithms."
						},
						{
							"key": "essential-knowledge",
							"value": "AAP-2.O.5: Linear search or sequential search algorithms check each element of a list, in order, until the desired value is found or all elements have been checked."
						}
					]
				},
				{
					"topic_slug": "binary-search",
					"name": "Binary Search",
					"metadata": [
						{
							"key": "learning-objective",
							"value": "AAP-2.P: a. Determine the number of iterations required to find a value in a data set.\nb. Explain the requirements necessary to complete a binary search."
						},
						{
							"key": "essential-knowledge",
							"value": "AAP-2.P.1: The binary search algorithm starts at the middle of a sorted data set of numbers and eliminates half of the data; this process repeats until the desired value is found or all elements have been eliminated."
						},
						{
							"key": "essential-knowledge",
							"value": "AAP-2.P.2: Data must be in sorted order to use the binary search algorithm."
						},
						{
							"key": "essential-knowledge",
							"value": "AAP-2.P.3: Binary search is often more efficient than sequential/linear search when applied to sorted data."
						}
					]
				},
				{
					"topic_slug": "calling-procedures",
					"name": "Calling Procedures",
					"metadata": [
						{
							"key": "learning-objective",
							"value": "AAP-3.A: a. Write statements to call procedures.\nb. Determine the result or effect of a procedure call."
						},
						{
							"key": "essential-knowledge",
							"value": "AAP-3.A.1: A procedure is a named group of programming instructions that may have parameters and return values."
						},
						{
							"key": "essential-knowledge",
							"value": "AAP-3.A.2: Procedures are referred to by different names, such as method or function, depending on the programming language."
						},
						{
							"key": "essential-knowledge",
							"value": "AAP-3.A.3: Parameters are input variables of a procedure. Arguments specify the values of the parameters when a procedure is called."
						},
						{
							"key": "essential-knowledge",
							"value": "AAP-3.A.4: A procedure call interrupts the sequential execution of statements, causing the program to execute the statements within the procedure before continuing."
						},
						{
							"key": "essential-knowledge",
							"value": "AAP-3.A.5: The exam reference sheet provides procName(arg1, arg2, ...), which is a way to call a procedure."
						},
						{
							"key": "essential-knowledge",
							"value": "AAP-3.A.6: The exam reference sheet provides the procedure DISPLAY(expression) to display the value of expression."
						},
						{
							"key": "essential-knowledge",
							"value": "AAP-3.A.7: The exam reference sheet provides RETURN(expression), which is used to return the flow of control to the point where the procedure was called and to return the value of expression."
						},
						{
							"key": "essential-knowledge",
							"value": "AAP-3.A.8: The exam reference sheet provides result ← procName(arg1, arg2, ...), to assign to result the value being returned by calling the procedure."
						},
						{
							"key": "essential-knowledge",
							"value": "AAP-3.A.9: The exam reference sheet provides procedure INPUT(), which accepts a value from the user and returns the input value."
						}
					]
				},
				{
					"topic_slug": "developing-procedures",
					"name": "Developing Procedures",
					"metadata": [
						{
							"key": "learning-objective",
							"value": "AAP-3.B: Explain how the use of procedural abstraction manages complexity in a program."
						},
						{
							"key": "essential-knowledge",
							"value": "AAP-3.B.1: Procedural abstraction provides a name for a process and allows a procedure to be used only knowing what it does, not how it does it."
						},
						{
							"key": "essential-knowledge",
							"value": "AAP-3.B.2: Procedural abstraction allows a solution to a large problem to be based on the solutions of smaller subproblems."
						},
						{
							"key": "essential-knowledge",
							"value": "AAP-3.B.3: The subdivision of a computer program into separate subprograms is called modularity."
						},
						{
							"key": "essential-knowledge",
							"value": "AAP-3.B.4: A procedural abstraction may extract shared features to generalize functionality instead of duplicating code."
						},
						{
							"key": "essential-knowledge",
							"value": "AAP-3.B.5: Using parameters allows procedures to be generalized, enabling the procedures to be reused with a range of input values or arguments."
						},
						{
							"key": "essential-knowledge",
							"value": "AAP-3.B.6: Using procedural abstraction helps improve code readability."
						},
						{
							"key": "essential-knowledge",
							"value": "AAP-3.B.7: Using procedural abstraction in a program allows programmers to change the internals of the procedure without needing to notify users of the change as long as what the procedure does is preserved."
						},
						{
							"key": "learning-objective",
							"value": "AAP-3.C: Develop procedural abstractions to manage complexity in a program by writing procedures."
						},
						{
							"key": "essential-knowledge",
							"value": "AAP-3.C.1: The exam reference sheet provides PROCEDURE procName(parameter1, parameter2, ...) { <block of statements> }, which is used to define a procedure that takes zero or more arguments."
						},
						{
							"key": "essential-knowledge",
							"value": "AAP-3.C.2: The exam reference sheet provides PROCEDURE procName(parameter1, parameter2, ...) { <block of statements> RETURN(expression) }, which is used to define a procedure that returns the value of expression."
						}
					]
				},
				{
					"topic_slug": "libraries",
					"name": "Libraries",
					"metadata": [
						{
							"key": "learning-objective",
							"value": "AAP-3.D: Select appropriate libraries or existing code segments to use in creating new programs."
						},
						{
							"key": "essential-knowledge",
							"value": "AAP-3.D.1: A software library contains procedures that may be used in creating new programs."
						},
						{
							"key": "essential-knowledge",
							"value": "AAP-3.D.2: Existing code segments can come from internal or external sources, such as libraries or previously written code."
						},
						{
							"key": "essential-knowledge",
							"value": "AAP-3.D.3: The use of libraries simplifies the task of creating complex programs."
						},
						{
							"key": "essential-knowledge",
							"value": "AAP-3.D.4: Application program interfaces (APIs) are specifications for how the procedures in a library behave and can be used."
						},
						{
							"key": "essential-knowledge",
							"value": "AAP-3.D.5: Documentation for an API/library is necessary in understanding the behaviors provided by the API/library and how to use them."
						}
					]
				},
				{
					"topic_slug": "random-values",
					"name": "Random Values",
					"metadata": [
						{
							"key": "learning-objective",
							"value": "AAP-3.E: a. Write expressions to generate possible values.\nb. Evaluate expressions to determine the possible results."
						},
						{
							"key": "essential-knowledge",
							"value": "AAP-3.E.1: The exam reference sheet provides RANDOM(a, b), which generates and returns a random integer from a to b, inclusive."
						},
						{
							"key": "essential-knowledge",
							"value": "AAP-3.E.2: Using random number generation in a program means each execution may produce a different result."
						}
					]
				},
				{
					"topic_slug": "simulations",
					"name": "Simulations",
					"metadata": [
						{
							"key": "learning-objective",
							"value": "AAP-3.F: a. Explain how computers can be used to represent real-world phenomena or outcomes.\nb. Compare simulations with real-world contexts."
						},
						{
							"key": "essential-knowledge",
							"value": "AAP-3.F.1: Simulations are abstractions of more complex objects or phenomena for a specific purpose."
						},
						{
							"key": "essential-knowledge",
							"value": "AAP-3.F.2: A simulation is a representation that uses varying sets of values to reflect the changing state of a phenomenon."
						},
						{
							"key": "essential-knowledge",
							"value": "AAP-3.F.3: Simulations often mimic real-world events with the purpose of drawing inferences, allowing investigation of a phenomenon without the constraints of the real world."
						},
						{
							"key": "essential-knowledge",
							"value": "AAP-3.F.4: The process of developing an abstract simulation involves removing specific details or simplifying functionality."
						},
						{
							"key": "essential-knowledge",
							"value": "AAP-3.F.5: Simulations can contain bias derived from the choices of real-world elements that were included or excluded."
						},
						{
							"key": "essential-knowledge",
							"value": "AAP-3.F.6: Simulations are most useful when real-world events are impractical for experiments."
						},
						{
							"key": "essential-knowledge",
							"value": "AAP-3.F.7: Simulations facilitate the formulation and refinement of hypotheses related to the objects or phenomena under consideration."
						},
						{
							"key": "essential-knowledge",
							"value": "AAP-3.F.8: Random number generators can be used to simulate the variability that exists in the real world."
						}
					]
				},
				{
					"topic_slug": "algorithmic-efficiency",
					"name": "Algorithmic Efficiency",
					"metadata": [
						{
							"key": "learning-objective",
							"value": "AAP-4.A: a. Explain the difference between algorithms that run in reasonable time and those that do not.\nb. Identify situations where a heuristic solution may be more appropriate."
						},
						{
							"key": "essential-knowledge",
							"value": "AAP-4.A.1: A problem is a general description of a task that can (or cannot) be solved algorithmically."
						},
						{
							"key": "essential-knowledge",
							"value": "AAP-4.A.2: A decision problem is a problem with a yes/no answer. An optimization problem is a problem with the goal of finding the 'best' solution among many."
						},
						{
							"key": "essential-knowledge",
							"value": "AAP-4.A.3: Efficiency is an estimation of the amount of computational resources used by an algorithm."
						},
						{
							"key": "essential-knowledge",
							"value": "AAP-4.A.4: An algorithm's efficiency is determined through formal or mathematical reasoning."
						},
						{
							"key": "essential-knowledge",
							"value": "AAP-4.A.5: An algorithm's efficiency can be informally measured by determining the number of times a statement or group of statements executes."
						},
						{
							"key": "essential-knowledge",
							"value": "AAP-4.A.6: Different correct algorithms for the same problem can have different efficiencies."
						},
						{
							"key": "essential-knowledge",
							"value": "AAP-4.A.7: Algorithms with a polynomial efficiency or slower are said to run in a reasonable amount of time. Algorithms with exponential or factorial efficiencies are examples of algorithms that run in an unreasonable amount of time."
						},
						{
							"key": "essential-knowledge",
							"value": "AAP-4.A.8: Some problems cannot be solved in a reasonable amount of time because there is no efficient algorithm for solving them. In these cases, approximate solutions are sought."
						},
						{
							"key": "essential-knowledge",
							"value": "AAP-4.A.9: A heuristic is an approach to a problem that produces a solution that is not guaranteed to be optimal but may be used when techniques that are guaranteed to always find an optimal solution are impractical."
						}
					]
				},
				{
					"topic_slug": "undecidable-problems",
					"name": "Undecidable Problems",
					"metadata": [
						{
							"key": "learning-objective",
							"value": "AAP-4.B: Explain the existence of undecidable problems in computer science."
						},
						{
							"key": "essential-knowledge",
							"value": "AAP-4.B.1: A decidable problem is a decision problem for which an algorithm can be written to produce a correct output for all inputs."
						},
						{
							"key": "essential-knowledge",
							"value": "AAP-4.B.2: An undecidable problem is one for which no algorithm can be constructed that is always capable of providing a correct yes-or-no answer."
						},
						{
							"key": "essential-knowledge",
							"value": "AAP-4.B.3: An undecidable problem may have some instances that have an algorithmic solution, but there is no algorithmic solution that could solve all instances of the problem."
						}
					]
				}
			]
		}
	]
}
