{
	"course_slug": "ap-computer-science-a",
	"metadata": [
		{
			"key": "grade-level",
			"value": "High School"
		},
		{
			"key": "subject",
			"value": "Computer Science"
		}
	],
	"name": "AP Computer Science A",
	"units": [
		{
			"unit_slug": "iteration",
			"name": "Iteration",
			"metadata": [
				{
					"key": "exam-weight",
					"value": "17.5-22.5%"
				},
				{
					"key": "class-periods",
					"value": "14-16"
				}
			],
			"topics": [
				{
					"topic_slug": "while-loops",
					"name": "while Loops",
					"metadata": [
						{
							"key": "learning-objective",
							"value": "CON-2.C: Represent iterative processes using a while loop."
						},
						{
							"key": "essential-knowledge",
							"value": "CON-2.C.1: Iteration statements change the flow of control by repeating a set of statements zero or more times until a condition is met."
						},
						{
							"key": "essential-knowledge",
							"value": "CON-2.C.2: In loops, the Boolean expression is evaluated before each iteration of the loop body, including the first."
						},
						{
							"key": "essential-knowledge",
							"value": "CON-2.C.3: A loop is an infinite loop when the Boolean expression always evaluates to true."
						},
						{
							"key": "essential-knowledge",
							"value": "CON-2.C.4: If the Boolean expression evaluates to false initially, the loop body is not executed at all."
						},
						{
							"key": "essential-knowledge",
							"value": "CON-2.C.5: Executing a return statement inside an iteration statement will halt the loop and exit the method or constructor."
						}
					]
				},
				{
					"topic_slug": "for-loops",
					"name": "for Loops",
					"metadata": [
						{
							"key": "learning-objective",
							"value": "CON-2.E: Represent iterative processes using a for loop."
						},
						{
							"key": "essential-knowledge",
							"value": "CON-2.E.1: There are three parts in a for loop header: the initialization, the Boolean expression, and the increment."
						},
						{
							"key": "essential-knowledge",
							"value": "CON-2.E.2: In a for loop, the initialization statement is only executed once before the first Boolean expression evaluation."
						},
						{
							"key": "essential-knowledge",
							"value": "CON-2.E.3: In each iteration of a for loop, the increment statement is executed after the entire loop body is executed and before the Boolean expression is evaluated again."
						},
						{
							"key": "essential-knowledge",
							"value": "CON-2.E.4: A for loop can be rewritten into an equivalent while loop and vice versa."
						},
						{
							"key": "essential-knowledge",
							"value": "CON-2.E.5: 'Off by one' errors occur when the iteration statement loops one time too many or one time too few."
						}
					]
				},
				{
					"topic_slug": "developing-algorithms-using-strings",
					"name": "Developing Algorithms Using Strings",
					"metadata": [
						{
							"key": "learning-objective",
							"value": "CON-2.F: For algorithms involving String objects, identify, modify, and develop standard algorithms."
						},
						{
							"key": "essential-knowledge",
							"value": "CON-2.F.1: There are standard algorithms that utilize String traversals to find if substrings have specific properties or reverse characters."
						}
					]
				},
				{
					"topic_slug": "nested-iteration",
					"name": "Nested Iteration",
					"metadata": [
						{
							"key": "learning-objective",
							"value": "CON-2.G: Represent nested iterative processes."
						},
						{
							"key": "essential-knowledge",
							"value": "CON-2.G.1: Nested iteration statements are iteration statements that appear in the body of another iteration statement."
						},
						{
							"key": "essential-knowledge",
							"value": "CON-2.G.2: When a loop is nested inside another loop, the inner loop must complete all its iterations before the outer loop can continue."
						}
					]
				},
				{
					"topic_slug": "informal-code-analysis",
					"name": "Informal Code Analysis",
					"metadata": [
						{
							"key": "learning-objective",
							"value": "CON-2.H: Compute statement execution counts and informal run-time comparison of iterative statements."
						},
						{
							"key": "essential-knowledge",
							"value": "CON-2.H.1: A statement execution count indicates the number of times a statement is executed by the program."
						}
					]
				}
			]
		}
	]
}
