{
	"course_slug": "ap-computer-science-a",
	"metadata": [
		{
			"key": "grade-level",
			"value": "High School"
		},
		{
			"key": "subject",
			"value": "Computer Science"
		}
	],
	"name": "AP Computer Science A",
	"units": [
		{
			"unit_slug": "unit-1-primitive-types",
			"metadata": [
				{
					"key": "exam-weight",
					"value": "2.5~5%"
				}
			],
			"name": "Primitive Types",
			"topics": [
				{
					"topic_slug": "why-programming-why-java",
					"metadata": [
						{
							"key": "enduring-understanding",
							"value": "Some objects or concepts are so frequently represented that programmers can draw upon existing code that has already been tested, enabling them to write solutions more quickly and with a greater degree of confidence."
						},
						{
							"key": "learning-objective",
							"value": "Call System class methods to generate output to the console."
						},
						{
							"key": "essential-knowledge",
							"value": "System.out.print and System.out.println display information on the computer monitor."
						},
						{
							"key": "essential-knowledge",
							"value": "System.out.println moves the cursor to a new line after the information has been displayed, while System.out.print does not."
						},
						{
							"key": "enduring-understanding",
							"value": "To find specific solutions to generalizable problems, programmers include variables in their code so that the same algorithm runs using different input values."
						},
						{
							"key": "learning-objective",
							"value": "Create string literals."
						},
						{
							"key": "essential-knowledge",
							"value": "A string literal is enclosed in double quotes."
						}
					],
					"name": "Why Programming? Why Java?"
				},
				{
					"topic_slug": "variables-and-data-types",
					"metadata": [
						{
							"key": "enduring-understanding",
							"value": "VAR-1: To find specific solutions to generalizable problems, programmers include variables in their code so that the same algorithm runs using different input values."
						},
						{
							"key": "learning-objective",
							"value": "VAR-1.B: Identify the most appropriate data type category for a particular specification."
						},
						{
							"key": "learning-objective",
							"value": "VAR-1.C: Declare variables of the correct types to represent primitive data."
						},
						{
							"key": "essential-knowledge",
							"value": "VAR-1.B.1: A type is a set of values (a domain) and a set of operations on them."
						},
						{
							"key": "essential-knowledge",
							"value": "VAR-1.B.2: Data types can be categorized as either primitive or reference."
						},
						{
							"key": "essential-knowledge",
							"value": "VAR-1.B.3: The primitive data types used in this course define the set of operations for numbers and Boolean values."
						},
						{
							"key": "essential-knowledge",
							"value": "VAR-1.C.1: The three primitive data types used in this course are int, double, and boolean."
						},
						{
							"key": "essential-knowledge",
							"value": "VAR-1.C.2: Each variable has associated memory that is used to hold its value."
						},
						{
							"key": "essential-knowledge",
							"value": "VAR-1.C.3: The memory associated with a variable of a primitive type holds an actual primitive value."
						},
						{
							"key": "essential-knowledge",
							"value": "VAR-1.C.4: When a variable is declared final, its value cannot be changed once it is initialized."
						}
					],
					"name": "Variables and Data Types"
				},
				{
					"topic_slug": "expressions-and-assignment-statements",
					"metadata": [
						{
							"key": "enduring-understanding",
							"value": "The way variables and operators are sequenced and combined in an expression determines the computed result."
						},
						{
							"key": "learning-objective",
							"value": "Evaluate arithmetic expressions in a program code."
						},
						{
							"key": "learning-objective",
							"value": "Evaluate what is stored in a variable as a result of an expression with an assignment statement."
						},
						{
							"key": "essential-knowledge",
							"value": "A literal is the source code representation of a fixed value."
						},
						{
							"key": "essential-knowledge",
							"value": "Arithmetic expressions include expressions of type int and double."
						},
						{
							"key": "essential-knowledge",
							"value": "The arithmetic operators consist of +, -, *, /, and %."
						},
						{
							"key": "essential-knowledge",
							"value": "An arithmetic operation that uses two int values will evaluate to an int value."
						},
						{
							"key": "essential-knowledge",
							"value": "An arithmetic operation that uses a double value will evaluate to a double value."
						},
						{
							"key": "essential-knowledge",
							"value": "Operators can be used to construct compound expressions."
						},
						{
							"key": "essential-knowledge",
							"value": "During evaluation, operands are associated with operators according to operator precedence to determine how they are grouped."
						},
						{
							"key": "essential-knowledge",
							"value": "An attempt to divide an integer by zero will result in an ArithmeticException to occur."
						},
						{
							"key": "essential-knowledge",
							"value": "The assignment operator (=) allows a program to initialize or change the value stored in a variable. The value of the expression on the right is stored in the variable on the left."
						},
						{
							"key": "essential-knowledge",
							"value": "During execution, expressions are evaluated to produce a single value."
						},
						{
							"key": "essential-knowledge",
							"value": "The value of an expression has a type based on the evaluation of the expression."
						}
					],
					"name": "Expressions and Assignment Statements"
				},
				{
					"topic_slug": "compound-assignment-operators",
					"metadata": [
						{
							"key": "enduring-understanding",
							"value": "The way variables and operators are sequenced and combined in an expression determines the computed result."
						},
						{
							"key": "learning-objective",
							"value": "Evaluate what is stored in a variable as a result of an expression with an assignment statement."
						},
						{
							"key": "essential-knowledge",
							"value": "Compound assignment operators (+=, -=, *=, /=, %=) can be used in place of the assignment operator."
						},
						{
							"key": "essential-knowledge",
							"value": "The increment operator (++) and decrement operator (--) are used to add 1 or subtract 1 from the stored value of a variable or an array element. The new value is assigned to the variable or array element."
						},
						{
							"key": "exclusion-statement",
							"value": "The use of increment and decrement operators in prefix form (i.e., ++x) and inside other expressions (i.e., arr[++x]) is outside the scope of this course and the AP Exam."
						}
					],
					"name": "Compound Assignment Operators"
				},
				{
					"topic_slug": "casting-and-ranges-of-variables",
					"metadata": [
						{
							"key": "enduring-understanding",
							"value": "The way variables and operators are sequenced and combined in an expression determines the computed result."
						},
						{
							"key": "learning-objective",
							"value": "Evaluate arithmetic expressions that use casting."
						},
						{
							"key": "essential-knowledge",
							"value": "The casting operators (int) and (double) can be used to create a temporary value converted to a different data type."
						},
						{
							"key": "essential-knowledge",
							"value": "Casting a double value to an int causes the digits to the right of the decimal point to be truncated."
						},
						{
							"key": "essential-knowledge",
							"value": "Some programming code causes int values to be automatically cast (widened) to double values."
						},
						{
							"key": "essential-knowledge",
							"value": "Values of type double can be rounded to the nearest integer by (int)(x + 0.5) or (int)(x - 0.5) for negative numbers."
						},
						{
							"key": "essential-knowledge",
							"value": "Integer values in Java are represented by values of type int, which are stored using a finite amount (4 bytes) of memory. Therefore, an int value must be in the range from Integer.MIN_VALUE to Integer.MAX_VALUE inclusive."
						},
						{
							"key": "essential-knowledge",
							"value": "If an expression would evaluate to an int value outside of the allowed range, an integer overflow occurs. This could result in an incorrect value within the allowed range."
						}
					],
					"name": "Casting and Ranges of Variables"
				}
			]
		}
	]
}
