{
	"course_slug": "ap-computer-science-principles",
	"name": "Ap Computer Science Principles",
	"metadata": [
		{
			"key": "course_description",
			"value": "AP Computer Science Principles introduces students to computing, data, algorithms, and the impact of computing."
		},
		{
			"key": "effective_date",
			"value": "Fall 2023"
		}
	],
	"units": [
		{
			"unit_slug": "impact-of-computing",
			"name": "Big Idea 5: Impact of Computing",
			"metadata": [
				{
					"key": "exam-weight",
					"value": "21-26%"
				}
			],
			"topics": [
				{
					"topic_slug": "beneficial-and-harmful-effects",
					"name": "Beneficial and Harmful Effects",
					"metadata": [
						{
							"key": "learning-objective",
							"value": "IOC-1.A: Explain how an effect of a computing innovation can be both beneficial and harmful."
						},
						{
							"key": "essential-knowledge",
							"value": "IOC-1.A.1: People create computing innovations."
						},
						{
							"key": "essential-knowledge",
							"value": "IOC-1.A.2: The way people complete tasks often changes to incorporate new computing innovations."
						},
						{
							"key": "essential-knowledge",
							"value": "IOC-1.A.3: Not every effect of a computing innovation is anticipated in advance."
						},
						{
							"key": "essential-knowledge",
							"value": "IOC-1.A.4: A single effect can be viewed as both beneficial and harmful by different people, or even by the same person."
						},
						{
							"key": "essential-knowledge",
							"value": "IOC-1.A.5: Advances in computing have generated and increased creativity in other fields, such as medicine, engineering, communications, and the arts."
						},
						{
							"key": "learning-objective",
							"value": "IOC-1.B: Explain how a computing innovation can have an impact beyond its intended purpose."
						},
						{
							"key": "essential-knowledge",
							"value": "IOC-1.B.1: Computing innovations can be used in ways that their creators had not originally intended:\n- The World Wide Web was originally intended only for rapid and easy exchange of information within the scientific community.\n- Targeted advertising is used to help businesses, but it can be misused at both individual and aggregate levels.\n- Machine learning and data mining have enabled innovation in medicine, business, and science, but information discovered in this way has also been used to discriminate against groups of individuals."
						},
						{
							"key": "essential-knowledge",
							"value": "IOC-1.B.2: Some of the ways computing innovations can be used may have a harmful impact on society, the economy, or culture."
						},
						{
							"key": "essential-knowledge",
							"value": "IOC-1.B.3: Responsible programmers try to consider the unintended ways their computing innovations can be used and the potential beneficial and harmful effects of these new uses."
						},
						{
							"key": "essential-knowledge",
							"value": "IOC-1.B.4: It is not possible for a programmer to consider all the ways a computing innovation can be used."
						},
						{
							"key": "essential-knowledge",
							"value": "IOC-1.B.5: Computing innovations have often had unintended beneficial effects by leading to advances in other fields."
						},
						{
							"key": "essential-knowledge",
							"value": "IOC-1.B.6: Rapid sharing of a program or running a program with a large number of users can result in significant impacts beyond the intended purpose or control of the programmer."
						}
					]
				},
				{
					"topic_slug": "digital-divide",
					"name": "Digital Divide",
					"metadata": [
						{
							"key": "learning-objective",
							"value": "IOC-1.C: Describe issues that contribute to the digital divide."
						},
						{
							"key": "essential-knowledge",
							"value": "IOC-1.C.1: Internet access varies between socioeconomic, geographic, and demographic characteristics, as well as between countries."
						},
						{
							"key": "essential-knowledge",
							"value": "IOC-1.C.2: The “digital divide” refers to differing access to computing devices and the Internet, based on socioeconomic, geographic, or demographic characteristics."
						},
						{
							"key": "essential-knowledge",
							"value": "IOC-1.C.3: The digital divide can affect both groups and individuals."
						},
						{
							"key": "essential-knowledge",
							"value": "IOC-1.C.4: The digital divide raises issues of equity, access, and influence, both globally and locally."
						},
						{
							"key": "essential-knowledge",
							"value": "IOC-1.C.5: The digital divide is affected by the actions of individuals, organizations, and governments."
						}
					]
				},
				{
					"topic_slug": "computing-bias",
					"name": "Computing Bias",
					"metadata": [
						{
							"key": "learning-objective",
							"value": "IOC-1.D: Explain how bias exists in computing innovations."
						},
						{
							"key": "essential-knowledge",
							"value": "IOC-1.D.1: Computing innovations can reflect existing human biases because of biases written into the algorithms or biases in the data used by the innovation."
						},
						{
							"key": "essential-knowledge",
							"value": "IOC-1.D.2: Programmers should take action to reduce bias in algorithms used for computing innovations as a way of combating existing human biases."
						},
						{
							"key": "essential-knowledge",
							"value": "IOC-1.D.3: Biases can be embedded at all levels of software development."
						}
					]
				},
				{
					"topic_slug": "crowdsourcing",
					"name": "Crowdsourcing",
					"metadata": [
						{
							"key": "learning-objective",
							"value": "IOC-1.E: Explain how people participate in problem-solving processes at scale."
						},
						{
							"key": "essential-knowledge",
							"value": "IOC-1.E.1: Widespread access to information and public data facilitates the identification of problems, development of solutions, and dissemination of results."
						},
						{
							"key": "essential-knowledge",
							"value": "IOC-1.E.2: Science has been affected by using distributed and 'citizen science' to solve scientific problems."
						},
						{
							"key": "essential-knowledge",
							"value": "IOC-1.E.3: Citizen science is scientific research conducted in whole or part by distributed individuals, many of whom may not be scientists, who contribute relevant data to research using their own computing devices."
						},
						{
							"key": "essential-knowledge",
							"value": "IOC-1.E.4: Crowdsourcing is the practice of obtaining input or information from a large number of people via the Internet."
						},
						{
							"key": "essential-knowledge",
							"value": "IOC-1.E.5: Human capabilities can be enhanced by collaboration via computing."
						},
						{
							"key": "essential-knowledge",
							"value": "IOC-1.E.6: Crowdsourcing offers new models for collaboration, such as connecting businesses or social causes with funding."
						}
					]
				},
				{
					"topic_slug": "legal-and-ethical-concerns",
					"name": "Legal and Ethical Concerns",
					"metadata": [
						{
							"key": "learning-objective",
							"value": "IOC-1.F: Explain how the use of computing can raise legal and ethical concerns."
						},
						{
							"key": "essential-knowledge",
							"value": "IOC-1.F.1: Material created on a computer is the intellectual property of the creator or an organization."
						},
						{
							"key": "essential-knowledge",
							"value": "IOC-1.F.2: Ease of access and distribution of digitized information raises intellectual property concerns regarding ownership, value, and use."
						},
						{
							"key": "essential-knowledge",
							"value": "IOC-1.F.3: Measures should be taken to safeguard intellectual property."
						},
						{
							"key": "essential-knowledge",
							"value": "IOC-1.F.4: The use of material created by someone else without permission and presented as one's own is plagiarism and may have legal consequences."
						},
						{
							"key": "essential-knowledge",
							"value": "IOC-1.F.5: Some examples of legal ways to use materials created by someone else include:\n- **Creative Commons**: A public copyright license that enables the free distribution of an otherwise copyrighted work. This is used when the content creator wants to give others the right to share, use, and build upon the work they have created.\n- **Open source**: Programs that are made freely available and may be redistributed and modified.\n- **Open access**: Online research output free of any and all restrictions on access and free of many restrictions on use, such as copyright or license restrictions."
						},
						{
							"key": "essential-knowledge",
							"value": "IOC-1.F.6: The use of material created by someone other than you should always be cited."
						},
						{
							"key": "essential-knowledge",
							"value": "IOC-1.F.7: Creative Commons, open source, and open access have enabled broad access to digital information."
						},
						{
							"key": "essential-knowledge",
							"value": "IOC-1.F.8: As with any technology or medium, using computing to harm individuals or groups of people raises legal and ethical concerns."
						},
						{
							"key": "essential-knowledge",
							"value": "IOC-1.F.9: Computing can play a role in social and political issues, which in turn often raises legal and ethical concerns."
						},
						{
							"key": "essential-knowledge",
							"value": "IOC-1.F.10: The digital divide raises ethical concerns around computing."
						},
						{
							"key": "essential-knowledge",
							"value": "IOC-1.F.11: Computing innovations can raise legal and ethical concerns. Some examples of these include:\n- The development of software that allows access to digital media downloads and streaming.\n- The development of algorithms that include bias.\n- The existence of computing devices that collect and analyze data by continuously monitoring activities."
						}
					]
				},
				{
					"topic_slug": "safe-computing",
					"name": "Safe Computing",
					"metadata": [
						{
							"key": "learning-objective",
							"value": "IOC-2.A: Describe the risks to privacy from collecting and storing personal data on a computer system."
						},
						{
							"key": "essential-knowledge",
							"value": "IOC-2.A.1: Personally identifiable information (PII) is information about an individual that identifies, links, relates, or describes them. Examples of PII include:\n- Social Security number\n- Age\n- Race\n- Phone number(s)\n- Medical information\n- Financial information\n- Biometric data"
						},
						{
							"key": "essential-knowledge",
							"value": "IOC-2.A.2: Search engines can record and maintain a history of searches made by users."
						},
						{
							"key": "essential-knowledge",
							"value": "IOC-2.A.3: Websites can record and maintain a history of individuals who have viewed their pages."
						},
						{
							"key": "essential-knowledge",
							"value": "IOC-2.A.4: Devices, websites, and networks can collect information about a user's location."
						},
						{
							"key": "essential-knowledge",
							"value": "IOC-2.A.5: Technology enables the collection, use, and exploitation of information about, by, and for individuals, groups, and institutions."
						},
						{
							"key": "essential-knowledge",
							"value": "IOC-2.A.6: Search engines can use search history to suggest websites or for targeted marketing."
						},
						{
							"key": "essential-knowledge",
							"value": "IOC-2.A.7: Disparate personal data, such as geolocation, cookies, and browsing history, can be aggregated to create knowledge about an individual."
						},
						{
							"key": "essential-knowledge",
							"value": "IOC-2.A.8: PII and other information placed online can be used to enhance a user's online experiences."
						},
						{
							"key": "essential-knowledge",
							"value": "IOC-2.A.9: PII stored online can be used to simplify making online purchases."
						},
						{
							"key": "essential-knowledge",
							"value": "IOC-2.A.10: Commercial and governmental curation of information may be exploited if privacy and other protections are ignored."
						},
						{
							"key": "essential-knowledge",
							"value": "IOC-2.A.11: Information placed online can be used in ways that were not intended and that may have a harmful impact. For example, an email message may be forwarded, tweets can be retweeted, and social media posts can be viewed by potential employers."
						},
						{
							"key": "essential-knowledge",
							"value": "IOC-2.A.12: PII can be used to stalk or steal the identity of a person or to aid in the planning of other criminal acts."
						},
						{
							"key": "essential-knowledge",
							"value": "IOC-2.A.13: Once information is placed online, it is difficult to delete."
						},
						{
							"key": "essential-knowledge",
							"value": "IOC-2.A.14: Programs can collect your location and record where you have been, how you got there, and how long you were at a given location."
						},
						{
							"key": "essential-knowledge",
							"value": "IOC-2.A.15: Information posted to social media services can be used by others. Combining information posted on social media and other sources can be used to deduce private information about you."
						},
						{
							"key": "learning-objective",
							"value": "IOC-2.B: Explain how computing resources can be protected and can be misused."
						},
						{
							"key": "essential-knowledge",
							"value": "IOC-2.B.1: Authentication measures protect devices and information from unauthorized access. Examples of authentication measures include strong passwords and multifactor authentication."
						},
						{
							"key": "essential-knowledge",
							"value": "IOC-2.B.2: A strong password is something that is easy for a user to remember but would be difficult for someone else to guess based on knowledge of that user."
						},
						{
							"key": "essential-knowledge",
							"value": "IOC-2.B.3: Multifactor authentication is a method of computer access control in which a user is only granted access after successfully presenting several separate pieces of evidence to an authentication mechanism, typically in at least two of the following categories: knowledge (something they know), possession (something they have), and inherence (something they are)."
						},
						{
							"key": "essential-knowledge",
							"value": "IOC-2.B.4: Multifactor authentication requires at least two steps to unlock protected information; each step adds a new layer of security that must be broken to gain unauthorized access."
						},
						{
							"key": "essential-knowledge",
							"value": "IOC-2.B.5: Encryption is the process of encoding data to prevent unauthorized access. Decryption is the process of decoding the data. Two common encryption approaches are:\n- **Symmetric key encryption** involves one key for both encryption and decryption.\n- **Public key encryption** pairs a public key for encryption and a private key for decryption. The sender does not need the receiver's private key to encrypt a message, but the receiver's private key is required to decrypt the message."
						},
						{
							"key": "essential-knowledge",
							"value": "IOC-2.B.6: Certificate authorities issue digital certificates that validate the ownership of encryption keys used in secure communications and are based on a trust model."
						},
						{
							"key": "essential-knowledge",
							"value": "IOC-2.B.7: Computer virus and malware scanning software can help protect a computing system against infection."
						},
						{
							"key": "essential-knowledge",
							"value": "IOC-2.B.8: A computer virus is a malicious program that can copy itself and gain access to a computer in an unauthorized way. Computer viruses often attach themselves to legitimate programs and start running independently on a computer."
						},
						{
							"key": "essential-knowledge",
							"value": "IOC-2.B.9: Malware is software intended to damage a computing system or to take partial control over its operation."
						},
						{
							"key": "essential-knowledge",
							"value": "IOC-2.B.10: All real-world systems have errors or design flaws that can be exploited to compromise them. Regular software updates help fix errors that could compromise a computing system."
						},
						{
							"key": "essential-knowledge",
							"value": "IOC-2.B.11: Users can control the permissions programs have for collecting user information. Users should review the permission settings of programs to protect their privacy."
						},
						{
							"key": "learning-objective",
							"value": "IOC-2.C: Explain how unauthorized access to computing resources is gained."
						},
						{
							"key": "essential-knowledge",
							"value": "IOC-2.C.1: Phishing is a technique that attempts to trick a user into providing personal information. That personal information can then be used to access sensitive online resources, such as bank accounts and emails."
						},
						{
							"key": "essential-knowledge",
							"value": "IOC-2.C.2: Keylogging is the use of a program to record every keystroke made by a computer user in order to gain fraudulent access to passwords and other confidential information."
						},
						{
							"key": "essential-knowledge",
							"value": "IOC-2.C.3: Data sent over public networks can be intercepted, analyzed, and modified. One way that this can happen is through a rogue access point."
						},
						{
							"key": "essential-knowledge",
							"value": "IOC-2.C.4: A rogue access point is a wireless access point that gives unauthorized access to secure networks."
						},
						{
							"key": "essential-knowledge",
							"value": "IOC-2.C.5: A malicious link can be disguised on a web page or in an email message."
						},
						{
							"key": "essential-knowledge",
							"value": "IOC-2.C.6: Unsolicited emails, attachments, links, and forms in emails can be used to compromise the security of a computing system. These can come from unknown senders or from known senders whose security has been compromised."
						},
						{
							"key": "essential-knowledge",
							"value": "IOC-2.C.7: Untrustworthy (often free) downloads from freeware or shareware sites can contain malware."
						}
					]
				}
			]
		}
	]
}
