{
	"course_slug": "ap-computer-science-a",
	"metadata": [
		{
			"key": "grade-level",
			"value": "High School"
		},
		{
			"key": "subject",
			"value": "Computer Science"
		}
	],
	"name": "AP Computer Science A",
	"units": [
		{
			"unit_slug": "arrays",
			"name": "Arrays",
			"metadata": [
				{
					"key": "exam-weight",
					"value": "10-15%"
				},
				{
					"key": "class-periods",
					"value": "6-8"
				}
			],
			"topics": [
				{
					"topic_slug": "array-creation-and-access",
					"name": "Array Creation and Access",
					"metadata": [
						{
							"key": "learning-objective",
							"value": "VAR-2.A: Represent collections of related primitive or object reference data using one-dimensional (1D) array objects."
						},
						{
							"key": "essential-knowledge",
							"value": "VAR-2.A.1: The use of array objects allows multiple related items to be represented using a single variable."
						},
						{
							"key": "essential-knowledge",
							"value": "VAR-2.A.2: The size of an array is established at the time of creation and cannot be changed."
						},
						{
							"key": "essential-knowledge",
							"value": "VAR-2.A.3: Arrays can store either primitive data or object reference data."
						},
						{
							"key": "essential-knowledge",
							"value": "VAR-2.A.4: When an array is created using the keyword new, all of its elements are initialized with specific values based on the type of elements."
						},
						{
							"key": "essential-knowledge",
							"value": "VAR-2.A.5: Initializer lists can be used to create and initialize arrays."
						},
						{
							"key": "essential-knowledge",
							"value": "VAR-2.A.6: Square brackets ([ ]) are used to access and modify an element in a 1D array using an index."
						},
						{
							"key": "essential-knowledge",
							"value": "VAR-2.A.7: The valid index values for an array are 0 through one less than the number of elements in the array. Using an index value outside of this range will result in an ArrayIndexOutOfBoundsException."
						}
					]
				},
				{
					"topic_slug": "traversing-arrays",
					"name": "Traversing Arrays",
					"metadata": [
						{
							"key": "learning-objective",
							"value": "VAR-2.B: Traverse the elements in a 1D array."
						},
						{
							"key": "essential-knowledge",
							"value": "VAR-2.B.1: Iteration statements can be used to access all the elements in an array."
						},
						{
							"key": "essential-knowledge",
							"value": "VAR-2.B.2: Traversing an array with an indexed for loop or while loop requires elements to be accessed using their indices."
						},
						{
							"key": "essential-knowledge",
							"value": "VAR-2.B.3: Since the indices for an array start at 0 and end at the number of elements - 1, 'off by one' errors are easy to make."
						}
					]
				},
				{
					"topic_slug": "enhanced-for-loop-for-arrays",
					"name": "Enhanced for Loop for Arrays",
					"metadata": [
						{
							"key": "learning-objective",
							"value": "VAR-2.C: Traverse the elements in a 1D array object using an enhanced for loop."
						},
						{
							"key": "essential-knowledge",
							"value": "VAR-2.C.1: An enhanced for loop header includes a variable, referred to as the enhanced for loop variable."
						},
						{
							"key": "essential-knowledge",
							"value": "VAR-2.C.2: For each iteration of the enhanced for loop, the enhanced for loop variable is assigned a copy of an element without using its index."
						},
						{
							"key": "essential-knowledge",
							"value": "VAR-2.C.3: Assigning a new value to the enhanced for loop variable does not change the value stored in the array."
						},
						{
							"key": "essential-knowledge",
							"value": "VAR-2.C.4: Program code written using an enhanced for loop to traverse and access elements in an array can be rewritten using an indexed for loop or a while loop."
						}
					]
				},
				{
					"topic_slug": "developing-algorithms-using-arrays",
					"name": "Developing Algorithms Using Arrays",
					"metadata": [
						{
							"key": "learning-objective",
							"value": "CON-2.I: For algorithms in the context of a particular specification that requires the use of array traversals, identify standard algorithms, modify standard algorithms, and develop an algorithm."
						},
						{
							"key": "essential-knowledge",
							"value": "CON-2.I.1: There are standard algorithms that utilize array traversals to determine a minimum or maximum value, compute a sum, average, or mode, and more."
						},
						{
							"key": "essential-knowledge",
							"value": "CON-2.I.2: There are standard array algorithms that utilize traversals to shift or rotate elements, reverse the order, and more."
						}
					]
				}
			]
		}
	]
}
