{
	"course_slug": "ap-computer-science-a",
	"metadata": [
		{
			"key": "grade-level",
			"value": "High School"
		},
		{
			"key": "subject",
			"value": "Computer Science"
		}
	],
	"name": "AP Computer Science A",
	"units": [
		{
			"unit_slug": "boolean-expressions-if-statements",
			"name": "Boolean Expressions and if Statements",
			"metadata": [
				{
					"key": "preparing-for-exam",
					"value": "Yes"
				},
				{
					"key": "computational-thinking",
					"value": "Selection and iteration work together to solve problems."
				},
				{
					"key": "big-ideas",
					"value": "Selection allows the program to decide and respond appropriately."
				},
				{
					"key": "exam-weights",
					"value": "15-17.5%"
				}
			],
			"topics": [
				{
					"topic_slug": "boolean-expressions",
					"name": "Boolean Expressions",
					"metadata": [
						{
							"key": "learning-objective",
							"value": "CON-1.E: Evaluate Boolean expressions that use relational operators in program code."
						},
						{
							"key": "essential-knowledge",
							"value": "CON-1.E.1: Primitive values and reference values can be compared using relational operators."
						},
						{
							"key": "essential-knowledge",
							"value": "CON-1.E.2: Arithmetic expression values can be compared using relational operators."
						},
						{
							"key": "essential-knowledge",
							"value": "CON-1.E.3: An expression involving relational operators evaluates to a Boolean value."
						}
					]
				},
				{
					"topic_slug": "if-statements-control-flow",
					"name": "if Statements and Control Flow",
					"metadata": [
						{
							"key": "learning-objective",
							"value": "CON-2.A: Represent branching logical processes by using conditional statements."
						},
						{
							"key": "essential-knowledge",
							"value": "CON-2.A.1: Conditional statements interrupt the sequential execution of statements."
						},
						{
							"key": "essential-knowledge",
							"value": "CON-2.A.2: if statements affect the flow of control by executing different statements based on the value of a Boolean expression."
						},
						{
							"key": "essential-knowledge",
							"value": "CON-2.A.3: A one-way selection (if statement) is written when there is a set of statements to execute under a certain condition."
						}
					]
				},
				{
					"topic_slug": "if-else-statements",
					"name": "if-else Statements",
					"metadata": [
						{
							"key": "learning-objective",
							"value": "CON-2.A: Represent branching logical processes by using conditional statements."
						},
						{
							"key": "essential-knowledge",
							"value": "CON-2.A.4: A two-way selection is written when there are two sets of statements—one to be executed when the Boolean condition is true, and another set for when the Boolean condition is false."
						},
						{
							"key": "learning-objective",
							"value": "CON-3.C: Write program code to satisfy method specifications using expressions, conditional statements, and iterative statements."
						},
						{
							"key": "essential-knowledge",
							"value": "CON-3.C.1: Use test cases to find errors or validate results."
						}
					]
				},
				{
					"topic_slug": "else-if-statements",
					"name": "else if Statements",
					"metadata": [
						{
							"key": "learning-objective",
							"value": "CON-2.A: Represent branching logical processes by using conditional statements."
						},
						{
							"key": "essential-knowledge",
							"value": "CON-2.A.5: A multi-way selection is written when there are a series of conditions with different statements for each condition."
						},
						{
							"key": "learning-objective",
							"value": "CON-3.C: Write program code to satisfy method specifications using expressions, conditional statements, and iterative statements."
						},
						{
							"key": "essential-knowledge",
							"value": "CON-3.C.1: Determine if two or more code segments yield equivalent results."
						}
					]
				},
				{
					"topic_slug": "compound-boolean-expressions",
					"name": "Compound Boolean Expressions",
					"metadata": [
						{
							"key": "learning-objective",
							"value": "CON-2.B: Represent branching logical processes by using nested conditional statements."
						},
						{
							"key": "essential-knowledge",
							"value": "CON-2.B.1: Nested if statements consist of if statements within if statements."
						},
						{
							"key": "learning-objective",
							"value": "CON-3.C: Write program code to satisfy method specifications using expressions, conditional statements, and iterative statements."
						},
						{
							"key": "essential-knowledge",
							"value": "CON-3.C.2: Determine the result or output based on statement execution order in a code segment."
						}
					]
				},
				{
					"topic_slug": "equivalent-boolean-expressions",
					"name": "Equivalent Boolean Expressions",
					"metadata": [
						{
							"key": "learning-objective",
							"value": "CON-1.G: Compare and contrast equivalent Boolean expressions."
						},
						{
							"key": "essential-knowledge",
							"value": "CON-1.G.1: De Morgan’s Laws can be applied to Boolean expressions."
						},
						{
							"key": "essential-knowledge",
							"value": "CON-1.G.2: Truth tables can be used to prove Boolean identities."
						},
						{
							"key": "essential-knowledge",
							"value": "CON-1.G.3: Equivalent Boolean expressions will evaluate to the same value in all cases."
						}
					]
				},
				{
					"topic_slug": "comparing-objects",
					"name": "Comparing Objects",
					"metadata": [
						{
							"key": "learning-objective",
							"value": "CON-1.H: Compare object references using Boolean expressions in program code."
						},
						{
							"key": "essential-knowledge",
							"value": "CON-1.H.1: Two object references are considered aliases when they both reference the same object."
						},
						{
							"key": "essential-knowledge",
							"value": "CON-1.H.2: Object reference values can be compared, using == and !=, to identify aliases."
						},
						{
							"key": "essential-knowledge",
							"value": "CON-1.H.3: A reference value can be compared with null, using == or !=, to determine if the reference actually references an object."
						}
					]
				}
			]
		}
	]
}
