{
	"course_slug": "ap-computer-science-a",
	"metadata": [
		{
			"key": "course_framework",
			"value": "The course emphasizes object-oriented programming using Java, focusing on the interaction between objects, calling methods, and understanding the structure of classes."
		}
	],
	"name": "AP Computer Science A",
	"units": [
		{
			"unit_slug": "using-objects",
			"name": "Using Objects",
			"metadata": [
				{
					"key": "exam_weight",
					"value": "5–7.5%"
				},
				{
					"key": "computational_thinking",
					"value": "Understand how objects are instantiated, manipulated, and how methods are called on objects."
				},
				{
					"key": "preparing_for_exam",
					"value": "Focus on object instantiation, method calls, and reference types."
				}
			],
			"topics": [
				{
					"topic_slug": "objects-instances-of-classes",
					"name": "Objects: Instances of Classes",
					"metadata": [
						{
							"key": "learning_objective",
							"value": "Explain the relationship between a class and an object."
						},
						{
							"key": "essential_knowledge",
							"value": "An object is a specific instance of a class with defined attributes. A class is the formal implementation or blueprint of an object."
						},
						{
							"key": "suggested_skills",
							"value": "Describe the behavior of a given segment of program code."
						}
					]
				},
				{
					"topic_slug": "creating-and-storing-objects",
					"name": "Creating and Storing Objects (Instantiation)",
					"metadata": [
						{
							"key": "enduring_understanding",
							"value": "MOD-1: Some objects or concepts are so frequently represented that programmers can draw upon existing code that has already been tested, enabling them to write solutions more quickly and with a greater degree of confidence."
						},
						{
							"key": "learning_objective",
							"value": "MOD-1.C: Identify, using its signature, the correct constructor being called."
						},
						{
							"key": "essential_knowledge",
							"value": "MOD-1.C.1: A signature consists of the constructor name and the parameter list."
						},
						{
							"key": "essential_knowledge",
							"value": "MOD-1.C.2: The parameter list, in the header of a constructor, lists the types of the values that are passed and their variable names. These are often referred to as formal parameters."
						},
						{
							"key": "essential_knowledge",
							"value": "MOD-1.C.3: A parameter is a value that is passed into a constructor. These are often referred to as actual parameters."
						},
						{
							"key": "essential_knowledge",
							"value": "MOD-1.C.4: Constructors are said to be overloaded when there are multiple constructors with the same name but different signatures."
						},
						{
							"key": "essential_knowledge",
							"value": "MOD-1.C.5: The actual parameters passed to a constructor must be compatible with the types identified in the formal parameter list."
						},
						{
							"key": "essential_knowledge",
							"value": "MOD-1.C.6: Parameters are passed using call by value. Call by value initializes the formal parameters with copies of the actual parameters."
						},
						{
							"key": "learning_objective",
							"value": "MOD-1.D: For creating objects: a. Create objects by calling constructors without parameters. b. Create objects by calling constructors with parameters."
						},
						{
							"key": "essential_knowledge",
							"value": "MOD-1.D.1: Every object is created using the new keyword followed by a call to one of the class's constructors."
						},
						{
							"key": "essential_knowledge",
							"value": "MOD-1.D.2: A class contains constructors that are invoked to create objects. They have the same name as the class."
						},
						{
							"key": "essential_knowledge",
							"value": "MOD-1.D.3: Existing classes and class libraries can be utilized as appropriate to create objects."
						},
						{
							"key": "essential_knowledge",
							"value": "MOD-1.D.4: Parameters allow values to be passed to the constructor to establish the initial state of the object."
						},
						{
							"key": "enduring_understanding",
							"value": "VAR-1: To find specific solutions to generalizable problems, programmers include variables in their code so that the same algorithm runs using different input values."
						},
						{
							"key": "learning_objective",
							"value": "VAR-1.D: Define variables of the correct types to represent reference data."
						},
						{
							"key": "essential_knowledge",
							"value": "VAR-1.D.1: The keyword null is a special value used to indicate that a reference is not associated with any object."
						},
						{
							"key": "essential_knowledge",
							"value": "VAR-1.D.2: The memory associated with a variable of a reference type holds an object reference value or, if there is no object, null. This value is the memory address of the referenced object."
						}
					]
				},
				{
					"topic_slug": "calling-a-void-method",
					"name": "Calling a Void Method",
					"metadata": [
						{
							"key": "learning_objective",
							"value": "Write code to call void methods and determine the result."
						},
						{
							"key": "essential_knowledge",
							"value": "Void methods perform actions but do not return values."
						},
						{
							"key": "essential_knowledge",
							"value": "Methods are called using the dot operator."
						},
						{
							"key": "suggested_skills",
							"value": "Determine code to interact with existing program code."
						}
					]
				},
				{
					"topic_slug": "calling-a-void-method-with-parameters",
					"name": "Calling a Void Method with Parameters",
					"metadata": [
						{
							"key": "learning_objective",
							"value": "Write code to call void methods with parameters and evaluate the results."
						},
						{
							"key": "essential_knowledge",
							"value": "Actual parameters must match the types defined in the method signature."
						},
						{
							"key": "essential_knowledge",
							"value": "Method signatures define return type, method name, and parameter list."
						},
						{
							"key": "suggested_skills",
							"value": "Write program code to call methods and determine their results."
						}
					]
				},
				{
					"topic_slug": "calling-a-non-void-method",
					"name": "Calling a Non-void Method",
					"metadata": [
						{
							"key": "learning_objective",
							"value": "Write code to call non-void methods and use their return values."
						},
						{
							"key": "essential_knowledge",
							"value": "Non-void methods return values that can be used in expressions or assigned to variables."
						},
						{
							"key": "essential_knowledge",
							"value": "Parameters in method calls must match the signature of the non-void method."
						},
						{
							"key": "suggested_skills",
							"value": "Write program code to create objects and call methods."
						}
					]
				},
				{
					"topic_slug": "string-objects-concatenation-literals-and-more",
					"name": "String Objects: Concatenation, Literals, and More",
					"metadata": [
						{
							"key": "learning_objective",
							"value": "Write expressions using string literals and the concatenation operator."
						},
						{
							"key": "essential_knowledge",
							"value": "String objects can be created using string literals or the String constructor."
						},
						{
							"key": "essential_knowledge",
							"value": "String objects are immutable; String methods do not modify the object."
						},
						{
							"key": "essential_knowledge",
							"value": "Strings can be concatenated using the + operator, resulting in a new String."
						},
						{
							"key": "essential_knowledge",
							"value": "Escape sequences such as \"\\n\", \"\\\"\", and \"\\\\\" have special meanings."
						},
						{
							"key": "suggested_skills",
							"value": "Apply the meaning of specific operators."
						}
					]
				},
				{
					"topic_slug": "string-methods",
					"name": "String Methods",
					"metadata": [
						{
							"key": "learning_objective",
							"value": "Call methods from the String class and use their return values."
						},
						{
							"key": "essential_knowledge",
							"value": "The String class includes methods like length(), charAt(), and substring() to manipulate Strings."
						},
						{
							"key": "essential_knowledge",
							"value": "The String class is part of the java.lang package, available by default."
						},
						{
							"key": "essential_knowledge",
							"value": "A String object can be concatenated with an object reference, implicitly calling toString."
						},
						{
							"key": "suggested_skills",
							"value": "Determine the result based on statement execution in code segments with method calls."
						}
					]
				},
				{
					"topic_slug": "wrapper-classes-integer-and-double",
					"name": "Wrapper Classes: Integer and Double",
					"metadata": [
						{
							"key": "learning_objective",
							"value": "For wrapper classes: a. Create Integer objects. b. Call Integer methods. c. Create Double objects. d. Call Double methods."
						},
						{
							"key": "essential_knowledge",
							"value": "The Integer class and Double class are part of the java.lang package."
						},
						{
							"key": "essential_knowledge",
							"value": "The following Integer methods and constructors—including what they do and when they are used—are part of the Java Quick Reference: \n- Integer(int value) — Constructs a new Integer object that represents the specified int value\n- Integer.MIN_VALUE — The minimum value represented by an int or Integer\n- Integer.MAX_VALUE — The maximum value represented by an int or Integer\n- int intValue() — Returns the value of this Integer as an int"
						},
						{
							"key": "essential_knowledge",
							"value": "The following Double methods and constructors—including what they do and when they are used—are part of the Java Quick Reference: \n- Double(double value) — Constructs a new Double object that represents the specified double value\n- double doubleValue() — Returns the value of this Double as a double"
						},
						{
							"key": "essential_knowledge",
							"value": "Autoboxing is the automatic conversion that the Java compiler makes between primitive types and their corresponding object wrapper classes. This includes converting an int to an Integer and a double to a Double."
						},
						{
							"key": "essential_knowledge",
							"value": "The Java compiler applies autoboxing when a primitive value is: \n- Passed as a parameter to a method that expects an object of the corresponding wrapper class. \n- Assigned to a variable of the corresponding wrapper class."
						},
						{
							"key": "essential_knowledge",
							"value": "Unboxing is the automatic conversion that the Java compiler makes from the wrapper class to the primitive type. This includes converting an Integer to an int and a Double to a double."
						},
						{
							"key": "essential_knowledge",
							"value": "The Java compiler applies unboxing when a wrapper class object is: \n- Passed as a parameter to a method that expects a value of the corresponding primitive type. \n- Assigned to a variable of the corresponding primitive type."
						},
						{
							"key": "suggested_skills",
							"value": "2.C: Determine the result or output based on the statement execution order in a code segment containing method calls."
						}
					]
				},
				{
					"topic_slug": "using-the-math-class",
					"name": "Using the Math Class",
					"metadata": [
						{
							"key": "learning_objective",
							"value": "Call static methods."
						},
						{
							"key": "essential_knowledge",
							"value": "Static methods are called using the dot operator along with the class name unless they are defined in the enclosing class."
						},
						{
							"key": "learning_objective",
							"value": "Evaluate expressions that use the Math class methods."
						},
						{
							"key": "essential_knowledge",
							"value": "The Math class is part of the java.lang package."
						},
						{
							"key": "essential_knowledge",
							"value": "The Math class contains only static methods."
						},
						{
							"key": "essential_knowledge",
							"value": "The following static Math methods—including what they do and when they are used—are part of the Java Quick Reference: \n- int abs(int x) — Returns the absolute value of an int value\n- double abs(double x) — Returns the absolute value of a double value\n- double pow(double base, double exponent) — Returns the value of the first parameter raised to the power of the second parameter\n- double sqrt(double x) — Returns the positive square root of a double value\n- double random() — Returns a double value greater than or equal to 0.0 and less than 1.0"
						},
						{
							"key": "essential_knowledge",
							"value": "The values returned from Math.random() can be manipulated to produce a random int or double in a defined range."
						},
						{
							"key": "suggested_skills",
							"value": "1.B: Determine code that would be used to complete code segments."
						}
					]
				}
			]
		}
	]
}
