{
	"course_slug": "ap-computer-science-a",
	"metadata": [
		{
			"key": "grade-level",
			"value": "High School"
		},
		{
			"key": "subject",
			"value": "Computer Science"
		}
	],
	"name": "AP Computer Science A",
	"units": [
		{
			"unit_slug": "writing-classes",
			"name": "Writing Classes",
			"metadata": [
				{
					"key": "exam-weight",
					"value": "5-7.5%"
				},
				{
					"key": "class-periods",
					"value": "12-14"
				}
			],
			"topics": [
				{
					"topic_slug": "anatomy-of-a-class",
					"name": "Anatomy of a Class",
					"metadata": [
						{
							"key": "learning-objective",
							"value": "MOD-2.A: Designate access and visibility constraints to classes, data, constructors, and methods."
						},
						{
							"key": "essential-knowledge",
							"value": "MOD-2.A.1: The keywords public and private affect the access of classes, data, constructors, and methods."
						},
						{
							"key": "essential-knowledge",
							"value": "MOD-2.A.2: The keyword private restricts access to the declaring class, while public allows access from outside classes."
						},
						{
							"key": "essential-knowledge",
							"value": "MOD-2.A.3: Classes are designated public."
						},
						{
							"key": "essential-knowledge",
							"value": "MOD-2.A.4: Instance variables are private to keep attributes internal."
						},
						{
							"key": "essential-knowledge",
							"value": "MOD-2.A.5: Constructors are designated public."
						},
						{
							"key": "essential-knowledge",
							"value": "MOD-2.A.6: Methods can be public or private depending on intended access."
						}
					]
				},
				{
					"topic_slug": "constructors",
					"name": "Constructors",
					"metadata": [
						{
							"key": "learning-objective",
							"value": "MOD-2.B: Define instance variables for attributes to be initialized through constructors."
						},
						{
							"key": "essential-knowledge",
							"value": "MOD-2.B.1: An object’s state is defined by its attributes and their values."
						},
						{
							"key": "essential-knowledge",
							"value": "MOD-2.B.2: Constructors set the initial state for all instance variables."
						},
						{
							"key": "essential-knowledge",
							"value": "MOD-2.B.3: Constructor parameters provide data to initialize instance variables."
						},
						{
							"key": "essential-knowledge",
							"value": "MOD-2.B.4: Constructors initialize an object to a valid state."
						}
					]
				},
				{
					"topic_slug": "documentation-with-comments",
					"name": "Documentation with Comments",
					"metadata": [
						{
							"key": "learning-objective",
							"value": "MOD-5.D: Describe the initial conditions that must be met for a program segment to work as intended."
						},
						{
							"key": "essential-knowledge",
							"value": "MOD-5.D.1: Program documentation includes initial conditions for proper program execution."
						}
					]
				},
				{
					"topic_slug": "accessor-methods",
					"name": "Accessor Methods",
					"metadata": [
						{
							"key": "learning-objective",
							"value": "MOD-2.C: Define accessor methods to retrieve values of instance or static variables."
						},
						{
							"key": "essential-knowledge",
							"value": "MOD-2.C.1: Accessor methods allow external code to retrieve private variables without exposing internal structure."
						}
					]
				},
				{
					"topic_slug": "mutator-methods",
					"name": "Mutator Methods",
					"metadata": [
						{
							"key": "learning-objective",
							"value": "MOD-2.E: Define mutator (modifier) methods to modify attributes."
						},
						{
							"key": "essential-knowledge",
							"value": "MOD-2.E.1: A void method modifies instance or static variables."
						},
						{
							"key": "essential-knowledge",
							"value": "MOD-2.E.2: Mutator methods do not return values and modify the object's state."
						}
					]
				},
				{
					"topic_slug": "writing-methods",
					"name": "Writing Methods",
					"metadata": [
						{
							"key": "learning-objective",
							"value": "MOD-2.D: Define behaviors of an object through non-void methods without parameters."
						},
						{
							"key": "essential-knowledge",
							"value": "MOD-2.D.1: Non-void methods return values based on parameters passed."
						}
					]
				},
				{
					"topic_slug": "static-variables-and-methods",
					"name": "Static Variables and Methods",
					"metadata": [
						{
							"key": "learning-objective",
							"value": "MOD-2.F: Define static methods and variables."
						},
						{
							"key": "essential-knowledge",
							"value": "MOD-2.F.1: Static methods belong to the class, not to any particular instance."
						},
						{
							"key": "essential-knowledge",
							"value": "MOD-2.F.2: Static variables are shared across all instances of the class."
						}
					]
				},
				{
					"topic_slug": "scope-and-access",
					"name": "Scope and Access",
					"metadata": [
						{
							"key": "learning-objective",
							"value": "MOD-2.G: Explain the scope of variables and access restrictions."
						},
						{
							"key": "essential-knowledge",
							"value": "MOD-2.G.1: The scope of a variable refers to where it is visible in the program."
						}
					]
				},
				{
					"topic_slug": "this-keyword",
					"name": "this Keyword",
					"metadata": [
						{
							"key": "learning-objective",
							"value": "MOD-2.H: Use the this keyword to refer to the current instance."
						},
						{
							"key": "essential-knowledge",
							"value": "MOD-2.H.1: The this keyword distinguishes between instance variables and local variables."
						},
						{
							"key": "essential-knowledge",
							"value": "MOD-2.H.2: The this keyword refers to the current object whose method or constructor is being invoked."
						}
					]
				},
				{
					"topic_slug": "ethical-and-social-implications",
					"name": "Ethical and Social Implications of Computing Systems",
					"metadata": [
						{
							"key": "learning-objective",
							"value": "IOC-1.A: Describe the ethical implications of software design choices."
						},
						{
							"key": "essential-knowledge",
							"value": "IOC-1.A.1: Computing systems may have unintended consequences that raise ethical concerns."
						}
					]
				}
			]
		}
	]
}
