{
	"course_slug": "ap-computer-science-a",
	"metadata": [
		{
			"key": "grade-level",
			"value": "High School"
		},
		{
			"key": "subject",
			"value": "Computer Science"
		}
	],
	"name": "AP Computer Science A",
	"units": [
		{
			"unit_slug": "2d-arrays",
			"name": "2D Arrays",
			"metadata": [
				{
					"key": "exam-weight",
					"value": "7.5-10%"
				},
				{
					"key": "class-periods",
					"value": "10-12"
				}
			],
			"topics": [
				{
					"topic_slug": "2d-arrays",
					"name": "2D Arrays",
					"metadata": [
						{
							"key": "learning-objective",
							"value": "VAR-2.F: Represent collections of related primitive or object reference data using two-dimensional (2D) array objects."
						},
						{
							"key": "essential-knowledge",
							"value": "VAR-2.F.1: 2D arrays are stored as arrays of arrays."
						},
						{
							"key": "essential-knowledge",
							"value": "VAR-2.F.2: For the purposes of the exam, when accessing the element at arr[first][second], the first index is used for rows, and the second is for columns."
						},
						{
							"key": "essential-knowledge",
							"value": "VAR-2.F.3: The initializer list used to create and initialize a 2D array consists of initializer lists that represent 1D arrays."
						},
						{
							"key": "essential-knowledge",
							"value": "VAR-2.F.4: The square brackets [row][col] are used to access and modify an element in a 2D array."
						},
						{
							"key": "essential-knowledge",
							"value": "VAR-2.F.5: 'Row-major order' refers to an ordering of 2D array elements where traversal occurs across each row, while 'column-major order' traversal occurs down each column."
						}
					]
				},
				{
					"topic_slug": "traversing-2d-arrays",
					"name": "Traversing 2D Arrays",
					"metadata": [
						{
							"key": "learning-objective",
							"value": "VAR-2.G: For 2D array objects, traverse using nested for loops and enhanced for loops."
						},
						{
							"key": "essential-knowledge",
							"value": "VAR-2.G.1: Nested iteration statements are used to traverse and access all elements in a 2D array."
						},
						{
							"key": "essential-knowledge",
							"value": "VAR-2.G.2: Nested iteration statements can be written to traverse the 2D array in 'row-major order' or 'column-major order.'"
						},
						{
							"key": "essential-knowledge",
							"value": "VAR-2.G.3: The outer loop of a nested enhanced for loop used to traverse a 2D array traverses the rows. The inner loop traverses a single row."
						}
					]
				}
			]
		}
	]
}
