{
	"course_slug": "ap-computer-science-a",
	"metadata": [
		{
			"key": "grade-level",
			"value": "High School"
		},
		{
			"key": "subject",
			"value": "Computer Science"
		}
	],
	"name": "AP Computer Science A",
	"units": [
		{
			"unit_slug": "arraylist",
			"name": "ArrayList",
			"metadata": [
				{
					"key": "exam-weight",
					"value": "2.5-7.5%"
				},
				{
					"key": "class-periods",
					"value": "10-12"
				}
			],
			"topics": [
				{
					"topic_slug": "introduction-to-arraylist",
					"name": "Introduction to ArrayList",
					"metadata": [
						{
							"key": "learning-objective",
							"value": "VAR-2.D: Represent collections of related object reference data using ArrayList objects."
						},
						{
							"key": "essential-knowledge",
							"value": "VAR-2.D.1: An ArrayList object is mutable and contains object references."
						},
						{
							"key": "essential-knowledge",
							"value": "VAR-2.D.2: The ArrayList constructor ArrayList() constructs an empty list."
						},
						{
							"key": "essential-knowledge",
							"value": "VAR-2.D.3: Java allows the generic type ArrayList<E>, where the generic type E specifies the type of the elements."
						},
						{
							"key": "essential-knowledge",
							"value": "VAR-2.D.4: When ArrayList<E> is specified, the types of the reference parameters and return type when using the methods are type E."
						},
						{
							"key": "essential-knowledge",
							"value": "VAR-2.D.5: ArrayList<E> is preferred over ArrayList because it allows the compiler to find errors that would otherwise be found at run-time."
						}
					]
				},
				{
					"topic_slug": "arraylist-methods",
					"name": "ArrayList Methods",
					"metadata": [
						{
							"key": "learning-objective",
							"value": "VAR-2.D: Represent collections of related object reference data using ArrayList objects."
						},
						{
							"key": "essential-knowledge",
							"value": "VAR-2.D.6: The ArrayList class is part of the java.util package."
						},
						{
							"key": "essential-knowledge",
							"value": "VAR-2.D.7: Methods like size(), add(), get(), set(), and remove() are used to manipulate ArrayList objects."
						}
					]
				},
				{
					"topic_slug": "traversing-arraylists",
					"name": "Traversing ArrayLists",
					"metadata": [
						{
							"key": "learning-objective",
							"value": "VAR-2.E: Traverse the elements in an ArrayList using a for or while loop."
						},
						{
							"key": "essential-knowledge",
							"value": "VAR-2.E.1: Iteration statements can be used to access all elements in an ArrayList."
						},
						{
							"key": "essential-knowledge",
							"value": "VAR-2.E.2: Deleting elements during traversal requires special techniques to avoid skipping elements."
						},
						{
							"key": "essential-knowledge",
							"value": "VAR-2.E.3: Accessing an invalid index throws an IndexOutOfBoundsException."
						},
						{
							"key": "essential-knowledge",
							"value": "VAR-2.E.4: Changing the size of an ArrayList during traversal using an enhanced for loop can result in a ConcurrentModificationException."
						}
					]
				},
				{
					"topic_slug": "developing-algorithms-using-arraylists",
					"name": "Developing Algorithms Using ArrayLists",
					"metadata": [
						{
							"key": "learning-objective",
							"value": "CON-2.J: For algorithms requiring the use of ArrayList traversals, identify, modify, and develop algorithms."
						},
						{
							"key": "essential-knowledge",
							"value": "CON-2.J.1: Standard algorithms include inserting, deleting, and using the same algorithms for arrays."
						},
						{
							"key": "essential-knowledge",
							"value": "CON-2.J.2: Some algorithms require multiple data structures to be traversed simultaneously."
						}
					]
				},
				{
					"topic_slug": "searching",
					"name": "Searching",
					"metadata": [
						{
							"key": "learning-objective",
							"value": "CON-2.K: Apply sequential/linear search algorithms to search for information in array or ArrayList objects."
						},
						{
							"key": "essential-knowledge",
							"value": "CON-2.K.1: Sequential search algorithms check each element in order until the desired value is found."
						},
						{
							"key": "essential-knowledge",
							"value": "CON-2.K.2: The search ends when the desired value is found or all elements have been checked."
						}
					]
				},
				{
					"topic_slug": "sorting",
					"name": "Sorting",
					"metadata": [
						{
							"key": "learning-objective",
							"value": "CON-2.L: Apply selection sort and insertion sort algorithms to sort elements in arrays or ArrayLists."
						},
						{
							"key": "essential-knowledge",
							"value": "CON-2.L.1: Selection sort and insertion sort are iterative sorting algorithms used to sort elements."
						}
					]
				},
				{
					"topic_slug": "ethical-issues-around-data-collection",
					"name": "Ethical Issues Around Data Collection",
					"metadata": [
						{
							"key": "learning-objective",
							"value": "IOC-1.B: Explain the risks to privacy from collecting and storing personal data on computer systems."
						},
						{
							"key": "essential-knowledge",
							"value": "IOC-1.B.1: Personal privacy is at risk when using computers, and programmers should safeguard personal information."
						},
						{
							"key": "essential-knowledge",
							"value": "IOC-1.B.2: The use of computer systems has an impact on personal security."
						}
					]
				}
			]
		}
	]
}
