{
	"course_slug": "ap-computer-science-principles",
	"name": "Ap Computer Science Principles",
	"metadata": [
		{
			"key": "course_description",
			"value": "AP Computer Science Principles introduces students to computing, data, algorithms, and the impact of computing."
		},
		{
			"key": "effective_date",
			"value": "Fall 2023"
		}
	],
	"units": [
		{
			"unit_slug": "big-idea-2-data",
			"name": "Big Idea 2: Data",
			"metadata": [
				{
					"key": "exam-weight",
					"value": "17-22%"
				}
			],
			"topics": [
				{
					"topic_slug": "binary-numbers",
					"name": "Binary Numbers",
					"metadata": [
						{
							"key": "learning-objective",
							"value": "DAT-1.A: Explain how data can be represented using bits."
						},
						{
							"key": "essential-knowledge",
							"value": "DAT-1.A.1: Data values can be stored in variables, lists of items, or standalone constants and can be passed as input to (or output from) procedures."
						},
						{
							"key": "essential-knowledge",
							"value": "DAT-1.A.2: Computing devices represent data digitally, meaning that the lowest-level components of any value are bits."
						},
						{
							"key": "essential-knowledge",
							"value": "DAT-1.A.3: Bit is shorthand for binary digit and is either 0 or 1."
						},
						{
							"key": "essential-knowledge",
							"value": "DAT-1.A.4: A byte is 8 bits."
						},
						{
							"key": "essential-knowledge",
							"value": "DAT-1.A.5: Abstraction is the process of reducing complexity by focusing on the main idea."
						},
						{
							"key": "essential-knowledge",
							"value": "DAT-1.A.6: Bits are grouped to represent abstractions, including numbers, characters, and colors."
						},
						{
							"key": "essential-knowledge",
							"value": "DAT-1.A.7: The same sequence of bits may represent different types of data in different contexts."
						},
						{
							"key": "essential-knowledge",
							"value": "DAT-1.A.8: Analog data have values that change smoothly over time."
						},
						{
							"key": "essential-knowledge",
							"value": "DAT-1.A.9: The use of digital data to approximate real-world analog data is an example of abstraction."
						},
						{
							"key": "essential-knowledge",
							"value": "DAT-1.A.10: Analog data can be approximated digitally using a sampling technique."
						},
						{
							"key": "learning-objective",
							"value": "DAT-1.B: Explain how binary sequences are used to represent digital data."
						},
						{
							"key": "essential-knowledge",
							"value": "DAT-1.B.1: In many programming languages, integers are represented by a fixed number of bits, which limits the range and can cause overflow."
						},
						{
							"key": "essential-knowledge",
							"value": "DAT-1.B.2: Some programming languages provide abstractions where the size of representable integers is limited by the computer's memory."
						},
						{
							"key": "essential-knowledge",
							"value": "DAT-1.B.3: The use of fixed bits to represent real numbers can result in round-off errors."
						},
						{
							"key": "learning-objective",
							"value": "DAT-1.C: Describe how data is stored in and moved between computers and other systems."
						},
						{
							"key": "essential-knowledge",
							"value": "DAT-1.C.1: Number bases, including binary and decimal, are used to represent data."
						},
						{
							"key": "essential-knowledge",
							"value": "DAT-1.C.2: Binary uses combinations of 0 and 1 to represent data."
						},
						{
							"key": "essential-knowledge",
							"value": "DAT-1.C.3: Decimal uses combinations of digits 0-9."
						},
						{
							"key": "essential-knowledge",
							"value": "DAT-1.C.4: A digit's position in binary determines its numeric value."
						},
						{
							"key": "essential-knowledge",
							"value": "DAT-1.C.5: The place value of each position is determined by the base raised to the power of the position."
						}
					]
				},
				{
					"topic_slug": "data-compression",
					"name": "Data Compression",
					"metadata": [
						{
							"key": "learning-objective",
							"value": "DAT-1.D: Compare data compression algorithms to determine which is best in a particular context."
						},
						{
							"key": "essential-knowledge",
							"value": "DAT-1.D.1: Data compression can reduce the size (number of bits) of transmitted or stored data."
						},
						{
							"key": "essential-knowledge",
							"value": "DAT-1.D.2: Fewer bits does not necessarily mean less information."
						},
						{
							"key": "essential-knowledge",
							"value": "DAT-1.D.3: The amount of size reduction from compression depends on both the amount of redundancy in the original data representation and the compression algorithm applied."
						},
						{
							"key": "essential-knowledge",
							"value": "DAT-1.D.4: Lossless data compression algorithms can usually reduce the number of bits stored or transmitted while guaranteeing complete reconstruction of the original data."
						},
						{
							"key": "essential-knowledge",
							"value": "DAT-1.D.5: Lossy data compression algorithms can significantly reduce the number of bits stored or transmitted but only allow reconstruction of an approximation of the original data."
						},
						{
							"key": "essential-knowledge",
							"value": "DAT-1.D.6: Lossy data compression algorithms can usually reduce the number of bits stored or transmitted more than lossless compression algorithms."
						},
						{
							"key": "essential-knowledge",
							"value": "DAT-1.D.7: In situations where quality or ability to reconstruct the original is maximally important, lossless compression algorithms are typically chosen."
						},
						{
							"key": "essential-knowledge",
							"value": "DAT-1.D.8: In situations where minimizing data size or transmission time is maximally important, lossy compression algorithms are typically chosen."
						}
					]
				},
				{
					"metadata": [
						{
							"key": "LO",
							"value": "DAT-2.A: Describe what information can be extracted from data."
						},
						{
							"key": "LO",
							"value": "DAT-2.B: Describe what information can be extracted from metadata."
						},
						{
							"key": "LO",
							"value": "DAT-2.C: Identify the challenges associated with processing data."
						},
						{
							"key": "EK",
							"value": "DAT-2.A.1: Information is the collection of facts and patterns extracted from data."
						},
						{
							"key": "EK",
							"value": "DAT-2.A.2: Data provide opportunities for identifying trends, making connections, and addressing problems."
						},
						{
							"key": "EK",
							"value": "DAT-2.A.3: Digitally processed data may show correlation between variables. A correlation found in data does not necessarily indicate that a causal relationship exists."
						},
						{
							"key": "EK",
							"value": "DAT-2.A.4: Often, a single source does not contain the data needed to draw a conclusion. It may be necessary to combine data from a variety of sources to formulate a conclusion."
						},
						{
							"key": "EK",
							"value": "DAT-2.B.1: Metadata are data about data. For example, an image’s metadata may include the date of creation or the file size."
						},
						{
							"key": "EK",
							"value": "DAT-2.B.2: Changes and deletions made to metadata do not change the primary data."
						},
						{
							"key": "EK",
							"value": "DAT-2.B.3: Metadata are used for finding, organizing, and managing information."
						},
						{
							"key": "EK",
							"value": "DAT-2.B.4: Metadata can increase the effective use of data sets by providing additional information."
						},
						{
							"key": "EK",
							"value": "DAT-2.B.5: Metadata allow data to be structured and organized."
						},
						{
							"key": "EK",
							"value": "DAT-2.C.1: The ability to process data depends on the capabilities of users and their tools."
						},
						{
							"key": "EK",
							"value": "DAT-2.C.2: Data sets pose challenges, such as incomplete or invalid data."
						},
						{
							"key": "EK",
							"value": "DAT-2.C.3: Depending on how data were collected, they may not be uniform. Cleaning data is necessary."
						},
						{
							"key": "EK",
							"value": "DAT-2.C.4: Cleaning data is a process that makes the data uniform without changing their meaning."
						},
						{
							"key": "EK",
							"value": "DAT-2.C.5: Problems of bias are often created by the type or source of data being collected."
						},
						{
							"key": "EK",
							"value": "DAT-2.C.6: The size of a data set affects the amount of information that can be extracted from it."
						},
						{
							"key": "EK",
							"value": "DAT-2.C.7: Large data sets are difficult to process using a single computer and may require parallel systems."
						},
						{
							"key": "EK",
							"value": "DAT-2.C.8: Scalability of systems is important for processing large data sets."
						}
					],
					"name": "Extracting Information from Data",
					"topic_slug": "extracting-information-from-data"
				},
				{
					"metadata": [
						{
							"key": "LO",
							"value": "DAT-2.D: Extract information from data using a program."
						},
						{
							"key": "LO",
							"value": "DAT-2.E: Explain how programs can be used to gain insight and knowledge from data."
						},
						{
							"key": "EK",
							"value": "DAT-2.D.1: Programs can be used to process data to acquire information."
						},
						{
							"key": "EK",
							"value": "DAT-2.D.2: Tables, diagrams, text, and other visual tools can be used to communicate insight and knowledge gained from data."
						},
						{
							"key": "EK",
							"value": "DAT-2.D.3: Search tools are useful for efficiently finding information."
						},
						{
							"key": "EK",
							"value": "DAT-2.D.4: Data filtering systems are important tools for finding information and recognizing patterns in data."
						},
						{
							"key": "EK",
							"value": "DAT-2.D.5: Programs such as spreadsheets help efficiently organize and find trends in information."
						},
						{
							"key": "EK",
							"value": "DAT-2.D.6: Some processes that can be used to extract or modify information from data include transforming, filtering, combining, and visualizing."
						},
						{
							"key": "EK",
							"value": "DAT-2.E.1: Programs are used in an iterative and interactive way when processing information to allow users to gain insight and knowledge about data."
						},
						{
							"key": "EK",
							"value": "DAT-2.E.2: Programmers can use programs to filter and clean digital data, thereby gaining insight and knowledge."
						},
						{
							"key": "EK",
							"value": "DAT-2.E.3: Combining data sources, clustering data, and classifying data are parts of the process of using programs to gain insight and knowledge."
						},
						{
							"key": "EK",
							"value": "DAT-2.E.4: Insight and knowledge can be obtained from translating and transforming digitally represented information."
						},
						{
							"key": "EK",
							"value": "DAT-2.E.5: Patterns can emerge when data are transformed using programs."
						}
					],
					"name": "Using Programs with Data",
					"topic_slug": "using-programs-with-data"
				}
			]
		}
	]
}
